ISO-10303-21;
HEADER;
/* Generated by software containing ST-Developer
 * from STEP Tools, Inc. (www.steptools.com) 
 */
/* OPTION: using custom renumber hook */

FILE_DESCRIPTION(
/* description */ ('STEP AP242 Edition 2',
'CAx-IF Rec.Pracs.---Representation and Presentation of Product Manufa
cturing Information (PMI)---4.0---2014-10-13',
'CAx-IF Rec.Pracs.---3D Tessellated Geometry---0.4---2014-09-14','2;1',
'CAx-IF Rec.Pracs.---User Defined Attributes---1.5---2016-08-15'),
/* implementation_level */ '2;1');

FILE_NAME(
/* name */ 'Part Studio 1 - plate',
/* time_stamp */ '2026-09-06T11:57:18Z',
/* author */ (''),
/* organization */ (''),
/* preprocessor_version */ 'ST-DEVELOPER v20',
/* originating_system */ 'ONSHAPE BY PTC INC, 1.220',
/* authorisation */ '  ');

FILE_SCHEMA (('AP242_MANAGED_MODEL_BASED_3D_ENGINEERING_MIM_LF { 1 0 10303 442 3 1 4 }'));
ENDSEC;

DATA;
#10=SHAPE_REPRESENTATION_RELATIONSHIP('','',#6899,#11);
#11=ADVANCED_BREP_SHAPE_REPRESENTATION('',(#6897),#12149);
#12=B_SPLINE_SURFACE_WITH_KNOTS('',3,1,((#9965,#9966),(#9967,#9968),(#9969,
#9970),(#9971,#9972)),.SURF_OF_LINEAR_EXTRUSION.,.F.,.F.,.F.,(4,4),(2,2),
(0.,1.),(0.,1.),.PIECEWISE_BEZIER_KNOTS.);
#13=B_SPLINE_SURFACE_WITH_KNOTS('',3,1,((#9980,#9981),(#9982,#9983),(#9984,
#9985),(#9986,#9987)),.SURF_OF_LINEAR_EXTRUSION.,.F.,.F.,.F.,(4,4),(2,2),
(0.,1.),(0.,1.),.PIECEWISE_BEZIER_KNOTS.);
#14=B_SPLINE_SURFACE_WITH_KNOTS('',3,1,((#9993,#9994),(#9995,#9996),(#9997,
#9998),(#9999,#10000)),.SURF_OF_LINEAR_EXTRUSION.,.F.,.F.,.F.,(4,4),(2,
2),(0.,1.),(0.,1.),.PIECEWISE_BEZIER_KNOTS.);
#15=B_SPLINE_SURFACE_WITH_KNOTS('',3,1,((#10006,#10007),(#10008,#10009),
(#10010,#10011),(#10012,#10013)),.SURF_OF_LINEAR_EXTRUSION.,.F.,.F.,.F.,
(4,4),(2,2),(0.,1.),(0.,1.),.PIECEWISE_BEZIER_KNOTS.);
#16=B_SPLINE_SURFACE_WITH_KNOTS('',3,1,((#10019,#10020),(#10021,#10022),
(#10023,#10024),(#10025,#10026)),.SURF_OF_LINEAR_EXTRUSION.,.F.,.F.,.F.,
(4,4),(2,2),(0.,1.),(0.,1.),.PIECEWISE_BEZIER_KNOTS.);
#17=B_SPLINE_SURFACE_WITH_KNOTS('',3,1,((#10032,#10033),(#10034,#10035),
(#10036,#10037),(#10038,#10039)),.SURF_OF_LINEAR_EXTRUSION.,.F.,.F.,.F.,
(4,4),(2,2),(0.,1.),(0.,1.),.PIECEWISE_BEZIER_KNOTS.);
#18=B_SPLINE_SURFACE_WITH_KNOTS('',3,1,((#10045,#10046),(#10047,#10048),
(#10049,#10050),(#10051,#10052)),.SURF_OF_LINEAR_EXTRUSION.,.F.,.F.,.F.,
(4,4),(2,2),(0.,1.),(0.,1.),.PIECEWISE_BEZIER_KNOTS.);
#19=B_SPLINE_SURFACE_WITH_KNOTS('',3,1,((#10058,#10059),(#10060,#10061),
(#10062,#10063),(#10064,#10065)),.SURF_OF_LINEAR_EXTRUSION.,.F.,.F.,.F.,
(4,4),(2,2),(0.,1.),(0.,1.),.PIECEWISE_BEZIER_KNOTS.);
#20=B_SPLINE_SURFACE_WITH_KNOTS('',3,1,((#10071,#10072),(#10073,#10074),
(#10075,#10076),(#10077,#10078)),.SURF_OF_LINEAR_EXTRUSION.,.F.,.F.,.F.,
(4,4),(2,2),(0.,1.),(0.,1.),.PIECEWISE_BEZIER_KNOTS.);
#21=B_SPLINE_SURFACE_WITH_KNOTS('',3,1,((#10088,#10089),(#10090,#10091),
(#10092,#10093),(#10094,#10095)),.SURF_OF_LINEAR_EXTRUSION.,.F.,.F.,.F.,
(4,4),(2,2),(0.,1.),(0.,1.),.PIECEWISE_BEZIER_KNOTS.);
#22=B_SPLINE_SURFACE_WITH_KNOTS('',3,1,((#10101,#10102),(#10103,#10104),
(#10105,#10106),(#10107,#10108)),.SURF_OF_LINEAR_EXTRUSION.,.F.,.F.,.F.,
(4,4),(2,2),(0.,1.),(0.,1.),.PIECEWISE_BEZIER_KNOTS.);
#23=B_SPLINE_SURFACE_WITH_KNOTS('',3,1,((#10114,#10115),(#10116,#10117),
(#10118,#10119),(#10120,#10121)),.SURF_OF_LINEAR_EXTRUSION.,.F.,.F.,.F.,
(4,4),(2,2),(0.,1.),(0.,1.),.PIECEWISE_BEZIER_KNOTS.);
#24=B_SPLINE_SURFACE_WITH_KNOTS('',3,1,((#10127,#10128),(#10129,#10130),
(#10131,#10132),(#10133,#10134)),.SURF_OF_LINEAR_EXTRUSION.,.F.,.F.,.F.,
(4,4),(2,2),(0.,1.),(0.,1.),.PIECEWISE_BEZIER_KNOTS.);
#25=B_SPLINE_SURFACE_WITH_KNOTS('',3,1,((#10140,#10141),(#10142,#10143),
(#10144,#10145),(#10146,#10147)),.SURF_OF_LINEAR_EXTRUSION.,.F.,.F.,.F.,
(4,4),(2,2),(0.,1.),(0.,1.),.PIECEWISE_BEZIER_KNOTS.);
#26=B_SPLINE_SURFACE_WITH_KNOTS('',3,1,((#10153,#10154),(#10155,#10156),
(#10157,#10158),(#10159,#10160)),.SURF_OF_LINEAR_EXTRUSION.,.F.,.F.,.F.,
(4,4),(2,2),(0.,1.),(0.,1.),.PIECEWISE_BEZIER_KNOTS.);
#27=B_SPLINE_SURFACE_WITH_KNOTS('',3,1,((#10166,#10167),(#10168,#10169),
(#10170,#10171),(#10172,#10173)),.SURF_OF_LINEAR_EXTRUSION.,.F.,.F.,.F.,
(4,4),(2,2),(0.,1.),(0.,1.),.PIECEWISE_BEZIER_KNOTS.);
#28=B_SPLINE_SURFACE_WITH_KNOTS('',3,1,((#10179,#10180),(#10181,#10182),
(#10183,#10184),(#10185,#10186)),.SURF_OF_LINEAR_EXTRUSION.,.F.,.F.,.F.,
(4,4),(2,2),(0.,1.),(0.,1.),.PIECEWISE_BEZIER_KNOTS.);
#29=B_SPLINE_SURFACE_WITH_KNOTS('',3,1,((#10192,#10193),(#10194,#10195),
(#10196,#10197),(#10198,#10199)),.SURF_OF_LINEAR_EXTRUSION.,.F.,.F.,.F.,
(4,4),(2,2),(0.,1.),(0.,1.),.PIECEWISE_BEZIER_KNOTS.);
#30=B_SPLINE_SURFACE_WITH_KNOTS('',3,1,((#10205,#10206),(#10207,#10208),
(#10209,#10210),(#10211,#10212)),.SURF_OF_LINEAR_EXTRUSION.,.F.,.F.,.F.,
(4,4),(2,2),(0.,1.),(0.,1.),.PIECEWISE_BEZIER_KNOTS.);
#31=B_SPLINE_SURFACE_WITH_KNOTS('',3,1,((#10230,#10231),(#10232,#10233),
(#10234,#10235),(#10236,#10237)),.SURF_OF_LINEAR_EXTRUSION.,.F.,.F.,.F.,
(4,4),(2,2),(0.,1.),(0.,1.),.PIECEWISE_BEZIER_KNOTS.);
#32=B_SPLINE_SURFACE_WITH_KNOTS('',3,1,((#10243,#10244),(#10245,#10246),
(#10247,#10248),(#10249,#10250)),.SURF_OF_LINEAR_EXTRUSION.,.F.,.F.,.F.,
(4,4),(2,2),(0.,1.),(0.,1.),.PIECEWISE_BEZIER_KNOTS.);
#33=B_SPLINE_SURFACE_WITH_KNOTS('',3,1,((#10255,#10256),(#10257,#10258),
(#10259,#10260),(#10261,#10262)),.SURF_OF_LINEAR_EXTRUSION.,.F.,.F.,.F.,
(4,4),(2,2),(0.,1.),(0.,1.),.PIECEWISE_BEZIER_KNOTS.);
#34=B_SPLINE_SURFACE_WITH_KNOTS('',3,1,((#10275,#10276),(#10277,#10278),
(#10279,#10280),(#10281,#10282)),.SURF_OF_LINEAR_EXTRUSION.,.F.,.F.,.F.,
(4,4),(2,2),(0.,1.),(0.,1.),.PIECEWISE_BEZIER_KNOTS.);
#35=B_SPLINE_SURFACE_WITH_KNOTS('',3,1,((#10292,#10293),(#10294,#10295),
(#10296,#10297),(#10298,#10299)),.SURF_OF_LINEAR_EXTRUSION.,.F.,.F.,.F.,
(4,4),(2,2),(0.,1.),(0.,1.),.PIECEWISE_BEZIER_KNOTS.);
#36=B_SPLINE_SURFACE_WITH_KNOTS('',3,1,((#10309,#10310),(#10311,#10312),
(#10313,#10314),(#10315,#10316)),.SURF_OF_LINEAR_EXTRUSION.,.F.,.F.,.F.,
(4,4),(2,2),(0.,1.),(0.,1.),.PIECEWISE_BEZIER_KNOTS.);
#37=B_SPLINE_SURFACE_WITH_KNOTS('',3,1,((#10326,#10327),(#10328,#10329),
(#10330,#10331),(#10332,#10333)),.SURF_OF_LINEAR_EXTRUSION.,.F.,.F.,.F.,
(4,4),(2,2),(0.,1.),(0.,1.),.PIECEWISE_BEZIER_KNOTS.);
#38=B_SPLINE_SURFACE_WITH_KNOTS('',3,1,((#10343,#10344),(#10345,#10346),
(#10347,#10348),(#10349,#10350)),.SURF_OF_LINEAR_EXTRUSION.,.F.,.F.,.F.,
(4,4),(2,2),(0.,1.),(0.,1.),.PIECEWISE_BEZIER_KNOTS.);
#39=B_SPLINE_SURFACE_WITH_KNOTS('',3,1,((#10360,#10361),(#10362,#10363),
(#10364,#10365),(#10366,#10367)),.SURF_OF_LINEAR_EXTRUSION.,.F.,.F.,.F.,
(4,4),(2,2),(0.,1.),(0.,1.),.PIECEWISE_BEZIER_KNOTS.);
#40=B_SPLINE_SURFACE_WITH_KNOTS('',3,1,((#10421,#10422),(#10423,#10424),
(#10425,#10426),(#10427,#10428)),.SURF_OF_LINEAR_EXTRUSION.,.F.,.F.,.F.,
(4,4),(2,2),(0.,1.),(0.,1.),.PIECEWISE_BEZIER_KNOTS.);
#41=B_SPLINE_SURFACE_WITH_KNOTS('',3,1,((#10434,#10435),(#10436,#10437),
(#10438,#10439),(#10440,#10441)),.SURF_OF_LINEAR_EXTRUSION.,.F.,.F.,.F.,
(4,4),(2,2),(0.,1.),(0.,1.),.PIECEWISE_BEZIER_KNOTS.);
#42=B_SPLINE_SURFACE_WITH_KNOTS('',3,1,((#10447,#10448),(#10449,#10450),
(#10451,#10452),(#10453,#10454)),.SURF_OF_LINEAR_EXTRUSION.,.F.,.F.,.F.,
(4,4),(2,2),(0.,1.),(0.,1.),.PIECEWISE_BEZIER_KNOTS.);
#43=B_SPLINE_SURFACE_WITH_KNOTS('',3,1,((#10460,#10461),(#10462,#10463),
(#10464,#10465),(#10466,#10467)),.SURF_OF_LINEAR_EXTRUSION.,.F.,.F.,.F.,
(4,4),(2,2),(0.,1.),(0.,1.),.PIECEWISE_BEZIER_KNOTS.);
#44=B_SPLINE_SURFACE_WITH_KNOTS('',3,1,((#10473,#10474),(#10475,#10476),
(#10477,#10478),(#10479,#10480)),.SURF_OF_LINEAR_EXTRUSION.,.F.,.F.,.F.,
(4,4),(2,2),(0.,1.),(0.,1.),.PIECEWISE_BEZIER_KNOTS.);
#45=B_SPLINE_SURFACE_WITH_KNOTS('',3,1,((#10486,#10487),(#10488,#10489),
(#10490,#10491),(#10492,#10493)),.SURF_OF_LINEAR_EXTRUSION.,.F.,.F.,.F.,
(4,4),(2,2),(0.,1.),(0.,1.),.PIECEWISE_BEZIER_KNOTS.);
#46=B_SPLINE_SURFACE_WITH_KNOTS('',3,1,((#10497,#10498),(#10499,#10500),
(#10501,#10502),(#10503,#10504)),.SURF_OF_LINEAR_EXTRUSION.,.F.,.F.,.F.,
(4,4),(2,2),(0.,1.),(0.,1.),.PIECEWISE_BEZIER_KNOTS.);
#47=B_SPLINE_SURFACE_WITH_KNOTS('',3,1,((#10512,#10513),(#10514,#10515),
(#10516,#10517),(#10518,#10519)),.SURF_OF_LINEAR_EXTRUSION.,.F.,.F.,.F.,
(4,4),(2,2),(0.,1.),(0.,1.),.PIECEWISE_BEZIER_KNOTS.);
#48=B_SPLINE_SURFACE_WITH_KNOTS('',3,1,((#10532,#10533),(#10534,#10535),
(#10536,#10537),(#10538,#10539)),.SURF_OF_LINEAR_EXTRUSION.,.F.,.F.,.F.,
(4,4),(2,2),(0.,1.),(0.,1.),.PIECEWISE_BEZIER_KNOTS.);
#49=B_SPLINE_SURFACE_WITH_KNOTS('',3,1,((#10549,#10550),(#10551,#10552),
(#10553,#10554),(#10555,#10556)),.SURF_OF_LINEAR_EXTRUSION.,.F.,.F.,.F.,
(4,4),(2,2),(0.,1.),(0.,1.),.PIECEWISE_BEZIER_KNOTS.);
#50=B_SPLINE_SURFACE_WITH_KNOTS('',3,1,((#10566,#10567),(#10568,#10569),
(#10570,#10571),(#10572,#10573)),.SURF_OF_LINEAR_EXTRUSION.,.F.,.F.,.F.,
(4,4),(2,2),(0.,1.),(0.,1.),.PIECEWISE_BEZIER_KNOTS.);
#51=B_SPLINE_SURFACE_WITH_KNOTS('',3,1,((#10583,#10584),(#10585,#10586),
(#10587,#10588),(#10589,#10590)),.SURF_OF_LINEAR_EXTRUSION.,.F.,.F.,.F.,
(4,4),(2,2),(0.,1.),(0.,1.),.PIECEWISE_BEZIER_KNOTS.);
#52=B_SPLINE_SURFACE_WITH_KNOTS('',3,1,((#10626,#10627),(#10628,#10629),
(#10630,#10631),(#10632,#10633)),.SURF_OF_LINEAR_EXTRUSION.,.F.,.F.,.F.,
(4,4),(2,2),(0.,1.),(0.,1.),.PIECEWISE_BEZIER_KNOTS.);
#53=B_SPLINE_SURFACE_WITH_KNOTS('',3,1,((#10639,#10640),(#10641,#10642),
(#10643,#10644),(#10645,#10646)),.SURF_OF_LINEAR_EXTRUSION.,.F.,.F.,.F.,
(4,4),(2,2),(0.,1.),(0.,1.),.PIECEWISE_BEZIER_KNOTS.);
#54=B_SPLINE_SURFACE_WITH_KNOTS('',3,1,((#10664,#10665),(#10666,#10667),
(#10668,#10669),(#10670,#10671)),.SURF_OF_LINEAR_EXTRUSION.,.F.,.F.,.F.,
(4,4),(2,2),(0.,1.),(0.,1.),.PIECEWISE_BEZIER_KNOTS.);
#55=B_SPLINE_SURFACE_WITH_KNOTS('',3,1,((#10677,#10678),(#10679,#10680),
(#10681,#10682),(#10683,#10684)),.SURF_OF_LINEAR_EXTRUSION.,.F.,.F.,.F.,
(4,4),(2,2),(0.,1.),(0.,1.),.PIECEWISE_BEZIER_KNOTS.);
#56=B_SPLINE_SURFACE_WITH_KNOTS('',3,1,((#10690,#10691),(#10692,#10693),
(#10694,#10695),(#10696,#10697)),.SURF_OF_LINEAR_EXTRUSION.,.F.,.F.,.F.,
(4,4),(2,2),(0.,1.),(0.,1.),.PIECEWISE_BEZIER_KNOTS.);
#57=B_SPLINE_SURFACE_WITH_KNOTS('',3,1,((#10711,#10712),(#10713,#10714),
(#10715,#10716),(#10717,#10718)),.SURF_OF_LINEAR_EXTRUSION.,.F.,.F.,.F.,
(4,4),(2,2),(0.,1.),(0.,1.),.PIECEWISE_BEZIER_KNOTS.);
#58=B_SPLINE_SURFACE_WITH_KNOTS('',3,1,((#10724,#10725),(#10726,#10727),
(#10728,#10729),(#10730,#10731)),.SURF_OF_LINEAR_EXTRUSION.,.F.,.F.,.F.,
(4,4),(2,2),(0.,1.),(0.,1.),.PIECEWISE_BEZIER_KNOTS.);
#59=B_SPLINE_SURFACE_WITH_KNOTS('',3,1,((#10737,#10738),(#10739,#10740),
(#10741,#10742),(#10743,#10744)),.SURF_OF_LINEAR_EXTRUSION.,.F.,.F.,.F.,
(4,4),(2,2),(0.,1.),(0.,1.),.PIECEWISE_BEZIER_KNOTS.);
#60=B_SPLINE_SURFACE_WITH_KNOTS('',3,1,((#10750,#10751),(#10752,#10753),
(#10754,#10755),(#10756,#10757)),.SURF_OF_LINEAR_EXTRUSION.,.F.,.F.,.F.,
(4,4),(2,2),(0.,1.),(0.,1.),.PIECEWISE_BEZIER_KNOTS.);
#61=B_SPLINE_SURFACE_WITH_KNOTS('',3,1,((#10763,#10764),(#10765,#10766),
(#10767,#10768),(#10769,#10770)),.SURF_OF_LINEAR_EXTRUSION.,.F.,.F.,.F.,
(4,4),(2,2),(-0.0195066287380476,1.),(0.,1.),.PIECEWISE_BEZIER_KNOTS.);
#62=B_SPLINE_SURFACE_WITH_KNOTS('',3,1,((#10776,#10777),(#10778,#10779),
(#10780,#10781),(#10782,#10783)),.SURF_OF_LINEAR_EXTRUSION.,.F.,.F.,.F.,
(4,4),(2,2),(0.,1.),(0.,1.),.PIECEWISE_BEZIER_KNOTS.);
#63=B_SPLINE_SURFACE_WITH_KNOTS('',3,1,((#10791,#10792),(#10793,#10794),
(#10795,#10796),(#10797,#10798)),.SURF_OF_LINEAR_EXTRUSION.,.F.,.F.,.F.,
(4,4),(2,2),(0.,1.),(0.,1.),.PIECEWISE_BEZIER_KNOTS.);
#64=B_SPLINE_SURFACE_WITH_KNOTS('',3,1,((#10811,#10812),(#10813,#10814),
(#10815,#10816),(#10817,#10818)),.SURF_OF_LINEAR_EXTRUSION.,.F.,.F.,.F.,
(4,4),(2,2),(0.,1.),(0.,1.),.PIECEWISE_BEZIER_KNOTS.);
#65=B_SPLINE_SURFACE_WITH_KNOTS('',3,1,((#10828,#10829),(#10830,#10831),
(#10832,#10833),(#10834,#10835)),.SURF_OF_LINEAR_EXTRUSION.,.F.,.F.,.F.,
(4,4),(2,2),(0.,1.),(0.,1.),.PIECEWISE_BEZIER_KNOTS.);
#66=B_SPLINE_SURFACE_WITH_KNOTS('',3,1,((#10845,#10846),(#10847,#10848),
(#10849,#10850),(#10851,#10852)),.SURF_OF_LINEAR_EXTRUSION.,.F.,.F.,.F.,
(4,4),(2,2),(0.,1.),(0.,1.),.PIECEWISE_BEZIER_KNOTS.);
#67=B_SPLINE_SURFACE_WITH_KNOTS('',3,1,((#10868,#10869),(#10870,#10871),
(#10872,#10873),(#10874,#10875)),.SURF_OF_LINEAR_EXTRUSION.,.F.,.F.,.F.,
(4,4),(2,2),(0.,1.),(0.,1.),.PIECEWISE_BEZIER_KNOTS.);
#68=B_SPLINE_SURFACE_WITH_KNOTS('',3,1,((#10885,#10886),(#10887,#10888),
(#10889,#10890),(#10891,#10892)),.SURF_OF_LINEAR_EXTRUSION.,.F.,.F.,.F.,
(4,4),(2,2),(0.,1.),(0.,1.),.PIECEWISE_BEZIER_KNOTS.);
#69=B_SPLINE_SURFACE_WITH_KNOTS('',3,1,((#10914,#10915),(#10916,#10917),
(#10918,#10919),(#10920,#10921)),.SURF_OF_LINEAR_EXTRUSION.,.F.,.F.,.F.,
(4,4),(2,2),(0.,1.),(0.,1.),.PIECEWISE_BEZIER_KNOTS.);
#70=B_SPLINE_SURFACE_WITH_KNOTS('',3,1,((#10927,#10928),(#10929,#10930),
(#10931,#10932),(#10933,#10934)),.SURF_OF_LINEAR_EXTRUSION.,.F.,.F.,.F.,
(4,4),(2,2),(0.,1.),(0.,1.),.PIECEWISE_BEZIER_KNOTS.);
#71=B_SPLINE_SURFACE_WITH_KNOTS('',3,1,((#10940,#10941),(#10942,#10943),
(#10944,#10945),(#10946,#10947)),.SURF_OF_LINEAR_EXTRUSION.,.F.,.F.,.F.,
(4,4),(2,2),(0.,1.),(0.,1.),.PIECEWISE_BEZIER_KNOTS.);
#72=B_SPLINE_SURFACE_WITH_KNOTS('',3,1,((#10953,#10954),(#10955,#10956),
(#10957,#10958),(#10959,#10960)),.SURF_OF_LINEAR_EXTRUSION.,.F.,.F.,.F.,
(4,4),(2,2),(0.,1.),(0.,1.),.PIECEWISE_BEZIER_KNOTS.);
#73=B_SPLINE_SURFACE_WITH_KNOTS('',3,1,((#10970,#10971),(#10972,#10973),
(#10974,#10975),(#10976,#10977)),.SURF_OF_LINEAR_EXTRUSION.,.F.,.F.,.F.,
(4,4),(2,2),(-0.0216221869194702,1.),(0.,1.),.PIECEWISE_BEZIER_KNOTS.);
#74=B_SPLINE_SURFACE_WITH_KNOTS('',3,1,((#11015,#11016),(#11017,#11018),
(#11019,#11020),(#11021,#11022)),.SURF_OF_LINEAR_EXTRUSION.,.F.,.F.,.F.,
(4,4),(2,2),(0.,1.),(0.,1.),.PIECEWISE_BEZIER_KNOTS.);
#75=B_SPLINE_SURFACE_WITH_KNOTS('',3,1,((#11030,#11031),(#11032,#11033),
(#11034,#11035),(#11036,#11037)),.SURF_OF_LINEAR_EXTRUSION.,.F.,.F.,.F.,
(4,4),(2,2),(0.,1.),(0.,1.),.PIECEWISE_BEZIER_KNOTS.);
#76=B_SPLINE_SURFACE_WITH_KNOTS('',3,1,((#11050,#11051),(#11052,#11053),
(#11054,#11055),(#11056,#11057)),.SURF_OF_LINEAR_EXTRUSION.,.F.,.F.,.F.,
(4,4),(2,2),(0.,1.),(0.,1.),.PIECEWISE_BEZIER_KNOTS.);
#77=B_SPLINE_SURFACE_WITH_KNOTS('',3,1,((#11067,#11068),(#11069,#11070),
(#11071,#11072),(#11073,#11074)),.SURF_OF_LINEAR_EXTRUSION.,.F.,.F.,.F.,
(4,4),(2,2),(0.,1.),(0.,1.),.PIECEWISE_BEZIER_KNOTS.);
#78=B_SPLINE_SURFACE_WITH_KNOTS('',3,1,((#11084,#11085),(#11086,#11087),
(#11088,#11089),(#11090,#11091)),.SURF_OF_LINEAR_EXTRUSION.,.F.,.F.,.F.,
(4,4),(2,2),(0.,1.),(0.,1.),.PIECEWISE_BEZIER_KNOTS.);
#79=B_SPLINE_SURFACE_WITH_KNOTS('',3,1,((#11101,#11102),(#11103,#11104),
(#11105,#11106),(#11107,#11108)),.SURF_OF_LINEAR_EXTRUSION.,.F.,.F.,.F.,
(4,4),(2,2),(0.,1.),(0.,1.),.PIECEWISE_BEZIER_KNOTS.);
#80=B_SPLINE_SURFACE_WITH_KNOTS('',3,1,((#11118,#11119),(#11120,#11121),
(#11122,#11123),(#11124,#11125)),.SURF_OF_LINEAR_EXTRUSION.,.F.,.F.,.F.,
(4,4),(2,2),(0.,1.),(0.,1.),.PIECEWISE_BEZIER_KNOTS.);
#81=B_SPLINE_SURFACE_WITH_KNOTS('',3,1,((#11135,#11136),(#11137,#11138),
(#11139,#11140),(#11141,#11142)),.SURF_OF_LINEAR_EXTRUSION.,.F.,.F.,.F.,
(4,4),(2,2),(0.,1.),(0.,1.),.PIECEWISE_BEZIER_KNOTS.);
#82=B_SPLINE_SURFACE_WITH_KNOTS('',3,1,((#11152,#11153),(#11154,#11155),
(#11156,#11157),(#11158,#11159)),.SURF_OF_LINEAR_EXTRUSION.,.F.,.F.,.F.,
(4,4),(2,2),(0.,1.),(0.,1.),.PIECEWISE_BEZIER_KNOTS.);
#83=B_SPLINE_SURFACE_WITH_KNOTS('',3,1,((#11167,#11168),(#11169,#11170),
(#11171,#11172),(#11173,#11174)),.SURF_OF_LINEAR_EXTRUSION.,.F.,.F.,.F.,
(4,4),(2,2),(0.,1.),(0.,1.),.PIECEWISE_BEZIER_KNOTS.);
#84=B_SPLINE_SURFACE_WITH_KNOTS('',3,1,((#11180,#11181),(#11182,#11183),
(#11184,#11185),(#11186,#11187)),.SURF_OF_LINEAR_EXTRUSION.,.F.,.F.,.F.,
(4,4),(2,2),(0.,1.),(0.,1.),.PIECEWISE_BEZIER_KNOTS.);
#85=B_SPLINE_SURFACE_WITH_KNOTS('',3,1,((#11193,#11194),(#11195,#11196),
(#11197,#11198),(#11199,#11200)),.SURF_OF_LINEAR_EXTRUSION.,.F.,.F.,.F.,
(4,4),(2,2),(0.,1.),(0.,1.),.PIECEWISE_BEZIER_KNOTS.);
#86=B_SPLINE_SURFACE_WITH_KNOTS('',3,1,((#11206,#11207),(#11208,#11209),
(#11210,#11211),(#11212,#11213)),.SURF_OF_LINEAR_EXTRUSION.,.F.,.F.,.F.,
(4,4),(2,2),(0.,1.),(0.,1.),.PIECEWISE_BEZIER_KNOTS.);
#87=B_SPLINE_SURFACE_WITH_KNOTS('',3,1,((#11219,#11220),(#11221,#11222),
(#11223,#11224),(#11225,#11226)),.SURF_OF_LINEAR_EXTRUSION.,.F.,.F.,.F.,
(4,4),(2,2),(0.,1.),(0.,1.),.PIECEWISE_BEZIER_KNOTS.);
#88=B_SPLINE_SURFACE_WITH_KNOTS('',3,1,((#11240,#11241),(#11242,#11243),
(#11244,#11245),(#11246,#11247)),.SURF_OF_LINEAR_EXTRUSION.,.F.,.F.,.F.,
(4,4),(2,2),(0.,1.),(0.,1.),.PIECEWISE_BEZIER_KNOTS.);
#89=B_SPLINE_SURFACE_WITH_KNOTS('',3,1,((#11251,#11252),(#11253,#11254),
(#11255,#11256),(#11257,#11258)),.SURF_OF_LINEAR_EXTRUSION.,.F.,.F.,.F.,
(4,4),(2,2),(0.,1.),(0.,1.),.PIECEWISE_BEZIER_KNOTS.);
#90=B_SPLINE_SURFACE_WITH_KNOTS('',3,1,((#11266,#11267),(#11268,#11269),
(#11270,#11271),(#11272,#11273)),.SURF_OF_LINEAR_EXTRUSION.,.F.,.F.,.F.,
(4,4),(2,2),(0.,1.),(0.,1.),.PIECEWISE_BEZIER_KNOTS.);
#91=B_SPLINE_SURFACE_WITH_KNOTS('',3,1,((#11286,#11287),(#11288,#11289),
(#11290,#11291),(#11292,#11293)),.SURF_OF_LINEAR_EXTRUSION.,.F.,.F.,.F.,
(4,4),(2,2),(0.,1.),(0.,1.),.PIECEWISE_BEZIER_KNOTS.);
#92=B_SPLINE_SURFACE_WITH_KNOTS('',3,1,((#11303,#11304),(#11305,#11306),
(#11307,#11308),(#11309,#11310)),.SURF_OF_LINEAR_EXTRUSION.,.F.,.F.,.F.,
(4,4),(2,2),(0.,1.),(0.,1.),.PIECEWISE_BEZIER_KNOTS.);
#93=B_SPLINE_SURFACE_WITH_KNOTS('',3,1,((#11320,#11321),(#11322,#11323),
(#11324,#11325),(#11326,#11327)),.SURF_OF_LINEAR_EXTRUSION.,.F.,.F.,.F.,
(4,4),(2,2),(0.,1.),(0.,1.),.PIECEWISE_BEZIER_KNOTS.);
#94=B_SPLINE_SURFACE_WITH_KNOTS('',3,1,((#11337,#11338),(#11339,#11340),
(#11341,#11342),(#11343,#11344)),.SURF_OF_LINEAR_EXTRUSION.,.F.,.F.,.F.,
(4,4),(2,2),(0.,1.),(0.,1.),.PIECEWISE_BEZIER_KNOTS.);
#95=B_SPLINE_SURFACE_WITH_KNOTS('',3,1,((#11380,#11381),(#11382,#11383),
(#11384,#11385),(#11386,#11387)),.SURF_OF_LINEAR_EXTRUSION.,.F.,.F.,.F.,
(4,4),(2,2),(0.,1.),(0.,1.),.PIECEWISE_BEZIER_KNOTS.);
#96=B_SPLINE_SURFACE_WITH_KNOTS('',3,1,((#11393,#11394),(#11395,#11396),
(#11397,#11398),(#11399,#11400)),.SURF_OF_LINEAR_EXTRUSION.,.F.,.F.,.F.,
(4,4),(2,2),(0.,1.),(0.,1.),.PIECEWISE_BEZIER_KNOTS.);
#97=B_SPLINE_SURFACE_WITH_KNOTS('',3,1,((#11418,#11419),(#11420,#11421),
(#11422,#11423),(#11424,#11425)),.SURF_OF_LINEAR_EXTRUSION.,.F.,.F.,.F.,
(4,4),(2,2),(0.,1.),(0.,1.),.PIECEWISE_BEZIER_KNOTS.);
#98=B_SPLINE_SURFACE_WITH_KNOTS('',3,1,((#11431,#11432),(#11433,#11434),
(#11435,#11436),(#11437,#11438)),.SURF_OF_LINEAR_EXTRUSION.,.F.,.F.,.F.,
(4,4),(2,2),(0.,1.),(0.,1.),.PIECEWISE_BEZIER_KNOTS.);
#99=B_SPLINE_SURFACE_WITH_KNOTS('',3,1,((#11444,#11445),(#11446,#11447),
(#11448,#11449),(#11450,#11451)),.SURF_OF_LINEAR_EXTRUSION.,.F.,.F.,.F.,
(4,4),(2,2),(0.,1.),(0.,1.),.PIECEWISE_BEZIER_KNOTS.);
#100=B_SPLINE_SURFACE_WITH_KNOTS('',3,1,((#11465,#11466),(#11467,#11468),
(#11469,#11470),(#11471,#11472)),.SURF_OF_LINEAR_EXTRUSION.,.F.,.F.,.F.,
(4,4),(2,2),(0.,1.),(0.,1.),.PIECEWISE_BEZIER_KNOTS.);
#101=B_SPLINE_SURFACE_WITH_KNOTS('',3,1,((#11478,#11479),(#11480,#11481),
(#11482,#11483),(#11484,#11485)),.SURF_OF_LINEAR_EXTRUSION.,.F.,.F.,.F.,
(4,4),(2,2),(0.,1.),(0.,1.),.PIECEWISE_BEZIER_KNOTS.);
#102=B_SPLINE_SURFACE_WITH_KNOTS('',3,1,((#11491,#11492),(#11493,#11494),
(#11495,#11496),(#11497,#11498)),.SURF_OF_LINEAR_EXTRUSION.,.F.,.F.,.F.,
(4,4),(2,2),(0.,1.),(0.,1.),.PIECEWISE_BEZIER_KNOTS.);
#103=B_SPLINE_SURFACE_WITH_KNOTS('',3,1,((#11504,#11505),(#11506,#11507),
(#11508,#11509),(#11510,#11511)),.SURF_OF_LINEAR_EXTRUSION.,.F.,.F.,.F.,
(4,4),(2,2),(0.,1.),(0.,1.),.PIECEWISE_BEZIER_KNOTS.);
#104=B_SPLINE_SURFACE_WITH_KNOTS('',3,1,((#11517,#11518),(#11519,#11520),
(#11521,#11522),(#11523,#11524)),.SURF_OF_LINEAR_EXTRUSION.,.F.,.F.,.F.,
(4,4),(2,2),(-0.0195066287380333,1.),(0.,1.),.PIECEWISE_BEZIER_KNOTS.);
#105=B_SPLINE_SURFACE_WITH_KNOTS('',3,1,((#11530,#11531),(#11532,#11533),
(#11534,#11535),(#11536,#11537)),.SURF_OF_LINEAR_EXTRUSION.,.F.,.F.,.F.,
(4,4),(2,2),(0.,1.),(0.,1.),.PIECEWISE_BEZIER_KNOTS.);
#106=B_SPLINE_SURFACE_WITH_KNOTS('',3,1,((#11604,#11605),(#11606,#11607),
(#11608,#11609),(#11610,#11611)),.SURF_OF_LINEAR_EXTRUSION.,.F.,.F.,.F.,
(4,4),(2,2),(0.,1.),(0.,1.),.PIECEWISE_BEZIER_KNOTS.);
#107=B_SPLINE_SURFACE_WITH_KNOTS('',3,1,((#11621,#11622),(#11623,#11624),
(#11625,#11626),(#11627,#11628)),.SURF_OF_LINEAR_EXTRUSION.,.F.,.F.,.F.,
(4,4),(2,2),(0.,1.),(0.,1.),.PIECEWISE_BEZIER_KNOTS.);
#108=B_SPLINE_SURFACE_WITH_KNOTS('',3,1,((#11658,#11659),(#11660,#11661),
(#11662,#11663),(#11664,#11665)),.SURF_OF_LINEAR_EXTRUSION.,.F.,.F.,.F.,
(4,4),(2,2),(0.,1.),(0.,1.),.PIECEWISE_BEZIER_KNOTS.);
#109=B_SPLINE_SURFACE_WITH_KNOTS('',3,1,((#11673,#11674),(#11675,#11676),
(#11677,#11678),(#11679,#11680)),.SURF_OF_LINEAR_EXTRUSION.,.F.,.F.,.F.,
(4,4),(2,2),(0.,1.),(0.,1.),.PIECEWISE_BEZIER_KNOTS.);
#110=B_SPLINE_SURFACE_WITH_KNOTS('',3,1,((#11694,#11695),(#11696,#11697),
(#11698,#11699),(#11700,#11701)),.SURF_OF_LINEAR_EXTRUSION.,.F.,.F.,.F.,
(4,4),(2,2),(0.,1.),(0.,1.),.PIECEWISE_BEZIER_KNOTS.);
#111=B_SPLINE_SURFACE_WITH_KNOTS('',3,1,((#11707,#11708),(#11709,#11710),
(#11711,#11712),(#11713,#11714)),.SURF_OF_LINEAR_EXTRUSION.,.F.,.F.,.F.,
(4,4),(2,2),(0.,1.),(0.,1.),.PIECEWISE_BEZIER_KNOTS.);
#112=B_SPLINE_SURFACE_WITH_KNOTS('',3,1,((#11771,#11772),(#11773,#11774),
(#11775,#11776),(#11777,#11778)),.SURF_OF_LINEAR_EXTRUSION.,.F.,.F.,.F.,
(4,4),(2,2),(-0.0166765737278524,1.),(0.,1.),.PIECEWISE_BEZIER_KNOTS.);
#113=B_SPLINE_SURFACE_WITH_KNOTS('',3,1,((#11806,#11807),(#11808,#11809),
(#11810,#11811),(#11812,#11813)),.SURF_OF_LINEAR_EXTRUSION.,.F.,.F.,.F.,
(4,4),(2,2),(0.,1.),(0.,1.),.PIECEWISE_BEZIER_KNOTS.);
#114=B_SPLINE_SURFACE_WITH_KNOTS('',3,1,((#11819,#11820),(#11821,#11822),
(#11823,#11824),(#11825,#11826)),.SURF_OF_LINEAR_EXTRUSION.,.F.,.F.,.F.,
(4,4),(2,2),(0.,1.),(0.,1.),.PIECEWISE_BEZIER_KNOTS.);
#115=B_SPLINE_SURFACE_WITH_KNOTS('',3,1,((#11839,#11840),(#11841,#11842),
(#11843,#11844),(#11845,#11846)),.SURF_OF_LINEAR_EXTRUSION.,.F.,.F.,.F.,
(4,4),(2,2),(0.,1.),(0.,1.),.PIECEWISE_BEZIER_KNOTS.);
#116=B_SPLINE_SURFACE_WITH_KNOTS('',3,1,((#11854,#11855),(#11856,#11857),
(#11858,#11859),(#11860,#11861)),.SURF_OF_LINEAR_EXTRUSION.,.F.,.F.,.F.,
(4,4),(2,2),(0.,1.),(0.,1.),.PIECEWISE_BEZIER_KNOTS.);
#117=B_SPLINE_SURFACE_WITH_KNOTS('',3,1,((#11875,#11876),(#11877,#11878),
(#11879,#11880),(#11881,#11882)),.SURF_OF_LINEAR_EXTRUSION.,.F.,.F.,.F.,
(4,4),(2,2),(0.,1.),(0.,1.),.PIECEWISE_BEZIER_KNOTS.);
#118=B_SPLINE_SURFACE_WITH_KNOTS('',3,1,((#11888,#11889),(#11890,#11891),
(#11892,#11893),(#11894,#11895)),.SURF_OF_LINEAR_EXTRUSION.,.F.,.F.,.F.,
(4,4),(2,2),(0.,1.),(0.,1.),.PIECEWISE_BEZIER_KNOTS.);
#119=B_SPLINE_SURFACE_WITH_KNOTS('',3,1,((#11901,#11902),(#11903,#11904),
(#11905,#11906),(#11907,#11908)),.SURF_OF_LINEAR_EXTRUSION.,.F.,.F.,.F.,
(4,4),(2,2),(0.,1.),(0.,1.),.PIECEWISE_BEZIER_KNOTS.);
#120=B_SPLINE_SURFACE_WITH_KNOTS('',3,1,((#11934,#11935),(#11936,#11937),
(#11938,#11939),(#11940,#11941)),.SURF_OF_LINEAR_EXTRUSION.,.F.,.F.,.F.,
(4,4),(2,2),(0.,1.),(0.,1.),.PIECEWISE_BEZIER_KNOTS.);
#121=B_SPLINE_SURFACE_WITH_KNOTS('',3,1,((#11947,#11948),(#11949,#11950),
(#11951,#11952),(#11953,#11954)),.SURF_OF_LINEAR_EXTRUSION.,.F.,.F.,.F.,
(4,4),(2,2),(0.,1.),(0.,1.),.PIECEWISE_BEZIER_KNOTS.);
#122=B_SPLINE_SURFACE_WITH_KNOTS('',3,1,((#11960,#11961),(#11962,#11963),
(#11964,#11965),(#11966,#11967)),.SURF_OF_LINEAR_EXTRUSION.,.F.,.F.,.F.,
(4,4),(2,2),(0.,1.),(0.,1.),.PIECEWISE_BEZIER_KNOTS.);
#123=B_SPLINE_SURFACE_WITH_KNOTS('',3,1,((#12047,#12048),(#12049,#12050),
(#12051,#12052),(#12053,#12054)),.SURF_OF_LINEAR_EXTRUSION.,.F.,.F.,.F.,
(4,4),(2,2),(0.,1.),(0.,1.),.PIECEWISE_BEZIER_KNOTS.);
#124=B_SPLINE_SURFACE_WITH_KNOTS('',3,1,((#12072,#12073),(#12074,#12075),
(#12076,#12077),(#12078,#12079)),.SURF_OF_LINEAR_EXTRUSION.,.F.,.F.,.F.,
(4,4),(2,2),(0.,1.),(0.,1.),.PIECEWISE_BEZIER_KNOTS.);
#125=B_SPLINE_SURFACE_WITH_KNOTS('',3,1,((#12085,#12086),(#12087,#12088),
(#12089,#12090),(#12091,#12092)),.SURF_OF_LINEAR_EXTRUSION.,.F.,.F.,.F.,
(4,4),(2,2),(0.,1.),(0.,1.),.PIECEWISE_BEZIER_KNOTS.);
#126=B_SPLINE_SURFACE_WITH_KNOTS('',3,1,((#12106,#12107),(#12108,#12109),
(#12110,#12111),(#12112,#12113)),.SURF_OF_LINEAR_EXTRUSION.,.F.,.F.,.F.,
(4,4),(2,2),(0.,1.),(0.,1.),.PIECEWISE_BEZIER_KNOTS.);
#127=B_SPLINE_SURFACE_WITH_KNOTS('',3,1,((#12127,#12128),(#12129,#12130),
(#12131,#12132),(#12133,#12134)),.SURF_OF_LINEAR_EXTRUSION.,.F.,.F.,.F.,
(4,4),(2,2),(0.,1.),(0.,1.),.PIECEWISE_BEZIER_KNOTS.);
#128=(
BOUNDED_SURFACE()
B_SPLINE_SURFACE(3,2,((#9942,#9943,#9944),(#9945,#9946,#9947),(#9948,#9949,
#9950),(#9951,#9952,#9953),(#9954,#9955,#9956),(#9957,#9958,#9959),(#9960,
#9961,#9962)),.UNSPECIFIED.,.F.,.F.,.F.)
B_SPLINE_SURFACE_WITH_KNOTS((4,1,1,1,4),(3,3),(1.5707963267949,1.96349540849362,
2.35619449019234,2.74889357189107,3.14159265358979),(0.,1.),
 .UNSPECIFIED.)
GEOMETRIC_REPRESENTATION_ITEM()
RATIONAL_B_SPLINE_SURFACE(((1.,1.,1.),(1.,0.999999999995247,1.),(1.,0.973464424251939,
1.),(1.,0.869029034412282,1.),(1.,0.746571860805566,1.),(1.,0.707106781239903,
1.),(1.,0.707106781186548,1.)))
REPRESENTATION_ITEM('')
SURFACE()
);
#129=ELLIPSE('',#7145,0.00333204141630922,0.003);
#130=ELLIPSE('',#7146,0.00333204141630922,0.003);
#131=CYLINDRICAL_SURFACE('',#7034,0.002);
#132=CYLINDRICAL_SURFACE('',#7036,0.002);
#133=CYLINDRICAL_SURFACE('',#7038,0.002);
#134=CYLINDRICAL_SURFACE('',#7040,0.002);
#135=CYLINDRICAL_SURFACE('',#7041,0.002);
#136=CYLINDRICAL_SURFACE('',#7043,0.002);
#137=CYLINDRICAL_SURFACE('',#7045,0.002);
#138=CYLINDRICAL_SURFACE('',#7047,0.002);
#139=CYLINDRICAL_SURFACE('',#7048,0.002);
#140=CYLINDRICAL_SURFACE('',#7050,0.002);
#141=CYLINDRICAL_SURFACE('',#7052,0.002);
#142=CYLINDRICAL_SURFACE('',#7054,0.002);
#143=CYLINDRICAL_SURFACE('',#7055,0.002);
#144=CYLINDRICAL_SURFACE('',#7057,0.002);
#145=CYLINDRICAL_SURFACE('',#7059,0.002);
#146=CYLINDRICAL_SURFACE('',#7061,0.002);
#147=CYLINDRICAL_SURFACE('',#7062,0.002);
#148=CYLINDRICAL_SURFACE('',#7064,0.002);
#149=CYLINDRICAL_SURFACE('',#7066,0.002);
#150=CYLINDRICAL_SURFACE('',#7068,0.002);
#151=CYLINDRICAL_SURFACE('',#7069,0.002);
#152=CYLINDRICAL_SURFACE('',#7071,0.002);
#153=CYLINDRICAL_SURFACE('',#7073,0.002);
#154=CYLINDRICAL_SURFACE('',#7075,0.002);
#155=CYLINDRICAL_SURFACE('',#7076,0.002);
#156=CYLINDRICAL_SURFACE('',#7078,0.002);
#157=CYLINDRICAL_SURFACE('',#7080,0.002);
#158=CYLINDRICAL_SURFACE('',#7082,0.002);
#159=CYLINDRICAL_SURFACE('',#7096,0.00175);
#160=CYLINDRICAL_SURFACE('',#7097,0.00175);
#161=CYLINDRICAL_SURFACE('',#7098,0.00175);
#162=CYLINDRICAL_SURFACE('',#7099,0.00175);
#163=CYLINDRICAL_SURFACE('',#7100,0.003);
#164=CYLINDRICAL_SURFACE('',#7101,0.003);
#165=CYLINDRICAL_SURFACE('',#7102,0.003);
#166=CYLINDRICAL_SURFACE('',#7103,0.003);
#167=CYLINDRICAL_SURFACE('',#7104,0.005);
#168=CYLINDRICAL_SURFACE('',#7106,0.005);
#169=CYLINDRICAL_SURFACE('',#7108,0.005);
#170=CYLINDRICAL_SURFACE('',#7109,0.005);
#171=CYLINDRICAL_SURFACE('',#7111,0.0045);
#172=CYLINDRICAL_SURFACE('',#7114,0.0045);
#173=CYLINDRICAL_SURFACE('',#7117,0.0045);
#174=CYLINDRICAL_SURFACE('',#7120,0.0045);
#175=CYLINDRICAL_SURFACE('',#7123,0.00155);
#176=CYLINDRICAL_SURFACE('',#7126,0.0045);
#177=CYLINDRICAL_SURFACE('',#7136,0.003);
#178=CYLINDRICAL_SURFACE('',#7137,0.003);
#179=CYLINDRICAL_SURFACE('',#7138,0.003);
#180=CYLINDRICAL_SURFACE('',#7139,0.003);
#181=CYLINDRICAL_SURFACE('',#7140,0.003);
#182=CYLINDRICAL_SURFACE('',#7141,0.003);
#183=CYLINDRICAL_SURFACE('',#7142,0.003);
#184=CYLINDRICAL_SURFACE('',#7143,0.003);
#185=CYLINDRICAL_SURFACE('',#7144,0.003);
#186=CYLINDRICAL_SURFACE('',#7147,0.003);
#187=CYLINDRICAL_SURFACE('',#7149,0.00400834783968159);
#188=CYLINDRICAL_SURFACE('',#7151,0.00420656460596769);
#189=CYLINDRICAL_SURFACE('',#7171,0.00183826941817757);
#190=CYLINDRICAL_SURFACE('',#7173,0.00186791957108399);
#191=CYLINDRICAL_SURFACE('',#7179,0.000609958689334298);
#192=CYLINDRICAL_SURFACE('',#7183,0.00113231081281319);
#193=CYLINDRICAL_SURFACE('',#7185,0.00108259375634912);
#194=CYLINDRICAL_SURFACE('',#7192,0.00346760515072599);
#195=CYLINDRICAL_SURFACE('',#7195,0.000872375402438743);
#196=CYLINDRICAL_SURFACE('',#7198,0.00108898602906929);
#197=CYLINDRICAL_SURFACE('',#7200,0.00117674629717533);
#198=CYLINDRICAL_SURFACE('',#7208,0.00183826941817781);
#199=CYLINDRICAL_SURFACE('',#7210,0.00186791957108401);
#200=CYLINDRICAL_SURFACE('',#7221,0.0781069136344978);
#201=CYLINDRICAL_SURFACE('',#7223,0.00301211719618542);
#202=CYLINDRICAL_SURFACE('',#7225,0.012153807094376);
#203=CYLINDRICAL_SURFACE('',#7233,0.357217995116794);
#204=CYLINDRICAL_SURFACE('',#7244,0.000374705980075662);
#205=CYLINDRICAL_SURFACE('',#7246,0.000376523921204487);
#206=CYLINDRICAL_SURFACE('',#7248,0.000380137747744854);
#207=CYLINDRICAL_SURFACE('',#7250,0.000382270832375386);
#208=CYLINDRICAL_SURFACE('',#7263,0.001533391290281);
#209=CYLINDRICAL_SURFACE('',#7265,0.000788504045597267);
#210=CYLINDRICAL_SURFACE('',#7272,0.00135339260995751);
#211=CYLINDRICAL_SURFACE('',#7277,0.00176641947699175);
#212=CYLINDRICAL_SURFACE('',#7279,0.00129589383071464);
#213=CYLINDRICAL_SURFACE('',#7281,0.00183743945877375);
#214=CYLINDRICAL_SURFACE('',#7284,0.0012656705730288);
#215=CYLINDRICAL_SURFACE('',#7286,0.00177646990230668);
#216=CYLINDRICAL_SURFACE('',#7292,0.0114830021580302);
#217=CYLINDRICAL_SURFACE('',#7304,0.00982102568083414);
#218=CYLINDRICAL_SURFACE('',#7310,0.00229619028480353);
#219=CYLINDRICAL_SURFACE('',#7313,0.00256558600755501);
#220=CYLINDRICAL_SURFACE('',#7317,0.0112787686745671);
#221=LINE('',#8816,#822);
#222=LINE('',#8819,#823);
#223=LINE('',#8843,#824);
#224=LINE('',#8845,#825);
#225=LINE('',#8859,#826);
#226=LINE('',#8873,#827);
#227=LINE('',#8891,#828);
#228=LINE('',#8937,#829);
#229=LINE('',#8966,#830);
#230=LINE('',#8969,#831);
#231=LINE('',#8971,#832);
#232=LINE('',#8979,#833);
#233=LINE('',#8980,#834);
#234=LINE('',#8983,#835);
#235=LINE('',#9009,#836);
#236=LINE('',#9011,#837);
#237=LINE('',#9013,#838);
#238=LINE('',#9015,#839);
#239=LINE('',#9017,#840);
#240=LINE('',#9019,#841);
#241=LINE('',#9021,#842);
#242=LINE('',#9022,#843);
#243=LINE('',#9053,#844);
#244=LINE('',#9057,#845);
#245=LINE('',#9059,#846);
#246=LINE('',#9061,#847);
#247=LINE('',#9063,#848);
#248=LINE('',#9064,#849);
#249=LINE('',#9067,#850);
#250=LINE('',#9091,#851);
#251=LINE('',#9093,#852);
#252=LINE('',#9107,#853);
#253=LINE('',#9121,#854);
#254=LINE('',#9122,#855);
#255=LINE('',#9125,#856);
#256=LINE('',#9127,#857);
#257=LINE('',#9135,#858);
#258=LINE('',#9137,#859);
#259=LINE('',#9139,#860);
#260=LINE('',#9140,#861);
#261=LINE('',#9143,#862);
#262=LINE('',#9145,#863);
#263=LINE('',#9147,#864);
#264=LINE('',#9153,#865);
#265=LINE('',#9161,#866);
#266=LINE('',#9163,#867);
#267=LINE('',#9164,#868);
#268=LINE('',#9167,#869);
#269=LINE('',#9169,#870);
#270=LINE('',#9171,#871);
#271=LINE('',#9196,#872);
#272=LINE('',#9199,#873);
#273=LINE('',#9201,#874);
#274=LINE('',#9203,#875);
#275=LINE('',#9204,#876);
#276=LINE('',#9207,#877);
#277=LINE('',#9209,#878);
#278=LINE('',#9211,#879);
#279=LINE('',#9212,#880);
#280=LINE('',#9225,#881);
#281=LINE('',#9237,#882);
#282=LINE('',#9239,#883);
#283=LINE('',#9241,#884);
#284=LINE('',#9243,#885);
#285=LINE('',#9269,#886);
#286=LINE('',#9289,#887);
#287=LINE('',#9290,#888);
#288=LINE('',#9293,#889);
#289=LINE('',#9295,#890);
#290=LINE('',#9297,#891);
#291=LINE('',#9299,#892);
#292=LINE('',#9301,#893);
#293=LINE('',#9305,#894);
#294=LINE('',#9307,#895);
#295=LINE('',#9309,#896);
#296=LINE('',#9313,#897);
#297=LINE('',#9315,#898);
#298=LINE('',#9317,#899);
#299=LINE('',#9319,#900);
#300=LINE('',#9320,#901);
#301=LINE('',#9323,#902);
#302=LINE('',#9325,#903);
#303=LINE('',#9331,#904);
#304=LINE('',#9339,#905);
#305=LINE('',#9341,#906);
#306=LINE('',#9353,#907);
#307=LINE('',#9361,#908);
#308=LINE('',#9365,#909);
#309=LINE('',#9374,#910);
#310=LINE('',#9380,#911);
#311=LINE('',#9389,#912);
#312=LINE('',#9398,#913);
#313=LINE('',#9402,#914);
#314=LINE('',#9413,#915);
#315=LINE('',#9417,#916);
#316=LINE('',#9426,#917);
#317=LINE('',#9430,#918);
#318=LINE('',#9434,#919);
#319=LINE('',#9438,#920);
#320=LINE('',#9442,#921);
#321=LINE('',#9446,#922);
#322=LINE('',#9450,#923);
#323=LINE('',#9454,#924);
#324=LINE('',#9458,#925);
#325=LINE('',#9462,#926);
#326=LINE('',#9466,#927);
#327=LINE('',#9470,#928);
#328=LINE('',#9474,#929);
#329=LINE('',#9478,#930);
#330=LINE('',#9482,#931);
#331=LINE('',#9486,#932);
#332=LINE('',#9490,#933);
#333=LINE('',#9494,#934);
#334=LINE('',#9498,#935);
#335=LINE('',#9502,#936);
#336=LINE('',#9506,#937);
#337=LINE('',#9510,#938);
#338=LINE('',#9514,#939);
#339=LINE('',#9518,#940);
#340=LINE('',#9522,#941);
#341=LINE('',#9526,#942);
#342=LINE('',#9530,#943);
#343=LINE('',#9534,#944);
#344=LINE('',#9538,#945);
#345=LINE('',#9542,#946);
#346=LINE('',#9546,#947);
#347=LINE('',#9550,#948);
#348=LINE('',#9554,#949);
#349=LINE('',#9558,#950);
#350=LINE('',#9564,#951);
#351=LINE('',#9569,#952);
#352=LINE('',#9573,#953);
#353=LINE('',#9577,#954);
#354=LINE('',#9583,#955);
#355=LINE('',#9587,#956);
#356=LINE('',#9591,#957);
#357=LINE('',#9595,#958);
#358=LINE('',#9599,#959);
#359=LINE('',#9603,#960);
#360=LINE('',#9607,#961);
#361=LINE('',#9611,#962);
#362=LINE('',#9615,#963);
#363=LINE('',#9619,#964);
#364=LINE('',#9623,#965);
#365=LINE('',#9627,#966);
#366=LINE('',#9631,#967);
#367=LINE('',#9635,#968);
#368=LINE('',#9639,#969);
#369=LINE('',#9643,#970);
#370=LINE('',#9647,#971);
#371=LINE('',#9651,#972);
#372=LINE('',#9655,#973);
#373=LINE('',#9659,#974);
#374=LINE('',#9663,#975);
#375=LINE('',#9667,#976);
#376=LINE('',#9671,#977);
#377=LINE('',#9675,#978);
#378=LINE('',#9679,#979);
#379=LINE('',#9683,#980);
#380=LINE('',#9687,#981);
#381=LINE('',#9691,#982);
#382=LINE('',#9697,#983);
#383=LINE('',#9698,#984);
#384=LINE('',#9700,#985);
#385=LINE('',#9702,#986);
#386=LINE('',#9704,#987);
#387=LINE('',#9706,#988);
#388=LINE('',#9708,#989);
#389=LINE('',#9710,#990);
#390=LINE('',#9712,#991);
#391=LINE('',#9713,#992);
#392=LINE('',#9715,#993);
#393=LINE('',#9717,#994);
#394=LINE('',#9719,#995);
#395=LINE('',#9721,#996);
#396=LINE('',#9723,#997);
#397=LINE('',#9725,#998);
#398=LINE('',#9727,#999);
#399=LINE('',#9728,#1000);
#400=LINE('',#9730,#1001);
#401=LINE('',#9732,#1002);
#402=LINE('',#9734,#1003);
#403=LINE('',#9736,#1004);
#404=LINE('',#9738,#1005);
#405=LINE('',#9740,#1006);
#406=LINE('',#9742,#1007);
#407=LINE('',#9743,#1008);
#408=LINE('',#9745,#1009);
#409=LINE('',#9747,#1010);
#410=LINE('',#9749,#1011);
#411=LINE('',#9751,#1012);
#412=LINE('',#9753,#1013);
#413=LINE('',#9755,#1014);
#414=LINE('',#9757,#1015);
#415=LINE('',#9758,#1016);
#416=LINE('',#9760,#1017);
#417=LINE('',#9762,#1018);
#418=LINE('',#9764,#1019);
#419=LINE('',#9766,#1020);
#420=LINE('',#9768,#1021);
#421=LINE('',#9770,#1022);
#422=LINE('',#9772,#1023);
#423=LINE('',#9773,#1024);
#424=LINE('',#9775,#1025);
#425=LINE('',#9777,#1026);
#426=LINE('',#9779,#1027);
#427=LINE('',#9781,#1028);
#428=LINE('',#9783,#1029);
#429=LINE('',#9785,#1030);
#430=LINE('',#9787,#1031);
#431=LINE('',#9788,#1032);
#432=LINE('',#9790,#1033);
#433=LINE('',#9792,#1034);
#434=LINE('',#9794,#1035);
#435=LINE('',#9796,#1036);
#436=LINE('',#9798,#1037);
#437=LINE('',#9800,#1038);
#438=LINE('',#9804,#1039);
#439=LINE('',#9806,#1040);
#440=LINE('',#9808,#1041);
#441=LINE('',#9809,#1042);
#442=LINE('',#9810,#1043);
#443=LINE('',#9811,#1044);
#444=LINE('',#9813,#1045);
#445=LINE('',#9817,#1046);
#446=LINE('',#9818,#1047);
#447=LINE('',#9819,#1048);
#448=LINE('',#9820,#1049);
#449=LINE('',#9822,#1050);
#450=LINE('',#9824,#1051);
#451=LINE('',#9826,#1052);
#452=LINE('',#9828,#1053);
#453=LINE('',#9829,#1054);
#454=LINE('',#9830,#1055);
#455=LINE('',#9838,#1056);
#456=LINE('',#9840,#1057);
#457=LINE('',#9842,#1058);
#458=LINE('',#9843,#1059);
#459=LINE('',#9844,#1060);
#460=LINE('',#9858,#1061);
#461=LINE('',#9859,#1062);
#462=LINE('',#9861,#1063);
#463=LINE('',#9865,#1064);
#464=LINE('',#9867,#1065);
#465=LINE('',#9868,#1066);
#466=LINE('',#9870,#1067);
#467=LINE('',#9874,#1068);
#468=LINE('',#9876,#1069);
#469=LINE('',#9880,#1070);
#470=LINE('',#9882,#1071);
#471=LINE('',#9884,#1072);
#472=LINE('',#9886,#1073);
#473=LINE('',#9890,#1074);
#474=LINE('',#9892,#1075);
#475=LINE('',#9894,#1076);
#476=LINE('',#9898,#1077);
#477=LINE('',#9900,#1078);
#478=LINE('',#9902,#1079);
#479=LINE('',#9906,#1080);
#480=LINE('',#9908,#1081);
#481=LINE('',#9909,#1082);
#482=LINE('',#9911,#1083);
#483=LINE('',#9915,#1084);
#484=LINE('',#9916,#1085);
#485=LINE('',#9918,#1086);
#486=LINE('',#9920,#1087);
#487=LINE('',#9924,#1088);
#488=LINE('',#9973,#1089);
#489=LINE('',#9979,#1090);
#490=LINE('',#9988,#1091);
#491=LINE('',#10001,#1092);
#492=LINE('',#10014,#1093);
#493=LINE('',#10027,#1094);
#494=LINE('',#10040,#1095);
#495=LINE('',#10053,#1096);
#496=LINE('',#10066,#1097);
#497=LINE('',#10079,#1098);
#498=LINE('',#10085,#1099);
#499=LINE('',#10087,#1100);
#500=LINE('',#10096,#1101);
#501=LINE('',#10109,#1102);
#502=LINE('',#10122,#1103);
#503=LINE('',#10135,#1104);
#504=LINE('',#10148,#1105);
#505=LINE('',#10161,#1106);
#506=LINE('',#10174,#1107);
#507=LINE('',#10187,#1108);
#508=LINE('',#10200,#1109);
#509=LINE('',#10213,#1110);
#510=LINE('',#10219,#1111);
#511=LINE('',#10223,#1112);
#512=LINE('',#10227,#1113);
#513=LINE('',#10229,#1114);
#514=LINE('',#10238,#1115);
#515=LINE('',#10268,#1116);
#516=LINE('',#10274,#1117);
#517=LINE('',#10287,#1118);
#518=LINE('',#10304,#1119);
#519=LINE('',#10321,#1120);
#520=LINE('',#10338,#1121);
#521=LINE('',#10355,#1122);
#522=LINE('',#10372,#1123);
#523=LINE('',#10378,#1124);
#524=LINE('',#10380,#1125);
#525=LINE('',#10382,#1126);
#526=LINE('',#10384,#1127);
#527=LINE('',#10386,#1128);
#528=LINE('',#10388,#1129);
#529=LINE('',#10390,#1130);
#530=LINE('',#10392,#1131);
#531=LINE('',#10394,#1132);
#532=LINE('',#10396,#1133);
#533=LINE('',#10398,#1134);
#534=LINE('',#10400,#1135);
#535=LINE('',#10402,#1136);
#536=LINE('',#10404,#1137);
#537=LINE('',#10406,#1138);
#538=LINE('',#10408,#1139);
#539=LINE('',#10410,#1140);
#540=LINE('',#10412,#1141);
#541=LINE('',#10414,#1142);
#542=LINE('',#10416,#1143);
#543=LINE('',#10418,#1144);
#544=LINE('',#10420,#1145);
#545=LINE('',#10429,#1146);
#546=LINE('',#10442,#1147);
#547=LINE('',#10455,#1148);
#548=LINE('',#10468,#1149);
#549=LINE('',#10481,#1150);
#550=LINE('',#10525,#1151);
#551=LINE('',#10531,#1152);
#552=LINE('',#10544,#1153);
#553=LINE('',#10561,#1154);
#554=LINE('',#10578,#1155);
#555=LINE('',#10595,#1156);
#556=LINE('',#10601,#1157);
#557=LINE('',#10603,#1158);
#558=LINE('',#10605,#1159);
#559=LINE('',#10607,#1160);
#560=LINE('',#10609,#1161);
#561=LINE('',#10611,#1162);
#562=LINE('',#10613,#1163);
#563=LINE('',#10615,#1164);
#564=LINE('',#10617,#1165);
#565=LINE('',#10619,#1166);
#566=LINE('',#10621,#1167);
#567=LINE('',#10623,#1168);
#568=LINE('',#10625,#1169);
#569=LINE('',#10634,#1170);
#570=LINE('',#10647,#1171);
#571=LINE('',#10653,#1172);
#572=LINE('',#10657,#1173);
#573=LINE('',#10661,#1174);
#574=LINE('',#10663,#1175);
#575=LINE('',#10672,#1176);
#576=LINE('',#10685,#1177);
#577=LINE('',#10698,#1178);
#578=LINE('',#10704,#1179);
#579=LINE('',#10706,#1180);
#580=LINE('',#10708,#1181);
#581=LINE('',#10710,#1182);
#582=LINE('',#10719,#1183);
#583=LINE('',#10732,#1184);
#584=LINE('',#10745,#1185);
#585=LINE('',#10758,#1186);
#586=LINE('',#10804,#1187);
#587=LINE('',#10810,#1188);
#588=LINE('',#10823,#1189);
#589=LINE('',#10840,#1190);
#590=LINE('',#10857,#1191);
#591=LINE('',#10865,#1192);
#592=LINE('',#10880,#1193);
#593=LINE('',#10897,#1194);
#594=LINE('',#10903,#1195);
#595=LINE('',#10905,#1196);
#596=LINE('',#10907,#1197);
#597=LINE('',#10909,#1198);
#598=LINE('',#10913,#1199);
#599=LINE('',#10922,#1200);
#600=LINE('',#10935,#1201);
#601=LINE('',#10948,#1202);
#602=LINE('',#10961,#1203);
#603=LINE('',#10967,#1204);
#604=LINE('',#10978,#1205);
#605=LINE('',#10986,#1206);
#606=LINE('',#10988,#1207);
#607=LINE('',#10990,#1208);
#608=LINE('',#10992,#1209);
#609=LINE('',#10994,#1210);
#610=LINE('',#10996,#1211);
#611=LINE('',#10998,#1212);
#612=LINE('',#11000,#1213);
#613=LINE('',#11002,#1214);
#614=LINE('',#11004,#1215);
#615=LINE('',#11006,#1216);
#616=LINE('',#11010,#1217);
#617=LINE('',#11012,#1218);
#618=LINE('',#11043,#1219);
#619=LINE('',#11049,#1220);
#620=LINE('',#11062,#1221);
#621=LINE('',#11079,#1222);
#622=LINE('',#11096,#1223);
#623=LINE('',#11113,#1224);
#624=LINE('',#11130,#1225);
#625=LINE('',#11147,#1226);
#626=LINE('',#11160,#1227);
#627=LINE('',#11166,#1228);
#628=LINE('',#11175,#1229);
#629=LINE('',#11188,#1230);
#630=LINE('',#11201,#1231);
#631=LINE('',#11214,#1232);
#632=LINE('',#11227,#1233);
#633=LINE('',#11233,#1234);
#634=LINE('',#11237,#1235);
#635=LINE('',#11279,#1236);
#636=LINE('',#11285,#1237);
#637=LINE('',#11298,#1238);
#638=LINE('',#11315,#1239);
#639=LINE('',#11332,#1240);
#640=LINE('',#11349,#1241);
#641=LINE('',#11355,#1242);
#642=LINE('',#11357,#1243);
#643=LINE('',#11359,#1244);
#644=LINE('',#11361,#1245);
#645=LINE('',#11363,#1246);
#646=LINE('',#11365,#1247);
#647=LINE('',#11367,#1248);
#648=LINE('',#11369,#1249);
#649=LINE('',#11371,#1250);
#650=LINE('',#11373,#1251);
#651=LINE('',#11375,#1252);
#652=LINE('',#11377,#1253);
#653=LINE('',#11379,#1254);
#654=LINE('',#11388,#1255);
#655=LINE('',#11401,#1256);
#656=LINE('',#11407,#1257);
#657=LINE('',#11411,#1258);
#658=LINE('',#11415,#1259);
#659=LINE('',#11417,#1260);
#660=LINE('',#11426,#1261);
#661=LINE('',#11439,#1262);
#662=LINE('',#11452,#1263);
#663=LINE('',#11458,#1264);
#664=LINE('',#11460,#1265);
#665=LINE('',#11462,#1266);
#666=LINE('',#11464,#1267);
#667=LINE('',#11473,#1268);
#668=LINE('',#11486,#1269);
#669=LINE('',#11499,#1270);
#670=LINE('',#11512,#1271);
#671=LINE('',#11546,#1272);
#672=LINE('',#11548,#1273);
#673=LINE('',#11550,#1274);
#674=LINE('',#11552,#1275);
#675=LINE('',#11554,#1276);
#676=LINE('',#11556,#1277);
#677=LINE('',#11558,#1278);
#678=LINE('',#11560,#1279);
#679=LINE('',#11562,#1280);
#680=LINE('',#11564,#1281);
#681=LINE('',#11566,#1282);
#682=LINE('',#11568,#1283);
#683=LINE('',#11572,#1284);
#684=LINE('',#11576,#1285);
#685=LINE('',#11580,#1286);
#686=LINE('',#11583,#1287);
#687=LINE('',#11585,#1288);
#688=LINE('',#11587,#1289);
#689=LINE('',#11589,#1290);
#690=LINE('',#11591,#1291);
#691=LINE('',#11593,#1292);
#692=LINE('',#11595,#1293);
#693=LINE('',#11597,#1294);
#694=LINE('',#11599,#1295);
#695=LINE('',#11601,#1296);
#696=LINE('',#11612,#1297);
#697=LINE('',#11618,#1298);
#698=LINE('',#11620,#1299);
#699=LINE('',#11629,#1300);
#700=LINE('',#11635,#1301);
#701=LINE('',#11637,#1302);
#702=LINE('',#11639,#1303);
#703=LINE('',#11642,#1304);
#704=LINE('',#11644,#1305);
#705=LINE('',#11646,#1306);
#706=LINE('',#11648,#1307);
#707=LINE('',#11650,#1308);
#708=LINE('',#11652,#1309);
#709=LINE('',#11654,#1310);
#710=LINE('',#11656,#1311);
#711=LINE('',#11666,#1312);
#712=LINE('',#11672,#1313);
#713=LINE('',#11681,#1314);
#714=LINE('',#11687,#1315);
#715=LINE('',#11691,#1316);
#716=LINE('',#11702,#1317);
#717=LINE('',#11715,#1318);
#718=LINE('',#11721,#1319);
#719=LINE('',#11728,#1320);
#720=LINE('',#11730,#1321);
#721=LINE('',#11732,#1322);
#722=LINE('',#11734,#1323);
#723=LINE('',#11736,#1324);
#724=LINE('',#11738,#1325);
#725=LINE('',#11740,#1326);
#726=LINE('',#11742,#1327);
#727=LINE('',#11745,#1328);
#728=LINE('',#11747,#1329);
#729=LINE('',#11749,#1330);
#730=LINE('',#11751,#1331);
#731=LINE('',#11753,#1332);
#732=LINE('',#11755,#1333);
#733=LINE('',#11757,#1334);
#734=LINE('',#11759,#1335);
#735=LINE('',#11762,#1336);
#736=LINE('',#11766,#1337);
#737=LINE('',#11768,#1338);
#738=LINE('',#11779,#1339);
#739=LINE('',#11787,#1340);
#740=LINE('',#11789,#1341);
#741=LINE('',#11791,#1342);
#742=LINE('',#11793,#1343);
#743=LINE('',#11795,#1344);
#744=LINE('',#11797,#1345);
#745=LINE('',#11799,#1346);
#746=LINE('',#11801,#1347);
#747=LINE('',#11803,#1348);
#748=LINE('',#11805,#1349);
#749=LINE('',#11814,#1350);
#750=LINE('',#11827,#1351);
#751=LINE('',#11833,#1352);
#752=LINE('',#11837,#1353);
#753=LINE('',#11847,#1354);
#754=LINE('',#11853,#1355);
#755=LINE('',#11862,#1356);
#756=LINE('',#11868,#1357);
#757=LINE('',#11870,#1358);
#758=LINE('',#11872,#1359);
#759=LINE('',#11883,#1360);
#760=LINE('',#11896,#1361);
#761=LINE('',#11909,#1362);
#762=LINE('',#11915,#1363);
#763=LINE('',#11919,#1364);
#764=LINE('',#11923,#1365);
#765=LINE('',#11925,#1366);
#766=LINE('',#11927,#1367);
#767=LINE('',#11931,#1368);
#768=LINE('',#11942,#1369);
#769=LINE('',#11955,#1370);
#770=LINE('',#11973,#1371);
#771=LINE('',#11975,#1372);
#772=LINE('',#11977,#1373);
#773=LINE('',#11979,#1374);
#774=LINE('',#11981,#1375);
#775=LINE('',#11983,#1376);
#776=LINE('',#11985,#1377);
#777=LINE('',#11987,#1378);
#778=LINE('',#11991,#1379);
#779=LINE('',#11993,#1380);
#780=LINE('',#11995,#1381);
#781=LINE('',#11997,#1382);
#782=LINE('',#11999,#1383);
#783=LINE('',#12001,#1384);
#784=LINE('',#12003,#1385);
#785=LINE('',#12005,#1386);
#786=LINE('',#12007,#1387);
#787=LINE('',#12009,#1388);
#788=LINE('',#12011,#1389);
#789=LINE('',#12013,#1390);
#790=LINE('',#12015,#1391);
#791=LINE('',#12017,#1392);
#792=LINE('',#12019,#1393);
#793=LINE('',#12021,#1394);
#794=LINE('',#12023,#1395);
#795=LINE('',#12025,#1396);
#796=LINE('',#12027,#1397);
#797=LINE('',#12029,#1398);
#798=LINE('',#12034,#1399);
#799=LINE('',#12036,#1400);
#800=LINE('',#12038,#1401);
#801=LINE('',#12040,#1402);
#802=LINE('',#12042,#1403);
#803=LINE('',#12044,#1404);
#804=LINE('',#12046,#1405);
#805=LINE('',#12055,#1406);
#806=LINE('',#12061,#1407);
#807=LINE('',#12065,#1408);
#808=LINE('',#12067,#1409);
#809=LINE('',#12069,#1410);
#810=LINE('',#12080,#1411);
#811=LINE('',#12093,#1412);
#812=LINE('',#12099,#1413);
#813=LINE('',#12101,#1414);
#814=LINE('',#12103,#1415);
#815=LINE('',#12105,#1416);
#816=LINE('',#12114,#1417);
#817=LINE('',#12120,#1418);
#818=LINE('',#12124,#1419);
#819=LINE('',#12126,#1420);
#820=LINE('',#12135,#1421);
#821=LINE('',#12141,#1422);
#822=VECTOR('',#7335,1.);
#823=VECTOR('',#7336,1.);
#824=VECTOR('',#7337,1.);
#825=VECTOR('',#7338,1.);
#826=VECTOR('',#7339,1.);
#827=VECTOR('',#7344,1.);
#828=VECTOR('',#7345,1.);
#829=VECTOR('',#7350,1.);
#830=VECTOR('',#7351,1.);
#831=VECTOR('',#7352,1.);
#832=VECTOR('',#7353,1.);
#833=VECTOR('',#7360,1.);
#834=VECTOR('',#7361,1.);
#835=VECTOR('',#7362,1.);
#836=VECTOR('',#7363,1.);
#837=VECTOR('',#7364,1.);
#838=VECTOR('',#7365,1.);
#839=VECTOR('',#7366,1.);
#840=VECTOR('',#7367,1.);
#841=VECTOR('',#7368,1.);
#842=VECTOR('',#7369,1.);
#843=VECTOR('',#7370,1.);
#844=VECTOR('',#7377,1.);
#845=VECTOR('',#7380,1.);
#846=VECTOR('',#7381,1.);
#847=VECTOR('',#7382,1.);
#848=VECTOR('',#7383,1.);
#849=VECTOR('',#7384,1.);
#850=VECTOR('',#7385,1.);
#851=VECTOR('',#7386,1.);
#852=VECTOR('',#7387,1.);
#853=VECTOR('',#7388,1.);
#854=VECTOR('',#7393,1.);
#855=VECTOR('',#7394,1.);
#856=VECTOR('',#7395,1.);
#857=VECTOR('',#7396,1.);
#858=VECTOR('',#7403,1.);
#859=VECTOR('',#7404,1.);
#860=VECTOR('',#7405,1.);
#861=VECTOR('',#7406,1.);
#862=VECTOR('',#7407,1.);
#863=VECTOR('',#7408,1.);
#864=VECTOR('',#7409,1.);
#865=VECTOR('',#7410,1.);
#866=VECTOR('',#7413,1.);
#867=VECTOR('',#7414,1.);
#868=VECTOR('',#7415,1.);
#869=VECTOR('',#7416,1.);
#870=VECTOR('',#7417,1.);
#871=VECTOR('',#7418,1.);
#872=VECTOR('',#7427,1.);
#873=VECTOR('',#7428,1.);
#874=VECTOR('',#7429,1.);
#875=VECTOR('',#7430,1.);
#876=VECTOR('',#7431,1.);
#877=VECTOR('',#7432,1.);
#878=VECTOR('',#7433,1.);
#879=VECTOR('',#7434,1.);
#880=VECTOR('',#7435,1.);
#881=VECTOR('',#7440,1.);
#882=VECTOR('',#7443,1.);
#883=VECTOR('',#7444,1.);
#884=VECTOR('',#7445,1.);
#885=VECTOR('',#7446,1.);
#886=VECTOR('',#7451,1.);
#887=VECTOR('',#7458,1.);
#888=VECTOR('',#7459,1.);
#889=VECTOR('',#7460,1.);
#890=VECTOR('',#7461,1.);
#891=VECTOR('',#7462,1.);
#892=VECTOR('',#7463,1.);
#893=VECTOR('',#7464,1.);
#894=VECTOR('',#7467,1.);
#895=VECTOR('',#7468,1.);
#896=VECTOR('',#7469,1.);
#897=VECTOR('',#7472,1.);
#898=VECTOR('',#7473,1.);
#899=VECTOR('',#7474,1.);
#900=VECTOR('',#7475,1.);
#901=VECTOR('',#7476,1.);
#902=VECTOR('',#7477,1.);
#903=VECTOR('',#7478,1.);
#904=VECTOR('',#7479,1.);
#905=VECTOR('',#7482,1.);
#906=VECTOR('',#7483,1.);
#907=VECTOR('',#7486,1.);
#908=VECTOR('',#7489,1.);
#909=VECTOR('',#7494,1.);
#910=VECTOR('',#7501,1.);
#911=VECTOR('',#7508,1.);
#912=VECTOR('',#7515,1.);
#913=VECTOR('',#7524,1.);
#914=VECTOR('',#7527,1.);
#915=VECTOR('',#7538,1.);
#916=VECTOR('',#7541,1.);
#917=VECTOR('',#7550,1.);
#918=VECTOR('',#7553,1.);
#919=VECTOR('',#7556,1.);
#920=VECTOR('',#7559,1.);
#921=VECTOR('',#7562,1.);
#922=VECTOR('',#7565,1.);
#923=VECTOR('',#7568,1.);
#924=VECTOR('',#7571,1.);
#925=VECTOR('',#7574,1.);
#926=VECTOR('',#7577,1.);
#927=VECTOR('',#7580,1.);
#928=VECTOR('',#7583,1.);
#929=VECTOR('',#7586,1.);
#930=VECTOR('',#7589,1.);
#931=VECTOR('',#7592,1.);
#932=VECTOR('',#7595,1.);
#933=VECTOR('',#7598,1.);
#934=VECTOR('',#7601,1.);
#935=VECTOR('',#7604,1.);
#936=VECTOR('',#7607,1.);
#937=VECTOR('',#7610,1.);
#938=VECTOR('',#7613,1.);
#939=VECTOR('',#7616,1.);
#940=VECTOR('',#7619,1.);
#941=VECTOR('',#7622,1.);
#942=VECTOR('',#7625,1.);
#943=VECTOR('',#7628,1.);
#944=VECTOR('',#7631,1.);
#945=VECTOR('',#7634,1.);
#946=VECTOR('',#7637,1.);
#947=VECTOR('',#7640,1.);
#948=VECTOR('',#7643,1.);
#949=VECTOR('',#7646,1.);
#950=VECTOR('',#7649,1.);
#951=VECTOR('',#7656,1.);
#952=VECTOR('',#7659,1.);
#953=VECTOR('',#7662,1.);
#954=VECTOR('',#7665,1.);
#955=VECTOR('',#7670,1.);
#956=VECTOR('',#7673,1.);
#957=VECTOR('',#7676,1.);
#958=VECTOR('',#7679,1.);
#959=VECTOR('',#7682,1.);
#960=VECTOR('',#7685,1.);
#961=VECTOR('',#7688,1.);
#962=VECTOR('',#7691,1.);
#963=VECTOR('',#7694,1.);
#964=VECTOR('',#7697,1.);
#965=VECTOR('',#7700,1.);
#966=VECTOR('',#7703,1.);
#967=VECTOR('',#7706,1.);
#968=VECTOR('',#7709,1.);
#969=VECTOR('',#7712,1.);
#970=VECTOR('',#7715,1.);
#971=VECTOR('',#7718,1.);
#972=VECTOR('',#7721,1.);
#973=VECTOR('',#7724,1.);
#974=VECTOR('',#7727,1.);
#975=VECTOR('',#7730,1.);
#976=VECTOR('',#7733,1.);
#977=VECTOR('',#7736,1.);
#978=VECTOR('',#7739,1.);
#979=VECTOR('',#7742,1.);
#980=VECTOR('',#7745,1.);
#981=VECTOR('',#7748,1.);
#982=VECTOR('',#7751,1.);
#983=VECTOR('',#7758,1.);
#984=VECTOR('',#7759,1.);
#985=VECTOR('',#7762,1.);
#986=VECTOR('',#7765,1.);
#987=VECTOR('',#7768,1.);
#988=VECTOR('',#7771,1.);
#989=VECTOR('',#7774,1.);
#990=VECTOR('',#7777,1.);
#991=VECTOR('',#7780,1.);
#992=VECTOR('',#7781,1.);
#993=VECTOR('',#7784,1.);
#994=VECTOR('',#7787,1.);
#995=VECTOR('',#7790,1.);
#996=VECTOR('',#7793,1.);
#997=VECTOR('',#7796,1.);
#998=VECTOR('',#7799,1.);
#999=VECTOR('',#7802,1.);
#1000=VECTOR('',#7803,1.);
#1001=VECTOR('',#7806,1.);
#1002=VECTOR('',#7809,1.);
#1003=VECTOR('',#7812,1.);
#1004=VECTOR('',#7815,1.);
#1005=VECTOR('',#7818,1.);
#1006=VECTOR('',#7821,1.);
#1007=VECTOR('',#7824,1.);
#1008=VECTOR('',#7825,1.);
#1009=VECTOR('',#7828,1.);
#1010=VECTOR('',#7831,1.);
#1011=VECTOR('',#7834,1.);
#1012=VECTOR('',#7837,1.);
#1013=VECTOR('',#7840,1.);
#1014=VECTOR('',#7843,1.);
#1015=VECTOR('',#7846,1.);
#1016=VECTOR('',#7847,1.);
#1017=VECTOR('',#7850,1.);
#1018=VECTOR('',#7853,1.);
#1019=VECTOR('',#7856,1.);
#1020=VECTOR('',#7859,1.);
#1021=VECTOR('',#7862,1.);
#1022=VECTOR('',#7865,1.);
#1023=VECTOR('',#7868,1.);
#1024=VECTOR('',#7869,1.);
#1025=VECTOR('',#7872,1.);
#1026=VECTOR('',#7875,1.);
#1027=VECTOR('',#7878,1.);
#1028=VECTOR('',#7881,1.);
#1029=VECTOR('',#7884,1.);
#1030=VECTOR('',#7887,1.);
#1031=VECTOR('',#7890,1.);
#1032=VECTOR('',#7891,1.);
#1033=VECTOR('',#7894,1.);
#1034=VECTOR('',#7897,1.);
#1035=VECTOR('',#7900,1.);
#1036=VECTOR('',#7903,1.);
#1037=VECTOR('',#7906,1.);
#1038=VECTOR('',#7909,1.);
#1039=VECTOR('',#7914,1.);
#1040=VECTOR('',#7915,1.);
#1041=VECTOR('',#7916,1.);
#1042=VECTOR('',#7917,1.);
#1043=VECTOR('',#7918,1.);
#1044=VECTOR('',#7919,1.);
#1045=VECTOR('',#7922,1.);
#1046=VECTOR('',#7925,1.);
#1047=VECTOR('',#7926,1.);
#1048=VECTOR('',#7927,1.);
#1049=VECTOR('',#7928,1.);
#1050=VECTOR('',#7929,1.);
#1051=VECTOR('',#7932,1.);
#1052=VECTOR('',#7933,1.);
#1053=VECTOR('',#7934,1.);
#1054=VECTOR('',#7935,1.);
#1055=VECTOR('',#7936,1.);
#1056=VECTOR('',#7951,1.);
#1057=VECTOR('',#7952,1.);
#1058=VECTOR('',#7953,1.);
#1059=VECTOR('',#7954,1.);
#1060=VECTOR('',#7955,1.);
#1061=VECTOR('',#7978,1.);
#1062=VECTOR('',#7979,1.);
#1063=VECTOR('',#7982,1.);
#1064=VECTOR('',#7985,1.);
#1065=VECTOR('',#7988,1.);
#1066=VECTOR('',#7989,1.);
#1067=VECTOR('',#7992,1.);
#1068=VECTOR('',#7995,1.);
#1069=VECTOR('',#7998,1.);
#1070=VECTOR('',#8001,1.);
#1071=VECTOR('',#8004,1.);
#1072=VECTOR('',#8005,1.);
#1073=VECTOR('',#8008,1.);
#1074=VECTOR('',#8013,1.);
#1075=VECTOR('',#8014,1.);
#1076=VECTOR('',#8017,1.);
#1077=VECTOR('',#8022,1.);
#1078=VECTOR('',#8023,1.);
#1079=VECTOR('',#8026,1.);
#1080=VECTOR('',#8031,1.);
#1081=VECTOR('',#8032,1.);
#1082=VECTOR('',#8033,1.);
#1083=VECTOR('',#8036,1.);
#1084=VECTOR('',#8041,1.);
#1085=VECTOR('',#8042,1.);
#1086=VECTOR('',#8043,1.);
#1087=VECTOR('',#8046,1.);
#1088=VECTOR('',#8051,1.);
#1089=VECTOR('',#8090,1.);
#1090=VECTOR('',#8091,1.);
#1091=VECTOR('',#8092,1.);
#1092=VECTOR('',#8093,1.);
#1093=VECTOR('',#8094,1.);
#1094=VECTOR('',#8095,1.);
#1095=VECTOR('',#8096,1.);
#1096=VECTOR('',#8097,1.);
#1097=VECTOR('',#8098,1.);
#1098=VECTOR('',#8099,1.);
#1099=VECTOR('',#8102,1.);
#1100=VECTOR('',#8103,1.);
#1101=VECTOR('',#8104,1.);
#1102=VECTOR('',#8105,1.);
#1103=VECTOR('',#8106,1.);
#1104=VECTOR('',#8107,1.);
#1105=VECTOR('',#8108,1.);
#1106=VECTOR('',#8109,1.);
#1107=VECTOR('',#8110,1.);
#1108=VECTOR('',#8111,1.);
#1109=VECTOR('',#8112,1.);
#1110=VECTOR('',#8113,1.);
#1111=VECTOR('',#8116,1.);
#1112=VECTOR('',#8121,1.);
#1113=VECTOR('',#8126,1.);
#1114=VECTOR('',#8127,1.);
#1115=VECTOR('',#8128,1.);
#1116=VECTOR('',#8131,1.);
#1117=VECTOR('',#8132,1.);
#1118=VECTOR('',#8133,1.);
#1119=VECTOR('',#8134,1.);
#1120=VECTOR('',#8135,1.);
#1121=VECTOR('',#8136,1.);
#1122=VECTOR('',#8137,1.);
#1123=VECTOR('',#8138,1.);
#1124=VECTOR('',#8141,1.);
#1125=VECTOR('',#8142,1.);
#1126=VECTOR('',#8143,1.);
#1127=VECTOR('',#8146,1.);
#1128=VECTOR('',#8147,1.);
#1129=VECTOR('',#8148,1.);
#1130=VECTOR('',#8151,1.);
#1131=VECTOR('',#8152,1.);
#1132=VECTOR('',#8155,1.);
#1133=VECTOR('',#8156,1.);
#1134=VECTOR('',#8159,1.);
#1135=VECTOR('',#8160,1.);
#1136=VECTOR('',#8163,1.);
#1137=VECTOR('',#8164,1.);
#1138=VECTOR('',#8167,1.);
#1139=VECTOR('',#8168,1.);
#1140=VECTOR('',#8171,1.);
#1141=VECTOR('',#8172,1.);
#1142=VECTOR('',#8175,1.);
#1143=VECTOR('',#8176,1.);
#1144=VECTOR('',#8179,1.);
#1145=VECTOR('',#8180,1.);
#1146=VECTOR('',#8181,1.);
#1147=VECTOR('',#8182,1.);
#1148=VECTOR('',#8183,1.);
#1149=VECTOR('',#8184,1.);
#1150=VECTOR('',#8185,1.);
#1151=VECTOR('',#8188,1.);
#1152=VECTOR('',#8189,1.);
#1153=VECTOR('',#8190,1.);
#1154=VECTOR('',#8191,1.);
#1155=VECTOR('',#8192,1.);
#1156=VECTOR('',#8193,1.);
#1157=VECTOR('',#8196,1.);
#1158=VECTOR('',#8197,1.);
#1159=VECTOR('',#8198,1.);
#1160=VECTOR('',#8201,1.);
#1161=VECTOR('',#8202,1.);
#1162=VECTOR('',#8203,1.);
#1163=VECTOR('',#8206,1.);
#1164=VECTOR('',#8207,1.);
#1165=VECTOR('',#8208,1.);
#1166=VECTOR('',#8211,1.);
#1167=VECTOR('',#8212,1.);
#1168=VECTOR('',#8215,1.);
#1169=VECTOR('',#8216,1.);
#1170=VECTOR('',#8217,1.);
#1171=VECTOR('',#8218,1.);
#1172=VECTOR('',#8221,1.);
#1173=VECTOR('',#8226,1.);
#1174=VECTOR('',#8231,1.);
#1175=VECTOR('',#8232,1.);
#1176=VECTOR('',#8233,1.);
#1177=VECTOR('',#8234,1.);
#1178=VECTOR('',#8235,1.);
#1179=VECTOR('',#8238,1.);
#1180=VECTOR('',#8239,1.);
#1181=VECTOR('',#8242,1.);
#1182=VECTOR('',#8243,1.);
#1183=VECTOR('',#8244,1.);
#1184=VECTOR('',#8245,1.);
#1185=VECTOR('',#8246,1.);
#1186=VECTOR('',#8247,1.);
#1187=VECTOR('',#8250,1.);
#1188=VECTOR('',#8251,1.);
#1189=VECTOR('',#8252,1.);
#1190=VECTOR('',#8253,1.);
#1191=VECTOR('',#8254,1.);
#1192=VECTOR('',#8259,1.);
#1193=VECTOR('',#8262,1.);
#1194=VECTOR('',#8263,1.);
#1195=VECTOR('',#8266,1.);
#1196=VECTOR('',#8267,1.);
#1197=VECTOR('',#8268,1.);
#1198=VECTOR('',#8271,1.);
#1199=VECTOR('',#8274,1.);
#1200=VECTOR('',#8275,1.);
#1201=VECTOR('',#8276,1.);
#1202=VECTOR('',#8277,1.);
#1203=VECTOR('',#8278,1.);
#1204=VECTOR('',#8281,1.);
#1205=VECTOR('',#8284,1.);
#1206=VECTOR('',#8287,1.);
#1207=VECTOR('',#8288,1.);
#1208=VECTOR('',#8291,1.);
#1209=VECTOR('',#8292,1.);
#1210=VECTOR('',#8295,1.);
#1211=VECTOR('',#8296,1.);
#1212=VECTOR('',#8299,1.);
#1213=VECTOR('',#8300,1.);
#1214=VECTOR('',#8303,1.);
#1215=VECTOR('',#8304,1.);
#1216=VECTOR('',#8307,1.);
#1217=VECTOR('',#8312,1.);
#1218=VECTOR('',#8313,1.);
#1219=VECTOR('',#8320,1.);
#1220=VECTOR('',#8321,1.);
#1221=VECTOR('',#8322,1.);
#1222=VECTOR('',#8323,1.);
#1223=VECTOR('',#8324,1.);
#1224=VECTOR('',#8325,1.);
#1225=VECTOR('',#8326,1.);
#1226=VECTOR('',#8327,1.);
#1227=VECTOR('',#8328,1.);
#1228=VECTOR('',#8329,1.);
#1229=VECTOR('',#8330,1.);
#1230=VECTOR('',#8331,1.);
#1231=VECTOR('',#8332,1.);
#1232=VECTOR('',#8333,1.);
#1233=VECTOR('',#8334,1.);
#1234=VECTOR('',#8337,1.);
#1235=VECTOR('',#8342,1.);
#1236=VECTOR('',#8347,1.);
#1237=VECTOR('',#8348,1.);
#1238=VECTOR('',#8349,1.);
#1239=VECTOR('',#8350,1.);
#1240=VECTOR('',#8351,1.);
#1241=VECTOR('',#8352,1.);
#1242=VECTOR('',#8355,1.);
#1243=VECTOR('',#8356,1.);
#1244=VECTOR('',#8357,1.);
#1245=VECTOR('',#8360,1.);
#1246=VECTOR('',#8361,1.);
#1247=VECTOR('',#8362,1.);
#1248=VECTOR('',#8365,1.);
#1249=VECTOR('',#8366,1.);
#1250=VECTOR('',#8367,1.);
#1251=VECTOR('',#8370,1.);
#1252=VECTOR('',#8371,1.);
#1253=VECTOR('',#8374,1.);
#1254=VECTOR('',#8375,1.);
#1255=VECTOR('',#8376,1.);
#1256=VECTOR('',#8377,1.);
#1257=VECTOR('',#8380,1.);
#1258=VECTOR('',#8385,1.);
#1259=VECTOR('',#8390,1.);
#1260=VECTOR('',#8391,1.);
#1261=VECTOR('',#8392,1.);
#1262=VECTOR('',#8393,1.);
#1263=VECTOR('',#8394,1.);
#1264=VECTOR('',#8397,1.);
#1265=VECTOR('',#8398,1.);
#1266=VECTOR('',#8401,1.);
#1267=VECTOR('',#8402,1.);
#1268=VECTOR('',#8403,1.);
#1269=VECTOR('',#8404,1.);
#1270=VECTOR('',#8405,1.);
#1271=VECTOR('',#8406,1.);
#1272=VECTOR('',#8411,1.);
#1273=VECTOR('',#8412,1.);
#1274=VECTOR('',#8413,1.);
#1275=VECTOR('',#8416,1.);
#1276=VECTOR('',#8417,1.);
#1277=VECTOR('',#8420,1.);
#1278=VECTOR('',#8421,1.);
#1279=VECTOR('',#8424,1.);
#1280=VECTOR('',#8425,1.);
#1281=VECTOR('',#8428,1.);
#1282=VECTOR('',#8429,1.);
#1283=VECTOR('',#8432,1.);
#1284=VECTOR('',#8437,1.);
#1285=VECTOR('',#8442,1.);
#1286=VECTOR('',#8447,1.);
#1287=VECTOR('',#8452,1.);
#1288=VECTOR('',#8453,1.);
#1289=VECTOR('',#8454,1.);
#1290=VECTOR('',#8457,1.);
#1291=VECTOR('',#8458,1.);
#1292=VECTOR('',#8461,1.);
#1293=VECTOR('',#8462,1.);
#1294=VECTOR('',#8465,1.);
#1295=VECTOR('',#8466,1.);
#1296=VECTOR('',#8469,1.);
#1297=VECTOR('',#8472,1.);
#1298=VECTOR('',#8475,1.);
#1299=VECTOR('',#8476,1.);
#1300=VECTOR('',#8477,1.);
#1301=VECTOR('',#8480,1.);
#1302=VECTOR('',#8481,1.);
#1303=VECTOR('',#8484,1.);
#1304=VECTOR('',#8489,1.);
#1305=VECTOR('',#8490,1.);
#1306=VECTOR('',#8491,1.);
#1307=VECTOR('',#8494,1.);
#1308=VECTOR('',#8495,1.);
#1309=VECTOR('',#8498,1.);
#1310=VECTOR('',#8499,1.);
#1311=VECTOR('',#8502,1.);
#1312=VECTOR('',#8505,1.);
#1313=VECTOR('',#8506,1.);
#1314=VECTOR('',#8507,1.);
#1315=VECTOR('',#8510,1.);
#1316=VECTOR('',#8515,1.);
#1317=VECTOR('',#8518,1.);
#1318=VECTOR('',#8519,1.);
#1319=VECTOR('',#8522,1.);
#1320=VECTOR('',#8533,1.);
#1321=VECTOR('',#8534,1.);
#1322=VECTOR('',#8535,1.);
#1323=VECTOR('',#8538,1.);
#1324=VECTOR('',#8539,1.);
#1325=VECTOR('',#8542,1.);
#1326=VECTOR('',#8543,1.);
#1327=VECTOR('',#8546,1.);
#1328=VECTOR('',#8551,1.);
#1329=VECTOR('',#8552,1.);
#1330=VECTOR('',#8553,1.);
#1331=VECTOR('',#8556,1.);
#1332=VECTOR('',#8557,1.);
#1333=VECTOR('',#8560,1.);
#1334=VECTOR('',#8561,1.);
#1335=VECTOR('',#8564,1.);
#1336=VECTOR('',#8569,1.);
#1337=VECTOR('',#8572,1.);
#1338=VECTOR('',#8575,1.);
#1339=VECTOR('',#8578,1.);
#1340=VECTOR('',#8581,1.);
#1341=VECTOR('',#8582,1.);
#1342=VECTOR('',#8585,1.);
#1343=VECTOR('',#8586,1.);
#1344=VECTOR('',#8589,1.);
#1345=VECTOR('',#8590,1.);
#1346=VECTOR('',#8593,1.);
#1347=VECTOR('',#8594,1.);
#1348=VECTOR('',#8597,1.);
#1349=VECTOR('',#8598,1.);
#1350=VECTOR('',#8599,1.);
#1351=VECTOR('',#8600,1.);
#1352=VECTOR('',#8603,1.);
#1353=VECTOR('',#8608,1.);
#1354=VECTOR('',#8611,1.);
#1355=VECTOR('',#8612,1.);
#1356=VECTOR('',#8613,1.);
#1357=VECTOR('',#8616,1.);
#1358=VECTOR('',#8617,1.);
#1359=VECTOR('',#8620,1.);
#1360=VECTOR('',#8623,1.);
#1361=VECTOR('',#8624,1.);
#1362=VECTOR('',#8625,1.);
#1363=VECTOR('',#8628,1.);
#1364=VECTOR('',#8633,1.);
#1365=VECTOR('',#8638,1.);
#1366=VECTOR('',#8639,1.);
#1367=VECTOR('',#8642,1.);
#1368=VECTOR('',#8647,1.);
#1369=VECTOR('',#8650,1.);
#1370=VECTOR('',#8651,1.);
#1371=VECTOR('',#8656,1.);
#1372=VECTOR('',#8657,1.);
#1373=VECTOR('',#8658,1.);
#1374=VECTOR('',#8661,1.);
#1375=VECTOR('',#8662,1.);
#1376=VECTOR('',#8665,1.);
#1377=VECTOR('',#8666,1.);
#1378=VECTOR('',#8669,1.);
#1379=VECTOR('',#8674,1.);
#1380=VECTOR('',#8675,1.);
#1381=VECTOR('',#8678,1.);
#1382=VECTOR('',#8679,1.);
#1383=VECTOR('',#8682,1.);
#1384=VECTOR('',#8683,1.);
#1385=VECTOR('',#8686,1.);
#1386=VECTOR('',#8687,1.);
#1387=VECTOR('',#8690,1.);
#1388=VECTOR('',#8691,1.);
#1389=VECTOR('',#8694,1.);
#1390=VECTOR('',#8695,1.);
#1391=VECTOR('',#8698,1.);
#1392=VECTOR('',#8699,1.);
#1393=VECTOR('',#8702,1.);
#1394=VECTOR('',#8703,1.);
#1395=VECTOR('',#8706,1.);
#1396=VECTOR('',#8707,1.);
#1397=VECTOR('',#8710,1.);
#1398=VECTOR('',#8711,1.);
#1399=VECTOR('',#8720,1.);
#1400=VECTOR('',#8721,1.);
#1401=VECTOR('',#8722,1.);
#1402=VECTOR('',#8725,1.);
#1403=VECTOR('',#8726,1.);
#1404=VECTOR('',#8729,1.);
#1405=VECTOR('',#8730,1.);
#1406=VECTOR('',#8731,1.);
#1407=VECTOR('',#8734,1.);
#1408=VECTOR('',#8739,1.);
#1409=VECTOR('',#8740,1.);
#1410=VECTOR('',#8743,1.);
#1411=VECTOR('',#8746,1.);
#1412=VECTOR('',#8747,1.);
#1413=VECTOR('',#8750,1.);
#1414=VECTOR('',#8751,1.);
#1415=VECTOR('',#8754,1.);
#1416=VECTOR('',#8755,1.);
#1417=VECTOR('',#8756,1.);
#1418=VECTOR('',#8759,1.);
#1419=VECTOR('',#8764,1.);
#1420=VECTOR('',#8765,1.);
#1421=VECTOR('',#8766,1.);
#1422=VECTOR('',#8769,1.);
#1423=CIRCLE('',#6902,0.00117674629717533);
#1424=CIRCLE('',#6903,0.00108898602906929);
#1425=CIRCLE('',#6904,0.00186791957108399);
#1426=CIRCLE('',#6905,0.00183826941817757);
#1427=CIRCLE('',#6906,0.00420656460596769);
#1428=CIRCLE('',#6907,0.00400834783968159);
#1429=CIRCLE('',#6908,0.003);
#1430=CIRCLE('',#6909,0.005);
#1431=CIRCLE('',#6910,0.003);
#1432=CIRCLE('',#6911,0.00108259375634912);
#1433=CIRCLE('',#6912,0.00113231081281319);
#1434=CIRCLE('',#6913,0.000872375402438743);
#1435=CIRCLE('',#6914,0.00346760515072599);
#1436=CIRCLE('',#6915,0.00186791957108401);
#1437=CIRCLE('',#6916,0.00183826941817781);
#1438=CIRCLE('',#6917,0.012153807094376);
#1439=CIRCLE('',#6918,0.00301211719618542);
#1440=CIRCLE('',#6919,0.0781069136344978);
#1441=CIRCLE('',#6920,0.357217995116794);
#1442=CIRCLE('',#6921,0.000382270832375386);
#1443=CIRCLE('',#6922,0.000380137747744854);
#1444=CIRCLE('',#6923,0.000376523921204487);
#1445=CIRCLE('',#6924,0.000374705980075662);
#1446=CIRCLE('',#6925,0.000788504045597267);
#1447=CIRCLE('',#6926,0.001533391290281);
#1448=CIRCLE('',#6927,0.00135339260995751);
#1449=CIRCLE('',#6928,0.00177646990230668);
#1450=CIRCLE('',#6929,0.0012656705730288);
#1451=CIRCLE('',#6930,0.00183743945877375);
#1452=CIRCLE('',#6931,0.00129589383071464);
#1453=CIRCLE('',#6932,0.00176641947699175);
#1454=CIRCLE('',#6933,0.0114830021580302);
#1455=CIRCLE('',#6934,0.00982102568083414);
#1456=CIRCLE('',#6935,0.0112787686745671);
#1457=CIRCLE('',#6936,0.00256558600755501);
#1458=CIRCLE('',#6937,0.00229619028480353);
#1459=CIRCLE('',#6939,0.00175);
#1460=CIRCLE('',#6940,0.003);
#1461=CIRCLE('',#6941,0.005);
#1462=CIRCLE('',#6942,0.003);
#1463=CIRCLE('',#6943,0.003);
#1464=CIRCLE('',#6945,0.00175);
#1465=CIRCLE('',#6946,0.003);
#1466=CIRCLE('',#6947,0.005);
#1467=CIRCLE('',#6948,0.003);
#1468=CIRCLE('',#6949,0.003);
#1469=CIRCLE('',#6951,0.005);
#1470=CIRCLE('',#6952,0.003);
#1471=CIRCLE('',#6953,0.003);
#1472=CIRCLE('',#6954,0.003);
#1473=CIRCLE('',#6955,0.00175);
#1474=CIRCLE('',#6957,0.005);
#1475=CIRCLE('',#6958,0.003);
#1476=CIRCLE('',#6959,0.003);
#1477=CIRCLE('',#6960,0.003);
#1478=CIRCLE('',#6961,0.00175);
#1479=CIRCLE('',#6963,0.0045);
#1480=CIRCLE('',#6964,0.0045);
#1481=CIRCLE('',#6965,0.00155);
#1482=CIRCLE('',#6966,0.0045);
#1483=CIRCLE('',#6967,0.0045);
#1484=CIRCLE('',#6968,0.0045);
#1485=CIRCLE('',#6969,0.002);
#1486=CIRCLE('',#6970,0.002);
#1487=CIRCLE('',#6971,0.002);
#1488=CIRCLE('',#6972,0.002);
#1489=CIRCLE('',#6973,0.002);
#1490=CIRCLE('',#6974,0.002);
#1491=CIRCLE('',#6975,0.002);
#1492=CIRCLE('',#6976,0.002);
#1493=CIRCLE('',#6977,0.002);
#1494=CIRCLE('',#6978,0.002);
#1495=CIRCLE('',#6979,0.002);
#1496=CIRCLE('',#6980,0.002);
#1497=CIRCLE('',#6981,0.002);
#1498=CIRCLE('',#6982,0.002);
#1499=CIRCLE('',#6983,0.002);
#1500=CIRCLE('',#6984,0.002);
#1501=CIRCLE('',#6985,0.002);
#1502=CIRCLE('',#6986,0.002);
#1503=CIRCLE('',#6987,0.002);
#1504=CIRCLE('',#6988,0.002);
#1505=CIRCLE('',#6989,0.002);
#1506=CIRCLE('',#6990,0.002);
#1507=CIRCLE('',#6991,0.002);
#1508=CIRCLE('',#6992,0.002);
#1509=CIRCLE('',#6993,0.002);
#1510=CIRCLE('',#6994,0.002);
#1511=CIRCLE('',#6995,0.002);
#1512=CIRCLE('',#6996,0.002);
#1513=CIRCLE('',#6998,0.00175);
#1514=CIRCLE('',#6999,0.00175);
#1515=CIRCLE('',#7000,0.003);
#1516=CIRCLE('',#7001,0.003);
#1517=CIRCLE('',#7002,0.003);
#1518=CIRCLE('',#7003,0.003);
#1519=CIRCLE('',#7004,0.002);
#1520=CIRCLE('',#7005,0.002);
#1521=CIRCLE('',#7006,0.002);
#1522=CIRCLE('',#7007,0.002);
#1523=CIRCLE('',#7008,0.002);
#1524=CIRCLE('',#7009,0.002);
#1525=CIRCLE('',#7010,0.002);
#1526=CIRCLE('',#7011,0.002);
#1527=CIRCLE('',#7012,0.002);
#1528=CIRCLE('',#7013,0.002);
#1529=CIRCLE('',#7014,0.002);
#1530=CIRCLE('',#7015,0.002);
#1531=CIRCLE('',#7016,0.002);
#1532=CIRCLE('',#7017,0.002);
#1533=CIRCLE('',#7018,0.002);
#1534=CIRCLE('',#7019,0.002);
#1535=CIRCLE('',#7020,0.002);
#1536=CIRCLE('',#7021,0.002);
#1537=CIRCLE('',#7022,0.002);
#1538=CIRCLE('',#7023,0.002);
#1539=CIRCLE('',#7024,0.002);
#1540=CIRCLE('',#7025,0.002);
#1541=CIRCLE('',#7026,0.002);
#1542=CIRCLE('',#7027,0.002);
#1543=CIRCLE('',#7028,0.002);
#1544=CIRCLE('',#7029,0.002);
#1545=CIRCLE('',#7030,0.002);
#1546=CIRCLE('',#7031,0.002);
#1547=CIRCLE('',#7032,0.00175);
#1548=CIRCLE('',#7033,0.00175);
#1549=CIRCLE('',#7084,0.003);
#1550=CIRCLE('',#7086,0.003);
#1551=CIRCLE('',#7105,0.005);
#1552=CIRCLE('',#7107,0.005);
#1553=CIRCLE('',#7110,0.005);
#1554=CIRCLE('',#7112,0.0045);
#1555=CIRCLE('',#7115,0.0045);
#1556=CIRCLE('',#7118,0.0045);
#1557=CIRCLE('',#7121,0.0045);
#1558=CIRCLE('',#7124,0.00155);
#1559=CIRCLE('',#7127,0.0045);
#1560=CIRCLE('',#7130,0.003);
#1561=CIRCLE('',#7131,0.003);
#1562=CIRCLE('',#7132,0.003);
#1563=CIRCLE('',#7133,0.003);
#1564=CIRCLE('',#7134,0.003);
#1565=CIRCLE('',#7135,0.003);
#1566=CIRCLE('',#7150,0.00400834783968159);
#1567=CIRCLE('',#7152,0.00420656460596769);
#1568=CIRCLE('',#7172,0.00183826941817757);
#1569=CIRCLE('',#7174,0.00186791957108399);
#1570=CIRCLE('',#7180,0.000609958689334298);
#1571=CIRCLE('',#7181,0.000609958689334298);
#1572=CIRCLE('',#7184,0.00113231081281319);
#1573=CIRCLE('',#7186,0.00108259375634912);
#1574=CIRCLE('',#7193,0.00346760515072599);
#1575=CIRCLE('',#7196,0.000872375402438743);
#1576=CIRCLE('',#7199,0.00108898602906929);
#1577=CIRCLE('',#7201,0.00117674629717533);
#1578=CIRCLE('',#7209,0.00183826941817781);
#1579=CIRCLE('',#7211,0.00186791957108401);
#1580=CIRCLE('',#7222,0.0781069136344978);
#1581=CIRCLE('',#7224,0.00301211719618542);
#1582=CIRCLE('',#7226,0.012153807094376);
#1583=CIRCLE('',#7234,0.357217995116794);
#1584=CIRCLE('',#7245,0.000374705980075662);
#1585=CIRCLE('',#7247,0.000376523921204487);
#1586=CIRCLE('',#7249,0.000380137747744854);
#1587=CIRCLE('',#7251,0.000382270832375386);
#1588=CIRCLE('',#7264,0.001533391290281);
#1589=CIRCLE('',#7266,0.000788504045597267);
#1590=CIRCLE('',#7273,0.00135339260995751);
#1591=CIRCLE('',#7278,0.00176641947699175);
#1592=CIRCLE('',#7280,0.00129589383071464);
#1593=CIRCLE('',#7282,0.00183743945877375);
#1594=CIRCLE('',#7285,0.0012656705730288);
#1595=CIRCLE('',#7287,0.00177646990230668);
#1596=CIRCLE('',#7293,0.0114830021580302);
#1597=CIRCLE('',#7305,0.00982102568083414);
#1598=CIRCLE('',#7311,0.00229619028480353);
#1599=CIRCLE('',#7314,0.00256558600755501);
#1600=CIRCLE('',#7318,0.0112787686745671);
#1601=ORIENTED_EDGE('',*,*,#3627,.T.);
#1602=ORIENTED_EDGE('',*,*,#3628,.T.);
#1603=ORIENTED_EDGE('',*,*,#3629,.T.);
#1604=ORIENTED_EDGE('',*,*,#3630,.T.);
#1605=ORIENTED_EDGE('',*,*,#3631,.T.);
#1606=ORIENTED_EDGE('',*,*,#3632,.T.);
#1607=ORIENTED_EDGE('',*,*,#3633,.T.);
#1608=ORIENTED_EDGE('',*,*,#3634,.T.);
#1609=ORIENTED_EDGE('',*,*,#3635,.T.);
#1610=ORIENTED_EDGE('',*,*,#3636,.T.);
#1611=ORIENTED_EDGE('',*,*,#3637,.T.);
#1612=ORIENTED_EDGE('',*,*,#3638,.T.);
#1613=ORIENTED_EDGE('',*,*,#3639,.T.);
#1614=ORIENTED_EDGE('',*,*,#3640,.T.);
#1615=ORIENTED_EDGE('',*,*,#3641,.T.);
#1616=ORIENTED_EDGE('',*,*,#3642,.T.);
#1617=ORIENTED_EDGE('',*,*,#3643,.T.);
#1618=ORIENTED_EDGE('',*,*,#3644,.T.);
#1619=ORIENTED_EDGE('',*,*,#3645,.T.);
#1620=ORIENTED_EDGE('',*,*,#3646,.T.);
#1621=ORIENTED_EDGE('',*,*,#3647,.T.);
#1622=ORIENTED_EDGE('',*,*,#3648,.T.);
#1623=ORIENTED_EDGE('',*,*,#3649,.T.);
#1624=ORIENTED_EDGE('',*,*,#3650,.T.);
#1625=ORIENTED_EDGE('',*,*,#3651,.T.);
#1626=ORIENTED_EDGE('',*,*,#3652,.T.);
#1627=ORIENTED_EDGE('',*,*,#3653,.T.);
#1628=ORIENTED_EDGE('',*,*,#3654,.T.);
#1629=ORIENTED_EDGE('',*,*,#3655,.T.);
#1630=ORIENTED_EDGE('',*,*,#3656,.T.);
#1631=ORIENTED_EDGE('',*,*,#3657,.T.);
#1632=ORIENTED_EDGE('',*,*,#3658,.T.);
#1633=ORIENTED_EDGE('',*,*,#3659,.T.);
#1634=ORIENTED_EDGE('',*,*,#3660,.T.);
#1635=ORIENTED_EDGE('',*,*,#3661,.T.);
#1636=ORIENTED_EDGE('',*,*,#3662,.T.);
#1637=ORIENTED_EDGE('',*,*,#3663,.T.);
#1638=ORIENTED_EDGE('',*,*,#3664,.T.);
#1639=ORIENTED_EDGE('',*,*,#3665,.T.);
#1640=ORIENTED_EDGE('',*,*,#3666,.T.);
#1641=ORIENTED_EDGE('',*,*,#3667,.T.);
#1642=ORIENTED_EDGE('',*,*,#3668,.T.);
#1643=ORIENTED_EDGE('',*,*,#3669,.T.);
#1644=ORIENTED_EDGE('',*,*,#3670,.T.);
#1645=ORIENTED_EDGE('',*,*,#3671,.T.);
#1646=ORIENTED_EDGE('',*,*,#3672,.T.);
#1647=ORIENTED_EDGE('',*,*,#3673,.T.);
#1648=ORIENTED_EDGE('',*,*,#3674,.T.);
#1649=ORIENTED_EDGE('',*,*,#3675,.T.);
#1650=ORIENTED_EDGE('',*,*,#3676,.T.);
#1651=ORIENTED_EDGE('',*,*,#3677,.T.);
#1652=ORIENTED_EDGE('',*,*,#3678,.T.);
#1653=ORIENTED_EDGE('',*,*,#3679,.T.);
#1654=ORIENTED_EDGE('',*,*,#3680,.T.);
#1655=ORIENTED_EDGE('',*,*,#3681,.T.);
#1656=ORIENTED_EDGE('',*,*,#3682,.T.);
#1657=ORIENTED_EDGE('',*,*,#3683,.F.);
#1658=ORIENTED_EDGE('',*,*,#3684,.T.);
#1659=ORIENTED_EDGE('',*,*,#3685,.F.);
#1660=ORIENTED_EDGE('',*,*,#3686,.T.);
#1661=ORIENTED_EDGE('',*,*,#3687,.T.);
#1662=ORIENTED_EDGE('',*,*,#3688,.T.);
#1663=ORIENTED_EDGE('',*,*,#3689,.T.);
#1664=ORIENTED_EDGE('',*,*,#3690,.T.);
#1665=ORIENTED_EDGE('',*,*,#3691,.T.);
#1666=ORIENTED_EDGE('',*,*,#3692,.T.);
#1667=ORIENTED_EDGE('',*,*,#3693,.T.);
#1668=ORIENTED_EDGE('',*,*,#3694,.T.);
#1669=ORIENTED_EDGE('',*,*,#3695,.T.);
#1670=ORIENTED_EDGE('',*,*,#3696,.T.);
#1671=ORIENTED_EDGE('',*,*,#3697,.T.);
#1672=ORIENTED_EDGE('',*,*,#3698,.T.);
#1673=ORIENTED_EDGE('',*,*,#3699,.T.);
#1674=ORIENTED_EDGE('',*,*,#3700,.T.);
#1675=ORIENTED_EDGE('',*,*,#3701,.T.);
#1676=ORIENTED_EDGE('',*,*,#3702,.T.);
#1677=ORIENTED_EDGE('',*,*,#3703,.T.);
#1678=ORIENTED_EDGE('',*,*,#3704,.T.);
#1679=ORIENTED_EDGE('',*,*,#3705,.T.);
#1680=ORIENTED_EDGE('',*,*,#3706,.T.);
#1681=ORIENTED_EDGE('',*,*,#3707,.T.);
#1682=ORIENTED_EDGE('',*,*,#3708,.T.);
#1683=ORIENTED_EDGE('',*,*,#3709,.T.);
#1684=ORIENTED_EDGE('',*,*,#3710,.T.);
#1685=ORIENTED_EDGE('',*,*,#3711,.T.);
#1686=ORIENTED_EDGE('',*,*,#3712,.T.);
#1687=ORIENTED_EDGE('',*,*,#3713,.T.);
#1688=ORIENTED_EDGE('',*,*,#3714,.T.);
#1689=ORIENTED_EDGE('',*,*,#3715,.T.);
#1690=ORIENTED_EDGE('',*,*,#3716,.T.);
#1691=ORIENTED_EDGE('',*,*,#3717,.T.);
#1692=ORIENTED_EDGE('',*,*,#3718,.T.);
#1693=ORIENTED_EDGE('',*,*,#3719,.T.);
#1694=ORIENTED_EDGE('',*,*,#3720,.T.);
#1695=ORIENTED_EDGE('',*,*,#3721,.T.);
#1696=ORIENTED_EDGE('',*,*,#3722,.T.);
#1697=ORIENTED_EDGE('',*,*,#3723,.T.);
#1698=ORIENTED_EDGE('',*,*,#3724,.T.);
#1699=ORIENTED_EDGE('',*,*,#3725,.T.);
#1700=ORIENTED_EDGE('',*,*,#3726,.T.);
#1701=ORIENTED_EDGE('',*,*,#3727,.T.);
#1702=ORIENTED_EDGE('',*,*,#3728,.T.);
#1703=ORIENTED_EDGE('',*,*,#3729,.T.);
#1704=ORIENTED_EDGE('',*,*,#3730,.T.);
#1705=ORIENTED_EDGE('',*,*,#3731,.T.);
#1706=ORIENTED_EDGE('',*,*,#3732,.T.);
#1707=ORIENTED_EDGE('',*,*,#3733,.T.);
#1708=ORIENTED_EDGE('',*,*,#3734,.T.);
#1709=ORIENTED_EDGE('',*,*,#3735,.T.);
#1710=ORIENTED_EDGE('',*,*,#3736,.T.);
#1711=ORIENTED_EDGE('',*,*,#3737,.T.);
#1712=ORIENTED_EDGE('',*,*,#3738,.T.);
#1713=ORIENTED_EDGE('',*,*,#3739,.T.);
#1714=ORIENTED_EDGE('',*,*,#3740,.T.);
#1715=ORIENTED_EDGE('',*,*,#3741,.T.);
#1716=ORIENTED_EDGE('',*,*,#3742,.T.);
#1717=ORIENTED_EDGE('',*,*,#3743,.T.);
#1718=ORIENTED_EDGE('',*,*,#3744,.T.);
#1719=ORIENTED_EDGE('',*,*,#3745,.T.);
#1720=ORIENTED_EDGE('',*,*,#3746,.T.);
#1721=ORIENTED_EDGE('',*,*,#3747,.T.);
#1722=ORIENTED_EDGE('',*,*,#3748,.T.);
#1723=ORIENTED_EDGE('',*,*,#3749,.T.);
#1724=ORIENTED_EDGE('',*,*,#3750,.T.);
#1725=ORIENTED_EDGE('',*,*,#3751,.T.);
#1726=ORIENTED_EDGE('',*,*,#3752,.T.);
#1727=ORIENTED_EDGE('',*,*,#3753,.T.);
#1728=ORIENTED_EDGE('',*,*,#3754,.T.);
#1729=ORIENTED_EDGE('',*,*,#3755,.T.);
#1730=ORIENTED_EDGE('',*,*,#3756,.T.);
#1731=ORIENTED_EDGE('',*,*,#3757,.T.);
#1732=ORIENTED_EDGE('',*,*,#3758,.T.);
#1733=ORIENTED_EDGE('',*,*,#3759,.T.);
#1734=ORIENTED_EDGE('',*,*,#3760,.T.);
#1735=ORIENTED_EDGE('',*,*,#3761,.T.);
#1736=ORIENTED_EDGE('',*,*,#3762,.T.);
#1737=ORIENTED_EDGE('',*,*,#3763,.T.);
#1738=ORIENTED_EDGE('',*,*,#3764,.T.);
#1739=ORIENTED_EDGE('',*,*,#3765,.T.);
#1740=ORIENTED_EDGE('',*,*,#3766,.T.);
#1741=ORIENTED_EDGE('',*,*,#3767,.T.);
#1742=ORIENTED_EDGE('',*,*,#3768,.T.);
#1743=ORIENTED_EDGE('',*,*,#3769,.T.);
#1744=ORIENTED_EDGE('',*,*,#3770,.T.);
#1745=ORIENTED_EDGE('',*,*,#3771,.T.);
#1746=ORIENTED_EDGE('',*,*,#3772,.T.);
#1747=ORIENTED_EDGE('',*,*,#3773,.T.);
#1748=ORIENTED_EDGE('',*,*,#3774,.T.);
#1749=ORIENTED_EDGE('',*,*,#3775,.T.);
#1750=ORIENTED_EDGE('',*,*,#3776,.T.);
#1751=ORIENTED_EDGE('',*,*,#3777,.T.);
#1752=ORIENTED_EDGE('',*,*,#3778,.T.);
#1753=ORIENTED_EDGE('',*,*,#3779,.T.);
#1754=ORIENTED_EDGE('',*,*,#3780,.T.);
#1755=ORIENTED_EDGE('',*,*,#3781,.T.);
#1756=ORIENTED_EDGE('',*,*,#3782,.T.);
#1757=ORIENTED_EDGE('',*,*,#3783,.T.);
#1758=ORIENTED_EDGE('',*,*,#3784,.T.);
#1759=ORIENTED_EDGE('',*,*,#3785,.T.);
#1760=ORIENTED_EDGE('',*,*,#3786,.T.);
#1761=ORIENTED_EDGE('',*,*,#3787,.T.);
#1762=ORIENTED_EDGE('',*,*,#3788,.T.);
#1763=ORIENTED_EDGE('',*,*,#3789,.T.);
#1764=ORIENTED_EDGE('',*,*,#3790,.T.);
#1765=ORIENTED_EDGE('',*,*,#3791,.T.);
#1766=ORIENTED_EDGE('',*,*,#3792,.T.);
#1767=ORIENTED_EDGE('',*,*,#3793,.T.);
#1768=ORIENTED_EDGE('',*,*,#3794,.T.);
#1769=ORIENTED_EDGE('',*,*,#3795,.T.);
#1770=ORIENTED_EDGE('',*,*,#3796,.T.);
#1771=ORIENTED_EDGE('',*,*,#3797,.T.);
#1772=ORIENTED_EDGE('',*,*,#3798,.T.);
#1773=ORIENTED_EDGE('',*,*,#3799,.T.);
#1774=ORIENTED_EDGE('',*,*,#3800,.T.);
#1775=ORIENTED_EDGE('',*,*,#3801,.T.);
#1776=ORIENTED_EDGE('',*,*,#3802,.T.);
#1777=ORIENTED_EDGE('',*,*,#3803,.T.);
#1778=ORIENTED_EDGE('',*,*,#3804,.T.);
#1779=ORIENTED_EDGE('',*,*,#3805,.T.);
#1780=ORIENTED_EDGE('',*,*,#3806,.T.);
#1781=ORIENTED_EDGE('',*,*,#3807,.T.);
#1782=ORIENTED_EDGE('',*,*,#3808,.T.);
#1783=ORIENTED_EDGE('',*,*,#3809,.T.);
#1784=ORIENTED_EDGE('',*,*,#3810,.T.);
#1785=ORIENTED_EDGE('',*,*,#3811,.T.);
#1786=ORIENTED_EDGE('',*,*,#3812,.T.);
#1787=ORIENTED_EDGE('',*,*,#3813,.T.);
#1788=ORIENTED_EDGE('',*,*,#3814,.T.);
#1789=ORIENTED_EDGE('',*,*,#3815,.T.);
#1790=ORIENTED_EDGE('',*,*,#3816,.T.);
#1791=ORIENTED_EDGE('',*,*,#3817,.T.);
#1792=ORIENTED_EDGE('',*,*,#3818,.T.);
#1793=ORIENTED_EDGE('',*,*,#3819,.T.);
#1794=ORIENTED_EDGE('',*,*,#3820,.T.);
#1795=ORIENTED_EDGE('',*,*,#3821,.T.);
#1796=ORIENTED_EDGE('',*,*,#3822,.T.);
#1797=ORIENTED_EDGE('',*,*,#3823,.T.);
#1798=ORIENTED_EDGE('',*,*,#3824,.T.);
#1799=ORIENTED_EDGE('',*,*,#3825,.T.);
#1800=ORIENTED_EDGE('',*,*,#3826,.T.);
#1801=ORIENTED_EDGE('',*,*,#3827,.T.);
#1802=ORIENTED_EDGE('',*,*,#3828,.T.);
#1803=ORIENTED_EDGE('',*,*,#3829,.T.);
#1804=ORIENTED_EDGE('',*,*,#3830,.T.);
#1805=ORIENTED_EDGE('',*,*,#3831,.T.);
#1806=ORIENTED_EDGE('',*,*,#3832,.F.);
#1807=ORIENTED_EDGE('',*,*,#3833,.T.);
#1808=ORIENTED_EDGE('',*,*,#3834,.T.);
#1809=ORIENTED_EDGE('',*,*,#3835,.T.);
#1810=ORIENTED_EDGE('',*,*,#3836,.T.);
#1811=ORIENTED_EDGE('',*,*,#3837,.T.);
#1812=ORIENTED_EDGE('',*,*,#3838,.T.);
#1813=ORIENTED_EDGE('',*,*,#3839,.T.);
#1814=ORIENTED_EDGE('',*,*,#3840,.T.);
#1815=ORIENTED_EDGE('',*,*,#3841,.T.);
#1816=ORIENTED_EDGE('',*,*,#3842,.T.);
#1817=ORIENTED_EDGE('',*,*,#3843,.F.);
#1818=ORIENTED_EDGE('',*,*,#3844,.T.);
#1819=ORIENTED_EDGE('',*,*,#3845,.F.);
#1820=ORIENTED_EDGE('',*,*,#3846,.T.);
#1821=ORIENTED_EDGE('',*,*,#3847,.T.);
#1822=ORIENTED_EDGE('',*,*,#3848,.T.);
#1823=ORIENTED_EDGE('',*,*,#3849,.T.);
#1824=ORIENTED_EDGE('',*,*,#3850,.T.);
#1825=ORIENTED_EDGE('',*,*,#3851,.F.);
#1826=ORIENTED_EDGE('',*,*,#3852,.F.);
#1827=ORIENTED_EDGE('',*,*,#3853,.T.);
#1828=ORIENTED_EDGE('',*,*,#3854,.F.);
#1829=ORIENTED_EDGE('',*,*,#3855,.T.);
#1830=ORIENTED_EDGE('',*,*,#3856,.F.);
#1831=ORIENTED_EDGE('',*,*,#3857,.T.);
#1832=ORIENTED_EDGE('',*,*,#3858,.F.);
#1833=ORIENTED_EDGE('',*,*,#3859,.T.);
#1834=ORIENTED_EDGE('',*,*,#3860,.F.);
#1835=ORIENTED_EDGE('',*,*,#3861,.T.);
#1836=ORIENTED_EDGE('',*,*,#3862,.T.);
#1837=ORIENTED_EDGE('',*,*,#3863,.F.);
#1838=ORIENTED_EDGE('',*,*,#3864,.F.);
#1839=ORIENTED_EDGE('',*,*,#3865,.T.);
#1840=ORIENTED_EDGE('',*,*,#3866,.T.);
#1841=ORIENTED_EDGE('',*,*,#3867,.T.);
#1842=ORIENTED_EDGE('',*,*,#3868,.T.);
#1843=ORIENTED_EDGE('',*,*,#3869,.T.);
#1844=ORIENTED_EDGE('',*,*,#3870,.F.);
#1845=ORIENTED_EDGE('',*,*,#3871,.F.);
#1846=ORIENTED_EDGE('',*,*,#3872,.T.);
#1847=ORIENTED_EDGE('',*,*,#3873,.F.);
#1848=ORIENTED_EDGE('',*,*,#3874,.F.);
#1849=ORIENTED_EDGE('',*,*,#3875,.F.);
#1850=ORIENTED_EDGE('',*,*,#3876,.F.);
#1851=ORIENTED_EDGE('',*,*,#3877,.F.);
#1852=ORIENTED_EDGE('',*,*,#3878,.T.);
#1853=ORIENTED_EDGE('',*,*,#3879,.F.);
#1854=ORIENTED_EDGE('',*,*,#3880,.T.);
#1855=ORIENTED_EDGE('',*,*,#3881,.F.);
#1856=ORIENTED_EDGE('',*,*,#3882,.T.);
#1857=ORIENTED_EDGE('',*,*,#3883,.F.);
#1858=ORIENTED_EDGE('',*,*,#3884,.F.);
#1859=ORIENTED_EDGE('',*,*,#3885,.F.);
#1860=ORIENTED_EDGE('',*,*,#3886,.F.);
#1861=ORIENTED_EDGE('',*,*,#3887,.F.);
#1862=ORIENTED_EDGE('',*,*,#3888,.T.);
#1863=ORIENTED_EDGE('',*,*,#3889,.F.);
#1864=ORIENTED_EDGE('',*,*,#3890,.T.);
#1865=ORIENTED_EDGE('',*,*,#3891,.F.);
#1866=ORIENTED_EDGE('',*,*,#3892,.F.);
#1867=ORIENTED_EDGE('',*,*,#3893,.F.);
#1868=ORIENTED_EDGE('',*,*,#3894,.F.);
#1869=ORIENTED_EDGE('',*,*,#3895,.F.);
#1870=ORIENTED_EDGE('',*,*,#3896,.T.);
#1871=ORIENTED_EDGE('',*,*,#3897,.F.);
#1872=ORIENTED_EDGE('',*,*,#3898,.T.);
#1873=ORIENTED_EDGE('',*,*,#3899,.F.);
#1874=ORIENTED_EDGE('',*,*,#3900,.F.);
#1875=ORIENTED_EDGE('',*,*,#3901,.F.);
#1876=ORIENTED_EDGE('',*,*,#3902,.F.);
#1877=ORIENTED_EDGE('',*,*,#3903,.F.);
#1878=ORIENTED_EDGE('',*,*,#3904,.T.);
#1879=ORIENTED_EDGE('',*,*,#3905,.F.);
#1880=ORIENTED_EDGE('',*,*,#3906,.T.);
#1881=ORIENTED_EDGE('',*,*,#3907,.F.);
#1882=ORIENTED_EDGE('',*,*,#3908,.F.);
#1883=ORIENTED_EDGE('',*,*,#3909,.F.);
#1884=ORIENTED_EDGE('',*,*,#3910,.F.);
#1885=ORIENTED_EDGE('',*,*,#3911,.F.);
#1886=ORIENTED_EDGE('',*,*,#3912,.T.);
#1887=ORIENTED_EDGE('',*,*,#3913,.F.);
#1888=ORIENTED_EDGE('',*,*,#3914,.T.);
#1889=ORIENTED_EDGE('',*,*,#3915,.F.);
#1890=ORIENTED_EDGE('',*,*,#3916,.F.);
#1891=ORIENTED_EDGE('',*,*,#3917,.F.);
#1892=ORIENTED_EDGE('',*,*,#3918,.F.);
#1893=ORIENTED_EDGE('',*,*,#3919,.F.);
#1894=ORIENTED_EDGE('',*,*,#3920,.T.);
#1895=ORIENTED_EDGE('',*,*,#3921,.F.);
#1896=ORIENTED_EDGE('',*,*,#3922,.T.);
#1897=ORIENTED_EDGE('',*,*,#3923,.F.);
#1898=ORIENTED_EDGE('',*,*,#3924,.F.);
#1899=ORIENTED_EDGE('',*,*,#3925,.F.);
#1900=ORIENTED_EDGE('',*,*,#3926,.F.);
#1901=ORIENTED_EDGE('',*,*,#3927,.T.);
#1902=ORIENTED_EDGE('',*,*,#3928,.T.);
#1903=ORIENTED_EDGE('',*,*,#3929,.T.);
#1904=ORIENTED_EDGE('',*,*,#3930,.T.);
#1905=ORIENTED_EDGE('',*,*,#3931,.F.);
#1906=ORIENTED_EDGE('',*,*,#3932,.T.);
#1907=ORIENTED_EDGE('',*,*,#3933,.F.);
#1908=ORIENTED_EDGE('',*,*,#3934,.T.);
#1909=ORIENTED_EDGE('',*,*,#3935,.T.);
#1910=ORIENTED_EDGE('',*,*,#3936,.T.);
#1911=ORIENTED_EDGE('',*,*,#3937,.T.);
#1912=ORIENTED_EDGE('',*,*,#3938,.F.);
#1913=ORIENTED_EDGE('',*,*,#3939,.T.);
#1914=ORIENTED_EDGE('',*,*,#3940,.T.);
#1915=ORIENTED_EDGE('',*,*,#3941,.T.);
#1916=ORIENTED_EDGE('',*,*,#3942,.T.);
#1917=ORIENTED_EDGE('',*,*,#3943,.T.);
#1918=ORIENTED_EDGE('',*,*,#3944,.F.);
#1919=ORIENTED_EDGE('',*,*,#3945,.T.);
#1920=ORIENTED_EDGE('',*,*,#3946,.T.);
#1921=ORIENTED_EDGE('',*,*,#3947,.T.);
#1922=ORIENTED_EDGE('',*,*,#3948,.T.);
#1923=ORIENTED_EDGE('',*,*,#3949,.T.);
#1924=ORIENTED_EDGE('',*,*,#3950,.F.);
#1925=ORIENTED_EDGE('',*,*,#3951,.T.);
#1926=ORIENTED_EDGE('',*,*,#3952,.F.);
#1927=ORIENTED_EDGE('',*,*,#3953,.T.);
#1928=ORIENTED_EDGE('',*,*,#3954,.T.);
#1929=ORIENTED_EDGE('',*,*,#3955,.T.);
#1930=ORIENTED_EDGE('',*,*,#3956,.T.);
#1931=ORIENTED_EDGE('',*,*,#3957,.T.);
#1932=ORIENTED_EDGE('',*,*,#3958,.F.);
#1933=ORIENTED_EDGE('',*,*,#3959,.T.);
#1934=ORIENTED_EDGE('',*,*,#3960,.F.);
#1935=ORIENTED_EDGE('',*,*,#3961,.T.);
#1936=ORIENTED_EDGE('',*,*,#3962,.T.);
#1937=ORIENTED_EDGE('',*,*,#3963,.T.);
#1938=ORIENTED_EDGE('',*,*,#3964,.T.);
#1939=ORIENTED_EDGE('',*,*,#3965,.T.);
#1940=ORIENTED_EDGE('',*,*,#3966,.F.);
#1941=ORIENTED_EDGE('',*,*,#3967,.T.);
#1942=ORIENTED_EDGE('',*,*,#3968,.F.);
#1943=ORIENTED_EDGE('',*,*,#3969,.T.);
#1944=ORIENTED_EDGE('',*,*,#3970,.T.);
#1945=ORIENTED_EDGE('',*,*,#3971,.T.);
#1946=ORIENTED_EDGE('',*,*,#3972,.T.);
#1947=ORIENTED_EDGE('',*,*,#3973,.T.);
#1948=ORIENTED_EDGE('',*,*,#3974,.F.);
#1949=ORIENTED_EDGE('',*,*,#3975,.T.);
#1950=ORIENTED_EDGE('',*,*,#3976,.F.);
#1951=ORIENTED_EDGE('',*,*,#3977,.T.);
#1952=ORIENTED_EDGE('',*,*,#3978,.T.);
#1953=ORIENTED_EDGE('',*,*,#3979,.T.);
#1954=ORIENTED_EDGE('',*,*,#3980,.T.);
#1955=ORIENTED_EDGE('',*,*,#3981,.T.);
#1956=ORIENTED_EDGE('',*,*,#3982,.F.);
#1957=ORIENTED_EDGE('',*,*,#3983,.T.);
#1958=ORIENTED_EDGE('',*,*,#3984,.F.);
#1959=ORIENTED_EDGE('',*,*,#3985,.T.);
#1960=ORIENTED_EDGE('',*,*,#3986,.T.);
#1961=ORIENTED_EDGE('',*,*,#3987,.T.);
#1962=ORIENTED_EDGE('',*,*,#3988,.T.);
#1963=ORIENTED_EDGE('',*,*,#3989,.T.);
#1964=ORIENTED_EDGE('',*,*,#3990,.F.);
#1965=ORIENTED_EDGE('',*,*,#3991,.T.);
#1966=ORIENTED_EDGE('',*,*,#3992,.F.);
#1967=ORIENTED_EDGE('',*,*,#3993,.F.);
#1968=ORIENTED_EDGE('',*,*,#3994,.F.);
#1969=ORIENTED_EDGE('',*,*,#3985,.F.);
#1970=ORIENTED_EDGE('',*,*,#3995,.F.);
#1971=ORIENTED_EDGE('',*,*,#3919,.T.);
#1972=ORIENTED_EDGE('',*,*,#3996,.T.);
#1973=ORIENTED_EDGE('',*,*,#3992,.T.);
#1974=ORIENTED_EDGE('',*,*,#3997,.F.);
#1975=ORIENTED_EDGE('',*,*,#3920,.F.);
#1976=ORIENTED_EDGE('',*,*,#3995,.T.);
#1977=ORIENTED_EDGE('',*,*,#3991,.F.);
#1978=ORIENTED_EDGE('',*,*,#3998,.F.);
#1979=ORIENTED_EDGE('',*,*,#3921,.T.);
#1980=ORIENTED_EDGE('',*,*,#3997,.T.);
#1981=ORIENTED_EDGE('',*,*,#3990,.T.);
#1982=ORIENTED_EDGE('',*,*,#3999,.F.);
#1983=ORIENTED_EDGE('',*,*,#3922,.F.);
#1984=ORIENTED_EDGE('',*,*,#3998,.T.);
#1985=ORIENTED_EDGE('',*,*,#3989,.F.);
#1986=ORIENTED_EDGE('',*,*,#4000,.F.);
#1987=ORIENTED_EDGE('',*,*,#3923,.T.);
#1988=ORIENTED_EDGE('',*,*,#3999,.T.);
#1989=ORIENTED_EDGE('',*,*,#3988,.F.);
#1990=ORIENTED_EDGE('',*,*,#4001,.F.);
#1991=ORIENTED_EDGE('',*,*,#3924,.T.);
#1992=ORIENTED_EDGE('',*,*,#4000,.T.);
#1993=ORIENTED_EDGE('',*,*,#3987,.F.);
#1994=ORIENTED_EDGE('',*,*,#4002,.F.);
#1995=ORIENTED_EDGE('',*,*,#3925,.T.);
#1996=ORIENTED_EDGE('',*,*,#4001,.T.);
#1997=ORIENTED_EDGE('',*,*,#3977,.F.);
#1998=ORIENTED_EDGE('',*,*,#4003,.F.);
#1999=ORIENTED_EDGE('',*,*,#3911,.T.);
#2000=ORIENTED_EDGE('',*,*,#4004,.T.);
#2001=ORIENTED_EDGE('',*,*,#3984,.T.);
#2002=ORIENTED_EDGE('',*,*,#4005,.F.);
#2003=ORIENTED_EDGE('',*,*,#3912,.F.);
#2004=ORIENTED_EDGE('',*,*,#4003,.T.);
#2005=ORIENTED_EDGE('',*,*,#3983,.F.);
#2006=ORIENTED_EDGE('',*,*,#4006,.F.);
#2007=ORIENTED_EDGE('',*,*,#3913,.T.);
#2008=ORIENTED_EDGE('',*,*,#4005,.T.);
#2009=ORIENTED_EDGE('',*,*,#3982,.T.);
#2010=ORIENTED_EDGE('',*,*,#4007,.F.);
#2011=ORIENTED_EDGE('',*,*,#3914,.F.);
#2012=ORIENTED_EDGE('',*,*,#4006,.T.);
#2013=ORIENTED_EDGE('',*,*,#3981,.F.);
#2014=ORIENTED_EDGE('',*,*,#4008,.F.);
#2015=ORIENTED_EDGE('',*,*,#3915,.T.);
#2016=ORIENTED_EDGE('',*,*,#4007,.T.);
#2017=ORIENTED_EDGE('',*,*,#3980,.F.);
#2018=ORIENTED_EDGE('',*,*,#4009,.F.);
#2019=ORIENTED_EDGE('',*,*,#3916,.T.);
#2020=ORIENTED_EDGE('',*,*,#4008,.T.);
#2021=ORIENTED_EDGE('',*,*,#3979,.F.);
#2022=ORIENTED_EDGE('',*,*,#4010,.F.);
#2023=ORIENTED_EDGE('',*,*,#3917,.T.);
#2024=ORIENTED_EDGE('',*,*,#4009,.T.);
#2025=ORIENTED_EDGE('',*,*,#3969,.F.);
#2026=ORIENTED_EDGE('',*,*,#4011,.F.);
#2027=ORIENTED_EDGE('',*,*,#3903,.T.);
#2028=ORIENTED_EDGE('',*,*,#4012,.T.);
#2029=ORIENTED_EDGE('',*,*,#3976,.T.);
#2030=ORIENTED_EDGE('',*,*,#4013,.F.);
#2031=ORIENTED_EDGE('',*,*,#3904,.F.);
#2032=ORIENTED_EDGE('',*,*,#4011,.T.);
#2033=ORIENTED_EDGE('',*,*,#3975,.F.);
#2034=ORIENTED_EDGE('',*,*,#4014,.F.);
#2035=ORIENTED_EDGE('',*,*,#3905,.T.);
#2036=ORIENTED_EDGE('',*,*,#4013,.T.);
#2037=ORIENTED_EDGE('',*,*,#3974,.T.);
#2038=ORIENTED_EDGE('',*,*,#4015,.F.);
#2039=ORIENTED_EDGE('',*,*,#3906,.F.);
#2040=ORIENTED_EDGE('',*,*,#4014,.T.);
#2041=ORIENTED_EDGE('',*,*,#3973,.F.);
#2042=ORIENTED_EDGE('',*,*,#4016,.F.);
#2043=ORIENTED_EDGE('',*,*,#3907,.T.);
#2044=ORIENTED_EDGE('',*,*,#4015,.T.);
#2045=ORIENTED_EDGE('',*,*,#3972,.F.);
#2046=ORIENTED_EDGE('',*,*,#4017,.F.);
#2047=ORIENTED_EDGE('',*,*,#3908,.T.);
#2048=ORIENTED_EDGE('',*,*,#4016,.T.);
#2049=ORIENTED_EDGE('',*,*,#3971,.F.);
#2050=ORIENTED_EDGE('',*,*,#4018,.F.);
#2051=ORIENTED_EDGE('',*,*,#3909,.T.);
#2052=ORIENTED_EDGE('',*,*,#4017,.T.);
#2053=ORIENTED_EDGE('',*,*,#3961,.F.);
#2054=ORIENTED_EDGE('',*,*,#4019,.F.);
#2055=ORIENTED_EDGE('',*,*,#3895,.T.);
#2056=ORIENTED_EDGE('',*,*,#4020,.T.);
#2057=ORIENTED_EDGE('',*,*,#3968,.T.);
#2058=ORIENTED_EDGE('',*,*,#4021,.F.);
#2059=ORIENTED_EDGE('',*,*,#3896,.F.);
#2060=ORIENTED_EDGE('',*,*,#4019,.T.);
#2061=ORIENTED_EDGE('',*,*,#3967,.F.);
#2062=ORIENTED_EDGE('',*,*,#4022,.F.);
#2063=ORIENTED_EDGE('',*,*,#3897,.T.);
#2064=ORIENTED_EDGE('',*,*,#4021,.T.);
#2065=ORIENTED_EDGE('',*,*,#3966,.T.);
#2066=ORIENTED_EDGE('',*,*,#4023,.F.);
#2067=ORIENTED_EDGE('',*,*,#3898,.F.);
#2068=ORIENTED_EDGE('',*,*,#4022,.T.);
#2069=ORIENTED_EDGE('',*,*,#3965,.F.);
#2070=ORIENTED_EDGE('',*,*,#4024,.F.);
#2071=ORIENTED_EDGE('',*,*,#3899,.T.);
#2072=ORIENTED_EDGE('',*,*,#4023,.T.);
#2073=ORIENTED_EDGE('',*,*,#3964,.F.);
#2074=ORIENTED_EDGE('',*,*,#4025,.F.);
#2075=ORIENTED_EDGE('',*,*,#3900,.T.);
#2076=ORIENTED_EDGE('',*,*,#4024,.T.);
#2077=ORIENTED_EDGE('',*,*,#3963,.F.);
#2078=ORIENTED_EDGE('',*,*,#4026,.F.);
#2079=ORIENTED_EDGE('',*,*,#3901,.T.);
#2080=ORIENTED_EDGE('',*,*,#4025,.T.);
#2081=ORIENTED_EDGE('',*,*,#3953,.F.);
#2082=ORIENTED_EDGE('',*,*,#4027,.F.);
#2083=ORIENTED_EDGE('',*,*,#3887,.T.);
#2084=ORIENTED_EDGE('',*,*,#4028,.T.);
#2085=ORIENTED_EDGE('',*,*,#3960,.T.);
#2086=ORIENTED_EDGE('',*,*,#4029,.F.);
#2087=ORIENTED_EDGE('',*,*,#3888,.F.);
#2088=ORIENTED_EDGE('',*,*,#4027,.T.);
#2089=ORIENTED_EDGE('',*,*,#3959,.F.);
#2090=ORIENTED_EDGE('',*,*,#4030,.F.);
#2091=ORIENTED_EDGE('',*,*,#3889,.T.);
#2092=ORIENTED_EDGE('',*,*,#4029,.T.);
#2093=ORIENTED_EDGE('',*,*,#3958,.T.);
#2094=ORIENTED_EDGE('',*,*,#4031,.F.);
#2095=ORIENTED_EDGE('',*,*,#3890,.F.);
#2096=ORIENTED_EDGE('',*,*,#4030,.T.);
#2097=ORIENTED_EDGE('',*,*,#3957,.F.);
#2098=ORIENTED_EDGE('',*,*,#4032,.F.);
#2099=ORIENTED_EDGE('',*,*,#3891,.T.);
#2100=ORIENTED_EDGE('',*,*,#4031,.T.);
#2101=ORIENTED_EDGE('',*,*,#3956,.F.);
#2102=ORIENTED_EDGE('',*,*,#4033,.F.);
#2103=ORIENTED_EDGE('',*,*,#3892,.T.);
#2104=ORIENTED_EDGE('',*,*,#4032,.T.);
#2105=ORIENTED_EDGE('',*,*,#3955,.F.);
#2106=ORIENTED_EDGE('',*,*,#4034,.F.);
#2107=ORIENTED_EDGE('',*,*,#3893,.T.);
#2108=ORIENTED_EDGE('',*,*,#4033,.T.);
#2109=ORIENTED_EDGE('',*,*,#3945,.F.);
#2110=ORIENTED_EDGE('',*,*,#4035,.F.);
#2111=ORIENTED_EDGE('',*,*,#3879,.T.);
#2112=ORIENTED_EDGE('',*,*,#4036,.T.);
#2113=ORIENTED_EDGE('',*,*,#3952,.T.);
#2114=ORIENTED_EDGE('',*,*,#4037,.F.);
#2115=ORIENTED_EDGE('',*,*,#3880,.F.);
#2116=ORIENTED_EDGE('',*,*,#4035,.T.);
#2117=ORIENTED_EDGE('',*,*,#3951,.F.);
#2118=ORIENTED_EDGE('',*,*,#4038,.F.);
#2119=ORIENTED_EDGE('',*,*,#3881,.T.);
#2120=ORIENTED_EDGE('',*,*,#4037,.T.);
#2121=ORIENTED_EDGE('',*,*,#3950,.T.);
#2122=ORIENTED_EDGE('',*,*,#4039,.F.);
#2123=ORIENTED_EDGE('',*,*,#3882,.F.);
#2124=ORIENTED_EDGE('',*,*,#4038,.T.);
#2125=ORIENTED_EDGE('',*,*,#3949,.F.);
#2126=ORIENTED_EDGE('',*,*,#4040,.F.);
#2127=ORIENTED_EDGE('',*,*,#3883,.T.);
#2128=ORIENTED_EDGE('',*,*,#4039,.T.);
#2129=ORIENTED_EDGE('',*,*,#3948,.F.);
#2130=ORIENTED_EDGE('',*,*,#4041,.F.);
#2131=ORIENTED_EDGE('',*,*,#3884,.T.);
#2132=ORIENTED_EDGE('',*,*,#4040,.T.);
#2133=ORIENTED_EDGE('',*,*,#3947,.F.);
#2134=ORIENTED_EDGE('',*,*,#4042,.F.);
#2135=ORIENTED_EDGE('',*,*,#3885,.T.);
#2136=ORIENTED_EDGE('',*,*,#4041,.T.);
#2137=ORIENTED_EDGE('',*,*,#3937,.F.);
#2138=ORIENTED_EDGE('',*,*,#4043,.F.);
#2139=ORIENTED_EDGE('',*,*,#3871,.T.);
#2140=ORIENTED_EDGE('',*,*,#4044,.T.);
#2141=ORIENTED_EDGE('',*,*,#3944,.T.);
#2142=ORIENTED_EDGE('',*,*,#4045,.F.);
#2143=ORIENTED_EDGE('',*,*,#3872,.F.);
#2144=ORIENTED_EDGE('',*,*,#4043,.T.);
#2145=ORIENTED_EDGE('',*,*,#3943,.F.);
#2146=ORIENTED_EDGE('',*,*,#4046,.F.);
#2147=ORIENTED_EDGE('',*,*,#3873,.T.);
#2148=ORIENTED_EDGE('',*,*,#4045,.T.);
#2149=ORIENTED_EDGE('',*,*,#3942,.F.);
#2150=ORIENTED_EDGE('',*,*,#4047,.F.);
#2151=ORIENTED_EDGE('',*,*,#3874,.T.);
#2152=ORIENTED_EDGE('',*,*,#4046,.T.);
#2153=ORIENTED_EDGE('',*,*,#3941,.F.);
#2154=ORIENTED_EDGE('',*,*,#4048,.F.);
#2155=ORIENTED_EDGE('',*,*,#3875,.T.);
#2156=ORIENTED_EDGE('',*,*,#4047,.T.);
#2157=ORIENTED_EDGE('',*,*,#3940,.F.);
#2158=ORIENTED_EDGE('',*,*,#4049,.F.);
#2159=ORIENTED_EDGE('',*,*,#3876,.T.);
#2160=ORIENTED_EDGE('',*,*,#4048,.T.);
#2161=ORIENTED_EDGE('',*,*,#3939,.F.);
#2162=ORIENTED_EDGE('',*,*,#4050,.F.);
#2163=ORIENTED_EDGE('',*,*,#3877,.T.);
#2164=ORIENTED_EDGE('',*,*,#4049,.T.);
#2165=ORIENTED_EDGE('',*,*,#3681,.F.);
#2166=ORIENTED_EDGE('',*,*,#4051,.T.);
#2167=ORIENTED_EDGE('',*,*,#4052,.T.);
#2168=ORIENTED_EDGE('',*,*,#4053,.F.);
#2169=ORIENTED_EDGE('',*,*,#4054,.T.);
#2170=ORIENTED_EDGE('',*,*,#3856,.T.);
#2171=ORIENTED_EDGE('',*,*,#4055,.T.);
#2172=ORIENTED_EDGE('',*,*,#3935,.F.);
#2173=ORIENTED_EDGE('',*,*,#4056,.T.);
#2174=ORIENTED_EDGE('',*,*,#3843,.T.);
#2175=ORIENTED_EDGE('',*,*,#4057,.T.);
#2176=ORIENTED_EDGE('',*,*,#4058,.F.);
#2177=ORIENTED_EDGE('',*,*,#4059,.T.);
#2178=ORIENTED_EDGE('',*,*,#3685,.T.);
#2179=ORIENTED_EDGE('',*,*,#4060,.T.);
#2180=ORIENTED_EDGE('',*,*,#3839,.F.);
#2181=ORIENTED_EDGE('',*,*,#4061,.T.);
#2182=ORIENTED_EDGE('',*,*,#3933,.T.);
#2183=ORIENTED_EDGE('',*,*,#4062,.T.);
#2184=ORIENTED_EDGE('',*,*,#3847,.F.);
#2185=ORIENTED_EDGE('',*,*,#4063,.T.);
#2186=ORIENTED_EDGE('',*,*,#4064,.F.);
#2187=ORIENTED_EDGE('',*,*,#3836,.F.);
#2188=ORIENTED_EDGE('',*,*,#4065,.T.);
#2189=ORIENTED_EDGE('',*,*,#4066,.F.);
#2190=ORIENTED_EDGE('',*,*,#4067,.T.);
#2191=ORIENTED_EDGE('',*,*,#3849,.F.);
#2192=ORIENTED_EDGE('',*,*,#4068,.T.);
#2193=ORIENTED_EDGE('',*,*,#3931,.T.);
#2194=ORIENTED_EDGE('',*,*,#4069,.T.);
#2195=ORIENTED_EDGE('',*,*,#3978,.F.);
#2196=ORIENTED_EDGE('',*,*,#4004,.F.);
#2197=ORIENTED_EDGE('',*,*,#3918,.T.);
#2198=ORIENTED_EDGE('',*,*,#4010,.T.);
#2199=ORIENTED_EDGE('',*,*,#3970,.F.);
#2200=ORIENTED_EDGE('',*,*,#4012,.F.);
#2201=ORIENTED_EDGE('',*,*,#3910,.T.);
#2202=ORIENTED_EDGE('',*,*,#4018,.T.);
#2203=ORIENTED_EDGE('',*,*,#3962,.F.);
#2204=ORIENTED_EDGE('',*,*,#4020,.F.);
#2205=ORIENTED_EDGE('',*,*,#3902,.T.);
#2206=ORIENTED_EDGE('',*,*,#4026,.T.);
#2207=ORIENTED_EDGE('',*,*,#3954,.F.);
#2208=ORIENTED_EDGE('',*,*,#4028,.F.);
#2209=ORIENTED_EDGE('',*,*,#3894,.T.);
#2210=ORIENTED_EDGE('',*,*,#4034,.T.);
#2211=ORIENTED_EDGE('',*,*,#3946,.F.);
#2212=ORIENTED_EDGE('',*,*,#4036,.F.);
#2213=ORIENTED_EDGE('',*,*,#3886,.T.);
#2214=ORIENTED_EDGE('',*,*,#4042,.T.);
#2215=ORIENTED_EDGE('',*,*,#3938,.T.);
#2216=ORIENTED_EDGE('',*,*,#4044,.F.);
#2217=ORIENTED_EDGE('',*,*,#3878,.F.);
#2218=ORIENTED_EDGE('',*,*,#4050,.T.);
#2219=ORIENTED_EDGE('',*,*,#3854,.T.);
#2220=ORIENTED_EDGE('',*,*,#4070,.T.);
#2221=ORIENTED_EDGE('',*,*,#4071,.F.);
#2222=ORIENTED_EDGE('',*,*,#4072,.T.);
#2223=ORIENTED_EDGE('',*,*,#3832,.T.);
#2224=ORIENTED_EDGE('',*,*,#4073,.T.);
#2225=ORIENTED_EDGE('',*,*,#3929,.F.);
#2226=ORIENTED_EDGE('',*,*,#4074,.T.);
#2227=ORIENTED_EDGE('',*,*,#3986,.F.);
#2228=ORIENTED_EDGE('',*,*,#3996,.F.);
#2229=ORIENTED_EDGE('',*,*,#3926,.T.);
#2230=ORIENTED_EDGE('',*,*,#4002,.T.);
#2231=ORIENTED_EDGE('',*,*,#3858,.T.);
#2232=ORIENTED_EDGE('',*,*,#3928,.F.);
#2233=ORIENTED_EDGE('',*,*,#3838,.F.);
#2234=ORIENTED_EDGE('',*,*,#3993,.T.);
#2235=ORIENTED_EDGE('',*,*,#3851,.T.);
#2236=ORIENTED_EDGE('',*,*,#3927,.F.);
#2237=ORIENTED_EDGE('',*,*,#3831,.F.);
#2238=ORIENTED_EDGE('',*,*,#3994,.T.);
#2239=ORIENTED_EDGE('',*,*,#3837,.F.);
#2240=ORIENTED_EDGE('',*,*,#4069,.F.);
#2241=ORIENTED_EDGE('',*,*,#3930,.F.);
#2242=ORIENTED_EDGE('',*,*,#4073,.F.);
#2243=ORIENTED_EDGE('',*,*,#3848,.F.);
#2244=ORIENTED_EDGE('',*,*,#4062,.F.);
#2245=ORIENTED_EDGE('',*,*,#3932,.F.);
#2246=ORIENTED_EDGE('',*,*,#4068,.F.);
#2247=ORIENTED_EDGE('',*,*,#3844,.F.);
#2248=ORIENTED_EDGE('',*,*,#4056,.F.);
#2249=ORIENTED_EDGE('',*,*,#3934,.F.);
#2250=ORIENTED_EDGE('',*,*,#4061,.F.);
#2251=ORIENTED_EDGE('',*,*,#3855,.F.);
#2252=ORIENTED_EDGE('',*,*,#4074,.F.);
#2253=ORIENTED_EDGE('',*,*,#3936,.F.);
#2254=ORIENTED_EDGE('',*,*,#4055,.F.);
#2255=ORIENTED_EDGE('',*,*,#4075,.T.);
#2256=ORIENTED_EDGE('',*,*,#4076,.T.);
#2257=ORIENTED_EDGE('',*,*,#3834,.F.);
#2258=ORIENTED_EDGE('',*,*,#4077,.T.);
#2259=ORIENTED_EDGE('',*,*,#3852,.T.);
#2260=ORIENTED_EDGE('',*,*,#4078,.T.);
#2261=ORIENTED_EDGE('',*,*,#4079,.F.);
#2262=ORIENTED_EDGE('',*,*,#4080,.T.);
#2263=ORIENTED_EDGE('',*,*,#3841,.F.);
#2264=ORIENTED_EDGE('',*,*,#4081,.T.);
#2265=ORIENTED_EDGE('',*,*,#3683,.T.);
#2266=ORIENTED_EDGE('',*,*,#4082,.T.);
#2267=ORIENTED_EDGE('',*,*,#3845,.T.);
#2268=ORIENTED_EDGE('',*,*,#4083,.T.);
#2269=ORIENTED_EDGE('',*,*,#4084,.F.);
#2270=ORIENTED_EDGE('',*,*,#4085,.T.);
#2271=ORIENTED_EDGE('',*,*,#3859,.F.);
#2272=ORIENTED_EDGE('',*,*,#4086,.F.);
#2273=ORIENTED_EDGE('',*,*,#4087,.T.);
#2274=ORIENTED_EDGE('',*,*,#4088,.T.);
#2275=ORIENTED_EDGE('',*,*,#3870,.T.);
#2276=ORIENTED_EDGE('',*,*,#4089,.F.);
#2277=ORIENTED_EDGE('',*,*,#4090,.F.);
#2278=ORIENTED_EDGE('',*,*,#4086,.T.);
#2279=ORIENTED_EDGE('',*,*,#3869,.F.);
#2280=ORIENTED_EDGE('',*,*,#4091,.F.);
#2281=ORIENTED_EDGE('',*,*,#4092,.T.);
#2282=ORIENTED_EDGE('',*,*,#4089,.T.);
#2283=ORIENTED_EDGE('',*,*,#3868,.F.);
#2284=ORIENTED_EDGE('',*,*,#4093,.F.);
#2285=ORIENTED_EDGE('',*,*,#4094,.T.);
#2286=ORIENTED_EDGE('',*,*,#4091,.T.);
#2287=ORIENTED_EDGE('',*,*,#3867,.F.);
#2288=ORIENTED_EDGE('',*,*,#4095,.F.);
#2289=ORIENTED_EDGE('',*,*,#4096,.T.);
#2290=ORIENTED_EDGE('',*,*,#4093,.T.);
#2291=ORIENTED_EDGE('',*,*,#3866,.F.);
#2292=ORIENTED_EDGE('',*,*,#4097,.F.);
#2293=ORIENTED_EDGE('',*,*,#4098,.T.);
#2294=ORIENTED_EDGE('',*,*,#4095,.T.);
#2295=ORIENTED_EDGE('',*,*,#3865,.F.);
#2296=ORIENTED_EDGE('',*,*,#4099,.F.);
#2297=ORIENTED_EDGE('',*,*,#4100,.T.);
#2298=ORIENTED_EDGE('',*,*,#4097,.T.);
#2299=ORIENTED_EDGE('',*,*,#4101,.F.);
#2300=ORIENTED_EDGE('',*,*,#4102,.T.);
#2301=ORIENTED_EDGE('',*,*,#4058,.T.);
#2302=ORIENTED_EDGE('',*,*,#4103,.F.);
#2303=ORIENTED_EDGE('',*,*,#4099,.T.);
#2304=ORIENTED_EDGE('',*,*,#3864,.T.);
#2305=ORIENTED_EDGE('',*,*,#4104,.F.);
#2306=ORIENTED_EDGE('',*,*,#4105,.T.);
#2307=ORIENTED_EDGE('',*,*,#4101,.T.);
#2308=ORIENTED_EDGE('',*,*,#3863,.T.);
#2309=ORIENTED_EDGE('',*,*,#4052,.F.);
#2310=ORIENTED_EDGE('',*,*,#4106,.T.);
#2311=ORIENTED_EDGE('',*,*,#4104,.T.);
#2312=ORIENTED_EDGE('',*,*,#3862,.F.);
#2313=ORIENTED_EDGE('',*,*,#4107,.F.);
#2314=ORIENTED_EDGE('',*,*,#4108,.T.);
#2315=ORIENTED_EDGE('',*,*,#3861,.F.);
#2316=ORIENTED_EDGE('',*,*,#4109,.F.);
#2317=ORIENTED_EDGE('',*,*,#4110,.T.);
#2318=ORIENTED_EDGE('',*,*,#4107,.T.);
#2319=ORIENTED_EDGE('',*,*,#3860,.T.);
#2320=ORIENTED_EDGE('',*,*,#4088,.F.);
#2321=ORIENTED_EDGE('',*,*,#4111,.F.);
#2322=ORIENTED_EDGE('',*,*,#4109,.T.);
#2323=ORIENTED_EDGE('',*,*,#4079,.T.);
#2324=ORIENTED_EDGE('',*,*,#4112,.T.);
#2325=ORIENTED_EDGE('',*,*,#4053,.T.);
#2326=ORIENTED_EDGE('',*,*,#4108,.F.);
#2327=ORIENTED_EDGE('',*,*,#4110,.F.);
#2328=ORIENTED_EDGE('',*,*,#4111,.T.);
#2329=ORIENTED_EDGE('',*,*,#4087,.F.);
#2330=ORIENTED_EDGE('',*,*,#4090,.T.);
#2331=ORIENTED_EDGE('',*,*,#4092,.F.);
#2332=ORIENTED_EDGE('',*,*,#4094,.F.);
#2333=ORIENTED_EDGE('',*,*,#4096,.F.);
#2334=ORIENTED_EDGE('',*,*,#4098,.F.);
#2335=ORIENTED_EDGE('',*,*,#4100,.F.);
#2336=ORIENTED_EDGE('',*,*,#4103,.T.);
#2337=ORIENTED_EDGE('',*,*,#4064,.T.);
#2338=ORIENTED_EDGE('',*,*,#4113,.T.);
#2339=ORIENTED_EDGE('',*,*,#4084,.T.);
#2340=ORIENTED_EDGE('',*,*,#4114,.T.);
#2341=ORIENTED_EDGE('',*,*,#4066,.T.);
#2342=ORIENTED_EDGE('',*,*,#4115,.T.);
#2343=ORIENTED_EDGE('',*,*,#4075,.F.);
#2344=ORIENTED_EDGE('',*,*,#4116,.T.);
#2345=ORIENTED_EDGE('',*,*,#4071,.T.);
#2346=ORIENTED_EDGE('',*,*,#4117,.T.);
#2347=ORIENTED_EDGE('',*,*,#3684,.F.);
#2348=ORIENTED_EDGE('',*,*,#4081,.F.);
#2349=ORIENTED_EDGE('',*,*,#3840,.F.);
#2350=ORIENTED_EDGE('',*,*,#4060,.F.);
#2351=ORIENTED_EDGE('',*,*,#3682,.F.);
#2352=ORIENTED_EDGE('',*,*,#4057,.F.);
#2353=ORIENTED_EDGE('',*,*,#3842,.F.);
#2354=ORIENTED_EDGE('',*,*,#4082,.F.);
#2355=ORIENTED_EDGE('',*,*,#4112,.F.);
#2356=ORIENTED_EDGE('',*,*,#4078,.F.);
#2357=ORIENTED_EDGE('',*,*,#3857,.F.);
#2358=ORIENTED_EDGE('',*,*,#4054,.F.);
#2359=ORIENTED_EDGE('',*,*,#4117,.F.);
#2360=ORIENTED_EDGE('',*,*,#4070,.F.);
#2361=ORIENTED_EDGE('',*,*,#3853,.F.);
#2362=ORIENTED_EDGE('',*,*,#4080,.F.);
#2363=ORIENTED_EDGE('',*,*,#4115,.F.);
#2364=ORIENTED_EDGE('',*,*,#4065,.F.);
#2365=ORIENTED_EDGE('',*,*,#3835,.F.);
#2366=ORIENTED_EDGE('',*,*,#4076,.F.);
#2367=ORIENTED_EDGE('',*,*,#4116,.F.);
#2368=ORIENTED_EDGE('',*,*,#4077,.F.);
#2369=ORIENTED_EDGE('',*,*,#3833,.F.);
#2370=ORIENTED_EDGE('',*,*,#4072,.F.);
#2371=ORIENTED_EDGE('',*,*,#4114,.F.);
#2372=ORIENTED_EDGE('',*,*,#4083,.F.);
#2373=ORIENTED_EDGE('',*,*,#3850,.F.);
#2374=ORIENTED_EDGE('',*,*,#4067,.F.);
#2375=ORIENTED_EDGE('',*,*,#4113,.F.);
#2376=ORIENTED_EDGE('',*,*,#4063,.F.);
#2377=ORIENTED_EDGE('',*,*,#3846,.F.);
#2378=ORIENTED_EDGE('',*,*,#4085,.F.);
#2379=ORIENTED_EDGE('',*,*,#4059,.F.);
#2380=ORIENTED_EDGE('',*,*,#4102,.F.);
#2381=ORIENTED_EDGE('',*,*,#4118,.F.);
#2382=ORIENTED_EDGE('',*,*,#3679,.F.);
#2383=ORIENTED_EDGE('',*,*,#4118,.T.);
#2384=ORIENTED_EDGE('',*,*,#4105,.F.);
#2385=ORIENTED_EDGE('',*,*,#4119,.F.);
#2386=ORIENTED_EDGE('',*,*,#4119,.T.);
#2387=ORIENTED_EDGE('',*,*,#4106,.F.);
#2388=ORIENTED_EDGE('',*,*,#4051,.F.);
#2389=ORIENTED_EDGE('',*,*,#3680,.F.);
#2390=ORIENTED_EDGE('',*,*,#3655,.F.);
#2391=ORIENTED_EDGE('',*,*,#4120,.F.);
#2392=ORIENTED_EDGE('',*,*,#4121,.T.);
#2393=ORIENTED_EDGE('',*,*,#4122,.T.);
#2394=ORIENTED_EDGE('',*,*,#3654,.F.);
#2395=ORIENTED_EDGE('',*,*,#4123,.F.);
#2396=ORIENTED_EDGE('',*,*,#4124,.T.);
#2397=ORIENTED_EDGE('',*,*,#4120,.T.);
#2398=ORIENTED_EDGE('',*,*,#3678,.F.);
#2399=ORIENTED_EDGE('',*,*,#4125,.F.);
#2400=ORIENTED_EDGE('',*,*,#4126,.T.);
#2401=ORIENTED_EDGE('',*,*,#4123,.T.);
#2402=ORIENTED_EDGE('',*,*,#3677,.F.);
#2403=ORIENTED_EDGE('',*,*,#4127,.F.);
#2404=ORIENTED_EDGE('',*,*,#4128,.T.);
#2405=ORIENTED_EDGE('',*,*,#4125,.T.);
#2406=ORIENTED_EDGE('',*,*,#3676,.F.);
#2407=ORIENTED_EDGE('',*,*,#4129,.F.);
#2408=ORIENTED_EDGE('',*,*,#4130,.T.);
#2409=ORIENTED_EDGE('',*,*,#4127,.T.);
#2410=ORIENTED_EDGE('',*,*,#3675,.F.);
#2411=ORIENTED_EDGE('',*,*,#4131,.F.);
#2412=ORIENTED_EDGE('',*,*,#4132,.T.);
#2413=ORIENTED_EDGE('',*,*,#4129,.T.);
#2414=ORIENTED_EDGE('',*,*,#3674,.F.);
#2415=ORIENTED_EDGE('',*,*,#4133,.F.);
#2416=ORIENTED_EDGE('',*,*,#4134,.T.);
#2417=ORIENTED_EDGE('',*,*,#4131,.T.);
#2418=ORIENTED_EDGE('',*,*,#3673,.F.);
#2419=ORIENTED_EDGE('',*,*,#4135,.F.);
#2420=ORIENTED_EDGE('',*,*,#4136,.T.);
#2421=ORIENTED_EDGE('',*,*,#4133,.T.);
#2422=ORIENTED_EDGE('',*,*,#3672,.F.);
#2423=ORIENTED_EDGE('',*,*,#4137,.F.);
#2424=ORIENTED_EDGE('',*,*,#4138,.T.);
#2425=ORIENTED_EDGE('',*,*,#4135,.T.);
#2426=ORIENTED_EDGE('',*,*,#3671,.F.);
#2427=ORIENTED_EDGE('',*,*,#4139,.F.);
#2428=ORIENTED_EDGE('',*,*,#4140,.T.);
#2429=ORIENTED_EDGE('',*,*,#4137,.T.);
#2430=ORIENTED_EDGE('',*,*,#3670,.F.);
#2431=ORIENTED_EDGE('',*,*,#4141,.F.);
#2432=ORIENTED_EDGE('',*,*,#4142,.T.);
#2433=ORIENTED_EDGE('',*,*,#4139,.T.);
#2434=ORIENTED_EDGE('',*,*,#3669,.F.);
#2435=ORIENTED_EDGE('',*,*,#4143,.F.);
#2436=ORIENTED_EDGE('',*,*,#4144,.T.);
#2437=ORIENTED_EDGE('',*,*,#4141,.T.);
#2438=ORIENTED_EDGE('',*,*,#3668,.F.);
#2439=ORIENTED_EDGE('',*,*,#4145,.F.);
#2440=ORIENTED_EDGE('',*,*,#4146,.T.);
#2441=ORIENTED_EDGE('',*,*,#4143,.T.);
#2442=ORIENTED_EDGE('',*,*,#3667,.F.);
#2443=ORIENTED_EDGE('',*,*,#4147,.F.);
#2444=ORIENTED_EDGE('',*,*,#4148,.T.);
#2445=ORIENTED_EDGE('',*,*,#4145,.T.);
#2446=ORIENTED_EDGE('',*,*,#3666,.F.);
#2447=ORIENTED_EDGE('',*,*,#4149,.F.);
#2448=ORIENTED_EDGE('',*,*,#4150,.T.);
#2449=ORIENTED_EDGE('',*,*,#4147,.T.);
#2450=ORIENTED_EDGE('',*,*,#3665,.F.);
#2451=ORIENTED_EDGE('',*,*,#4151,.F.);
#2452=ORIENTED_EDGE('',*,*,#4152,.T.);
#2453=ORIENTED_EDGE('',*,*,#4149,.T.);
#2454=ORIENTED_EDGE('',*,*,#3664,.F.);
#2455=ORIENTED_EDGE('',*,*,#4153,.F.);
#2456=ORIENTED_EDGE('',*,*,#4154,.T.);
#2457=ORIENTED_EDGE('',*,*,#4151,.T.);
#2458=ORIENTED_EDGE('',*,*,#3663,.F.);
#2459=ORIENTED_EDGE('',*,*,#4155,.F.);
#2460=ORIENTED_EDGE('',*,*,#4156,.T.);
#2461=ORIENTED_EDGE('',*,*,#4153,.T.);
#2462=ORIENTED_EDGE('',*,*,#3662,.F.);
#2463=ORIENTED_EDGE('',*,*,#4157,.F.);
#2464=ORIENTED_EDGE('',*,*,#4158,.T.);
#2465=ORIENTED_EDGE('',*,*,#4155,.T.);
#2466=ORIENTED_EDGE('',*,*,#3661,.F.);
#2467=ORIENTED_EDGE('',*,*,#4159,.F.);
#2468=ORIENTED_EDGE('',*,*,#4160,.T.);
#2469=ORIENTED_EDGE('',*,*,#4157,.T.);
#2470=ORIENTED_EDGE('',*,*,#3660,.F.);
#2471=ORIENTED_EDGE('',*,*,#4161,.F.);
#2472=ORIENTED_EDGE('',*,*,#4162,.T.);
#2473=ORIENTED_EDGE('',*,*,#4159,.T.);
#2474=ORIENTED_EDGE('',*,*,#3659,.F.);
#2475=ORIENTED_EDGE('',*,*,#4163,.F.);
#2476=ORIENTED_EDGE('',*,*,#4164,.T.);
#2477=ORIENTED_EDGE('',*,*,#4161,.T.);
#2478=ORIENTED_EDGE('',*,*,#3658,.F.);
#2479=ORIENTED_EDGE('',*,*,#4165,.F.);
#2480=ORIENTED_EDGE('',*,*,#4166,.T.);
#2481=ORIENTED_EDGE('',*,*,#4163,.T.);
#2482=ORIENTED_EDGE('',*,*,#3657,.F.);
#2483=ORIENTED_EDGE('',*,*,#4167,.F.);
#2484=ORIENTED_EDGE('',*,*,#4168,.T.);
#2485=ORIENTED_EDGE('',*,*,#4165,.T.);
#2486=ORIENTED_EDGE('',*,*,#3656,.F.);
#2487=ORIENTED_EDGE('',*,*,#4122,.F.);
#2488=ORIENTED_EDGE('',*,*,#4169,.T.);
#2489=ORIENTED_EDGE('',*,*,#4167,.T.);
#2490=ORIENTED_EDGE('',*,*,#4121,.F.);
#2491=ORIENTED_EDGE('',*,*,#4124,.F.);
#2492=ORIENTED_EDGE('',*,*,#4126,.F.);
#2493=ORIENTED_EDGE('',*,*,#4128,.F.);
#2494=ORIENTED_EDGE('',*,*,#4130,.F.);
#2495=ORIENTED_EDGE('',*,*,#4132,.F.);
#2496=ORIENTED_EDGE('',*,*,#4134,.F.);
#2497=ORIENTED_EDGE('',*,*,#4136,.F.);
#2498=ORIENTED_EDGE('',*,*,#4138,.F.);
#2499=ORIENTED_EDGE('',*,*,#4140,.F.);
#2500=ORIENTED_EDGE('',*,*,#4142,.F.);
#2501=ORIENTED_EDGE('',*,*,#4144,.F.);
#2502=ORIENTED_EDGE('',*,*,#4146,.F.);
#2503=ORIENTED_EDGE('',*,*,#4148,.F.);
#2504=ORIENTED_EDGE('',*,*,#4150,.F.);
#2505=ORIENTED_EDGE('',*,*,#4152,.F.);
#2506=ORIENTED_EDGE('',*,*,#4154,.F.);
#2507=ORIENTED_EDGE('',*,*,#4156,.F.);
#2508=ORIENTED_EDGE('',*,*,#4158,.F.);
#2509=ORIENTED_EDGE('',*,*,#4160,.F.);
#2510=ORIENTED_EDGE('',*,*,#4162,.F.);
#2511=ORIENTED_EDGE('',*,*,#4164,.F.);
#2512=ORIENTED_EDGE('',*,*,#4166,.F.);
#2513=ORIENTED_EDGE('',*,*,#4168,.F.);
#2514=ORIENTED_EDGE('',*,*,#4169,.F.);
#2515=ORIENTED_EDGE('',*,*,#4170,.F.);
#2516=ORIENTED_EDGE('',*,*,#4171,.F.);
#2517=ORIENTED_EDGE('',*,*,#4172,.T.);
#2518=ORIENTED_EDGE('',*,*,#4173,.T.);
#2519=ORIENTED_EDGE('',*,*,#4174,.F.);
#2520=ORIENTED_EDGE('',*,*,#4175,.F.);
#2521=ORIENTED_EDGE('',*,*,#4176,.T.);
#2522=ORIENTED_EDGE('',*,*,#4171,.T.);
#2523=ORIENTED_EDGE('',*,*,#4177,.F.);
#2524=ORIENTED_EDGE('',*,*,#4178,.F.);
#2525=ORIENTED_EDGE('',*,*,#4179,.T.);
#2526=ORIENTED_EDGE('',*,*,#4175,.T.);
#2527=ORIENTED_EDGE('',*,*,#4180,.F.);
#2528=ORIENTED_EDGE('',*,*,#4181,.F.);
#2529=ORIENTED_EDGE('',*,*,#4182,.T.);
#2530=ORIENTED_EDGE('',*,*,#4178,.T.);
#2531=ORIENTED_EDGE('',*,*,#4183,.F.);
#2532=ORIENTED_EDGE('',*,*,#4184,.F.);
#2533=ORIENTED_EDGE('',*,*,#4185,.T.);
#2534=ORIENTED_EDGE('',*,*,#4181,.T.);
#2535=ORIENTED_EDGE('',*,*,#4186,.F.);
#2536=ORIENTED_EDGE('',*,*,#4187,.F.);
#2537=ORIENTED_EDGE('',*,*,#4188,.T.);
#2538=ORIENTED_EDGE('',*,*,#4184,.T.);
#2539=ORIENTED_EDGE('',*,*,#4189,.F.);
#2540=ORIENTED_EDGE('',*,*,#4190,.F.);
#2541=ORIENTED_EDGE('',*,*,#4191,.T.);
#2542=ORIENTED_EDGE('',*,*,#4187,.T.);
#2543=ORIENTED_EDGE('',*,*,#4192,.F.);
#2544=ORIENTED_EDGE('',*,*,#4193,.F.);
#2545=ORIENTED_EDGE('',*,*,#4194,.T.);
#2546=ORIENTED_EDGE('',*,*,#4190,.T.);
#2547=ORIENTED_EDGE('',*,*,#3687,.F.);
#2548=ORIENTED_EDGE('',*,*,#4195,.F.);
#2549=ORIENTED_EDGE('',*,*,#4196,.T.);
#2550=ORIENTED_EDGE('',*,*,#4197,.T.);
#2551=ORIENTED_EDGE('',*,*,#3686,.F.);
#2552=ORIENTED_EDGE('',*,*,#4198,.F.);
#2553=ORIENTED_EDGE('',*,*,#4199,.T.);
#2554=ORIENTED_EDGE('',*,*,#4195,.T.);
#2555=ORIENTED_EDGE('',*,*,#3700,.F.);
#2556=ORIENTED_EDGE('',*,*,#4200,.F.);
#2557=ORIENTED_EDGE('',*,*,#4201,.T.);
#2558=ORIENTED_EDGE('',*,*,#4198,.T.);
#2559=ORIENTED_EDGE('',*,*,#3699,.F.);
#2560=ORIENTED_EDGE('',*,*,#4202,.F.);
#2561=ORIENTED_EDGE('',*,*,#4203,.T.);
#2562=ORIENTED_EDGE('',*,*,#4200,.T.);
#2563=ORIENTED_EDGE('',*,*,#3698,.F.);
#2564=ORIENTED_EDGE('',*,*,#4204,.F.);
#2565=ORIENTED_EDGE('',*,*,#4205,.T.);
#2566=ORIENTED_EDGE('',*,*,#4202,.T.);
#2567=ORIENTED_EDGE('',*,*,#3697,.F.);
#2568=ORIENTED_EDGE('',*,*,#4206,.F.);
#2569=ORIENTED_EDGE('',*,*,#4207,.T.);
#2570=ORIENTED_EDGE('',*,*,#4204,.T.);
#2571=ORIENTED_EDGE('',*,*,#3696,.F.);
#2572=ORIENTED_EDGE('',*,*,#4208,.F.);
#2573=ORIENTED_EDGE('',*,*,#4209,.T.);
#2574=ORIENTED_EDGE('',*,*,#4206,.T.);
#2575=ORIENTED_EDGE('',*,*,#3695,.F.);
#2576=ORIENTED_EDGE('',*,*,#4210,.F.);
#2577=ORIENTED_EDGE('',*,*,#4211,.T.);
#2578=ORIENTED_EDGE('',*,*,#4208,.T.);
#2579=ORIENTED_EDGE('',*,*,#3694,.F.);
#2580=ORIENTED_EDGE('',*,*,#4212,.F.);
#2581=ORIENTED_EDGE('',*,*,#4213,.T.);
#2582=ORIENTED_EDGE('',*,*,#4210,.T.);
#2583=ORIENTED_EDGE('',*,*,#3693,.F.);
#2584=ORIENTED_EDGE('',*,*,#4214,.F.);
#2585=ORIENTED_EDGE('',*,*,#4215,.T.);
#2586=ORIENTED_EDGE('',*,*,#4212,.T.);
#2587=ORIENTED_EDGE('',*,*,#3692,.F.);
#2588=ORIENTED_EDGE('',*,*,#4216,.F.);
#2589=ORIENTED_EDGE('',*,*,#4217,.T.);
#2590=ORIENTED_EDGE('',*,*,#4214,.T.);
#2591=ORIENTED_EDGE('',*,*,#3691,.F.);
#2592=ORIENTED_EDGE('',*,*,#4218,.F.);
#2593=ORIENTED_EDGE('',*,*,#4219,.T.);
#2594=ORIENTED_EDGE('',*,*,#4216,.T.);
#2595=ORIENTED_EDGE('',*,*,#3690,.F.);
#2596=ORIENTED_EDGE('',*,*,#4220,.F.);
#2597=ORIENTED_EDGE('',*,*,#4221,.T.);
#2598=ORIENTED_EDGE('',*,*,#4218,.T.);
#2599=ORIENTED_EDGE('',*,*,#3689,.F.);
#2600=ORIENTED_EDGE('',*,*,#4222,.F.);
#2601=ORIENTED_EDGE('',*,*,#4223,.T.);
#2602=ORIENTED_EDGE('',*,*,#4220,.T.);
#2603=ORIENTED_EDGE('',*,*,#3688,.F.);
#2604=ORIENTED_EDGE('',*,*,#4197,.F.);
#2605=ORIENTED_EDGE('',*,*,#4224,.T.);
#2606=ORIENTED_EDGE('',*,*,#4222,.T.);
#2607=ORIENTED_EDGE('',*,*,#4225,.F.);
#2608=ORIENTED_EDGE('',*,*,#4173,.F.);
#2609=ORIENTED_EDGE('',*,*,#4226,.T.);
#2610=ORIENTED_EDGE('',*,*,#4193,.T.);
#2611=ORIENTED_EDGE('',*,*,#4196,.F.);
#2612=ORIENTED_EDGE('',*,*,#4199,.F.);
#2613=ORIENTED_EDGE('',*,*,#4201,.F.);
#2614=ORIENTED_EDGE('',*,*,#4203,.F.);
#2615=ORIENTED_EDGE('',*,*,#4205,.F.);
#2616=ORIENTED_EDGE('',*,*,#4207,.F.);
#2617=ORIENTED_EDGE('',*,*,#4209,.F.);
#2618=ORIENTED_EDGE('',*,*,#4211,.F.);
#2619=ORIENTED_EDGE('',*,*,#4213,.F.);
#2620=ORIENTED_EDGE('',*,*,#4215,.F.);
#2621=ORIENTED_EDGE('',*,*,#4217,.F.);
#2622=ORIENTED_EDGE('',*,*,#4219,.F.);
#2623=ORIENTED_EDGE('',*,*,#4221,.F.);
#2624=ORIENTED_EDGE('',*,*,#4223,.F.);
#2625=ORIENTED_EDGE('',*,*,#4224,.F.);
#2626=ORIENTED_EDGE('',*,*,#4172,.F.);
#2627=ORIENTED_EDGE('',*,*,#4176,.F.);
#2628=ORIENTED_EDGE('',*,*,#4179,.F.);
#2629=ORIENTED_EDGE('',*,*,#4182,.F.);
#2630=ORIENTED_EDGE('',*,*,#4185,.F.);
#2631=ORIENTED_EDGE('',*,*,#4188,.F.);
#2632=ORIENTED_EDGE('',*,*,#4191,.F.);
#2633=ORIENTED_EDGE('',*,*,#4194,.F.);
#2634=ORIENTED_EDGE('',*,*,#4226,.F.);
#2635=ORIENTED_EDGE('',*,*,#4227,.F.);
#2636=ORIENTED_EDGE('',*,*,#4228,.F.);
#2637=ORIENTED_EDGE('',*,*,#4229,.T.);
#2638=ORIENTED_EDGE('',*,*,#4230,.T.);
#2639=ORIENTED_EDGE('',*,*,#4231,.F.);
#2640=ORIENTED_EDGE('',*,*,#4232,.F.);
#2641=ORIENTED_EDGE('',*,*,#4233,.T.);
#2642=ORIENTED_EDGE('',*,*,#4228,.T.);
#2643=ORIENTED_EDGE('',*,*,#4234,.F.);
#2644=ORIENTED_EDGE('',*,*,#4235,.F.);
#2645=ORIENTED_EDGE('',*,*,#4236,.T.);
#2646=ORIENTED_EDGE('',*,*,#4232,.T.);
#2647=ORIENTED_EDGE('',*,*,#4237,.F.);
#2648=ORIENTED_EDGE('',*,*,#4238,.F.);
#2649=ORIENTED_EDGE('',*,*,#4239,.T.);
#2650=ORIENTED_EDGE('',*,*,#4235,.T.);
#2651=ORIENTED_EDGE('',*,*,#4240,.F.);
#2652=ORIENTED_EDGE('',*,*,#4241,.F.);
#2653=ORIENTED_EDGE('',*,*,#4242,.T.);
#2654=ORIENTED_EDGE('',*,*,#4238,.T.);
#2655=ORIENTED_EDGE('',*,*,#4243,.F.);
#2656=ORIENTED_EDGE('',*,*,#4244,.F.);
#2657=ORIENTED_EDGE('',*,*,#4245,.T.);
#2658=ORIENTED_EDGE('',*,*,#4241,.T.);
#2659=ORIENTED_EDGE('',*,*,#4246,.F.);
#2660=ORIENTED_EDGE('',*,*,#4247,.F.);
#2661=ORIENTED_EDGE('',*,*,#4248,.T.);
#2662=ORIENTED_EDGE('',*,*,#4244,.T.);
#2663=ORIENTED_EDGE('',*,*,#3637,.F.);
#2664=ORIENTED_EDGE('',*,*,#4249,.F.);
#2665=ORIENTED_EDGE('',*,*,#4250,.T.);
#2666=ORIENTED_EDGE('',*,*,#4251,.T.);
#2667=ORIENTED_EDGE('',*,*,#3636,.F.);
#2668=ORIENTED_EDGE('',*,*,#4252,.F.);
#2669=ORIENTED_EDGE('',*,*,#4253,.T.);
#2670=ORIENTED_EDGE('',*,*,#4249,.T.);
#2671=ORIENTED_EDGE('',*,*,#3653,.F.);
#2672=ORIENTED_EDGE('',*,*,#4254,.F.);
#2673=ORIENTED_EDGE('',*,*,#4255,.T.);
#2674=ORIENTED_EDGE('',*,*,#4252,.T.);
#2675=ORIENTED_EDGE('',*,*,#3652,.F.);
#2676=ORIENTED_EDGE('',*,*,#4256,.F.);
#2677=ORIENTED_EDGE('',*,*,#4257,.T.);
#2678=ORIENTED_EDGE('',*,*,#4254,.T.);
#2679=ORIENTED_EDGE('',*,*,#3651,.F.);
#2680=ORIENTED_EDGE('',*,*,#4258,.F.);
#2681=ORIENTED_EDGE('',*,*,#4259,.T.);
#2682=ORIENTED_EDGE('',*,*,#4256,.T.);
#2683=ORIENTED_EDGE('',*,*,#3650,.F.);
#2684=ORIENTED_EDGE('',*,*,#4260,.F.);
#2685=ORIENTED_EDGE('',*,*,#4261,.T.);
#2686=ORIENTED_EDGE('',*,*,#4258,.T.);
#2687=ORIENTED_EDGE('',*,*,#3649,.F.);
#2688=ORIENTED_EDGE('',*,*,#4262,.F.);
#2689=ORIENTED_EDGE('',*,*,#4263,.T.);
#2690=ORIENTED_EDGE('',*,*,#4260,.T.);
#2691=ORIENTED_EDGE('',*,*,#3648,.F.);
#2692=ORIENTED_EDGE('',*,*,#4264,.F.);
#2693=ORIENTED_EDGE('',*,*,#4265,.T.);
#2694=ORIENTED_EDGE('',*,*,#4262,.T.);
#2695=ORIENTED_EDGE('',*,*,#3647,.F.);
#2696=ORIENTED_EDGE('',*,*,#4266,.F.);
#2697=ORIENTED_EDGE('',*,*,#4267,.T.);
#2698=ORIENTED_EDGE('',*,*,#4264,.T.);
#2699=ORIENTED_EDGE('',*,*,#3646,.F.);
#2700=ORIENTED_EDGE('',*,*,#4268,.F.);
#2701=ORIENTED_EDGE('',*,*,#4269,.T.);
#2702=ORIENTED_EDGE('',*,*,#4266,.T.);
#2703=ORIENTED_EDGE('',*,*,#3645,.F.);
#2704=ORIENTED_EDGE('',*,*,#4270,.F.);
#2705=ORIENTED_EDGE('',*,*,#4271,.T.);
#2706=ORIENTED_EDGE('',*,*,#4268,.T.);
#2707=ORIENTED_EDGE('',*,*,#3644,.F.);
#2708=ORIENTED_EDGE('',*,*,#4272,.F.);
#2709=ORIENTED_EDGE('',*,*,#4273,.T.);
#2710=ORIENTED_EDGE('',*,*,#4270,.T.);
#2711=ORIENTED_EDGE('',*,*,#3643,.F.);
#2712=ORIENTED_EDGE('',*,*,#4274,.F.);
#2713=ORIENTED_EDGE('',*,*,#4275,.T.);
#2714=ORIENTED_EDGE('',*,*,#4272,.T.);
#2715=ORIENTED_EDGE('',*,*,#3642,.F.);
#2716=ORIENTED_EDGE('',*,*,#4276,.F.);
#2717=ORIENTED_EDGE('',*,*,#4277,.T.);
#2718=ORIENTED_EDGE('',*,*,#4274,.T.);
#2719=ORIENTED_EDGE('',*,*,#3641,.F.);
#2720=ORIENTED_EDGE('',*,*,#4278,.F.);
#2721=ORIENTED_EDGE('',*,*,#4279,.T.);
#2722=ORIENTED_EDGE('',*,*,#4276,.T.);
#2723=ORIENTED_EDGE('',*,*,#3640,.F.);
#2724=ORIENTED_EDGE('',*,*,#4280,.F.);
#2725=ORIENTED_EDGE('',*,*,#4281,.T.);
#2726=ORIENTED_EDGE('',*,*,#4278,.T.);
#2727=ORIENTED_EDGE('',*,*,#3639,.F.);
#2728=ORIENTED_EDGE('',*,*,#4282,.F.);
#2729=ORIENTED_EDGE('',*,*,#4283,.T.);
#2730=ORIENTED_EDGE('',*,*,#4280,.T.);
#2731=ORIENTED_EDGE('',*,*,#3638,.F.);
#2732=ORIENTED_EDGE('',*,*,#4251,.F.);
#2733=ORIENTED_EDGE('',*,*,#4284,.T.);
#2734=ORIENTED_EDGE('',*,*,#4282,.T.);
#2735=ORIENTED_EDGE('',*,*,#4285,.F.);
#2736=ORIENTED_EDGE('',*,*,#4230,.F.);
#2737=ORIENTED_EDGE('',*,*,#4286,.T.);
#2738=ORIENTED_EDGE('',*,*,#4247,.T.);
#2739=ORIENTED_EDGE('',*,*,#4250,.F.);
#2740=ORIENTED_EDGE('',*,*,#4253,.F.);
#2741=ORIENTED_EDGE('',*,*,#4255,.F.);
#2742=ORIENTED_EDGE('',*,*,#4257,.F.);
#2743=ORIENTED_EDGE('',*,*,#4259,.F.);
#2744=ORIENTED_EDGE('',*,*,#4261,.F.);
#2745=ORIENTED_EDGE('',*,*,#4263,.F.);
#2746=ORIENTED_EDGE('',*,*,#4265,.F.);
#2747=ORIENTED_EDGE('',*,*,#4267,.F.);
#2748=ORIENTED_EDGE('',*,*,#4269,.F.);
#2749=ORIENTED_EDGE('',*,*,#4271,.F.);
#2750=ORIENTED_EDGE('',*,*,#4273,.F.);
#2751=ORIENTED_EDGE('',*,*,#4275,.F.);
#2752=ORIENTED_EDGE('',*,*,#4277,.F.);
#2753=ORIENTED_EDGE('',*,*,#4279,.F.);
#2754=ORIENTED_EDGE('',*,*,#4281,.F.);
#2755=ORIENTED_EDGE('',*,*,#4283,.F.);
#2756=ORIENTED_EDGE('',*,*,#4284,.F.);
#2757=ORIENTED_EDGE('',*,*,#4229,.F.);
#2758=ORIENTED_EDGE('',*,*,#4233,.F.);
#2759=ORIENTED_EDGE('',*,*,#4236,.F.);
#2760=ORIENTED_EDGE('',*,*,#4239,.F.);
#2761=ORIENTED_EDGE('',*,*,#4242,.F.);
#2762=ORIENTED_EDGE('',*,*,#4245,.F.);
#2763=ORIENTED_EDGE('',*,*,#4248,.F.);
#2764=ORIENTED_EDGE('',*,*,#4286,.F.);
#2765=ORIENTED_EDGE('',*,*,#4287,.F.);
#2766=ORIENTED_EDGE('',*,*,#4288,.F.);
#2767=ORIENTED_EDGE('',*,*,#4289,.T.);
#2768=ORIENTED_EDGE('',*,*,#4290,.T.);
#2769=ORIENTED_EDGE('',*,*,#4291,.F.);
#2770=ORIENTED_EDGE('',*,*,#4292,.F.);
#2771=ORIENTED_EDGE('',*,*,#4293,.T.);
#2772=ORIENTED_EDGE('',*,*,#4288,.T.);
#2773=ORIENTED_EDGE('',*,*,#4294,.F.);
#2774=ORIENTED_EDGE('',*,*,#4295,.F.);
#2775=ORIENTED_EDGE('',*,*,#4296,.T.);
#2776=ORIENTED_EDGE('',*,*,#4292,.T.);
#2777=ORIENTED_EDGE('',*,*,#4297,.F.);
#2778=ORIENTED_EDGE('',*,*,#4298,.F.);
#2779=ORIENTED_EDGE('',*,*,#4299,.T.);
#2780=ORIENTED_EDGE('',*,*,#4295,.T.);
#2781=ORIENTED_EDGE('',*,*,#4300,.F.);
#2782=ORIENTED_EDGE('',*,*,#4301,.F.);
#2783=ORIENTED_EDGE('',*,*,#4302,.T.);
#2784=ORIENTED_EDGE('',*,*,#4298,.T.);
#2785=ORIENTED_EDGE('',*,*,#4303,.F.);
#2786=ORIENTED_EDGE('',*,*,#4304,.F.);
#2787=ORIENTED_EDGE('',*,*,#4305,.T.);
#2788=ORIENTED_EDGE('',*,*,#4301,.T.);
#2789=ORIENTED_EDGE('',*,*,#4306,.F.);
#2790=ORIENTED_EDGE('',*,*,#4307,.F.);
#2791=ORIENTED_EDGE('',*,*,#4308,.T.);
#2792=ORIENTED_EDGE('',*,*,#4304,.T.);
#2793=ORIENTED_EDGE('',*,*,#4309,.F.);
#2794=ORIENTED_EDGE('',*,*,#4310,.F.);
#2795=ORIENTED_EDGE('',*,*,#4311,.T.);
#2796=ORIENTED_EDGE('',*,*,#4307,.T.);
#2797=ORIENTED_EDGE('',*,*,#3708,.F.);
#2798=ORIENTED_EDGE('',*,*,#4312,.F.);
#2799=ORIENTED_EDGE('',*,*,#4313,.T.);
#2800=ORIENTED_EDGE('',*,*,#4314,.T.);
#2801=ORIENTED_EDGE('',*,*,#3707,.F.);
#2802=ORIENTED_EDGE('',*,*,#4315,.F.);
#2803=ORIENTED_EDGE('',*,*,#4316,.T.);
#2804=ORIENTED_EDGE('',*,*,#4312,.T.);
#2805=ORIENTED_EDGE('',*,*,#3706,.F.);
#2806=ORIENTED_EDGE('',*,*,#4317,.F.);
#2807=ORIENTED_EDGE('',*,*,#4318,.T.);
#2808=ORIENTED_EDGE('',*,*,#4315,.T.);
#2809=ORIENTED_EDGE('',*,*,#3705,.F.);
#2810=ORIENTED_EDGE('',*,*,#4319,.F.);
#2811=ORIENTED_EDGE('',*,*,#4320,.T.);
#2812=ORIENTED_EDGE('',*,*,#4317,.T.);
#2813=ORIENTED_EDGE('',*,*,#3704,.F.);
#2814=ORIENTED_EDGE('',*,*,#4321,.F.);
#2815=ORIENTED_EDGE('',*,*,#4322,.T.);
#2816=ORIENTED_EDGE('',*,*,#4319,.T.);
#2817=ORIENTED_EDGE('',*,*,#3703,.F.);
#2818=ORIENTED_EDGE('',*,*,#4323,.F.);
#2819=ORIENTED_EDGE('',*,*,#4324,.T.);
#2820=ORIENTED_EDGE('',*,*,#4321,.T.);
#2821=ORIENTED_EDGE('',*,*,#3702,.F.);
#2822=ORIENTED_EDGE('',*,*,#4325,.F.);
#2823=ORIENTED_EDGE('',*,*,#4326,.T.);
#2824=ORIENTED_EDGE('',*,*,#4323,.T.);
#2825=ORIENTED_EDGE('',*,*,#3701,.F.);
#2826=ORIENTED_EDGE('',*,*,#4327,.F.);
#2827=ORIENTED_EDGE('',*,*,#4328,.T.);
#2828=ORIENTED_EDGE('',*,*,#4325,.T.);
#2829=ORIENTED_EDGE('',*,*,#3715,.F.);
#2830=ORIENTED_EDGE('',*,*,#4329,.F.);
#2831=ORIENTED_EDGE('',*,*,#4330,.T.);
#2832=ORIENTED_EDGE('',*,*,#4327,.T.);
#2833=ORIENTED_EDGE('',*,*,#3714,.F.);
#2834=ORIENTED_EDGE('',*,*,#4331,.F.);
#2835=ORIENTED_EDGE('',*,*,#4332,.T.);
#2836=ORIENTED_EDGE('',*,*,#4329,.T.);
#2837=ORIENTED_EDGE('',*,*,#3713,.F.);
#2838=ORIENTED_EDGE('',*,*,#4333,.F.);
#2839=ORIENTED_EDGE('',*,*,#4334,.T.);
#2840=ORIENTED_EDGE('',*,*,#4331,.T.);
#2841=ORIENTED_EDGE('',*,*,#3712,.F.);
#2842=ORIENTED_EDGE('',*,*,#4335,.F.);
#2843=ORIENTED_EDGE('',*,*,#4336,.T.);
#2844=ORIENTED_EDGE('',*,*,#4333,.T.);
#2845=ORIENTED_EDGE('',*,*,#3711,.F.);
#2846=ORIENTED_EDGE('',*,*,#4337,.F.);
#2847=ORIENTED_EDGE('',*,*,#4338,.T.);
#2848=ORIENTED_EDGE('',*,*,#4335,.T.);
#2849=ORIENTED_EDGE('',*,*,#3710,.F.);
#2850=ORIENTED_EDGE('',*,*,#4339,.F.);
#2851=ORIENTED_EDGE('',*,*,#4340,.T.);
#2852=ORIENTED_EDGE('',*,*,#4337,.T.);
#2853=ORIENTED_EDGE('',*,*,#3709,.F.);
#2854=ORIENTED_EDGE('',*,*,#4314,.F.);
#2855=ORIENTED_EDGE('',*,*,#4341,.T.);
#2856=ORIENTED_EDGE('',*,*,#4339,.T.);
#2857=ORIENTED_EDGE('',*,*,#4342,.F.);
#2858=ORIENTED_EDGE('',*,*,#4290,.F.);
#2859=ORIENTED_EDGE('',*,*,#4343,.T.);
#2860=ORIENTED_EDGE('',*,*,#4310,.T.);
#2861=ORIENTED_EDGE('',*,*,#4313,.F.);
#2862=ORIENTED_EDGE('',*,*,#4316,.F.);
#2863=ORIENTED_EDGE('',*,*,#4318,.F.);
#2864=ORIENTED_EDGE('',*,*,#4320,.F.);
#2865=ORIENTED_EDGE('',*,*,#4322,.F.);
#2866=ORIENTED_EDGE('',*,*,#4324,.F.);
#2867=ORIENTED_EDGE('',*,*,#4326,.F.);
#2868=ORIENTED_EDGE('',*,*,#4328,.F.);
#2869=ORIENTED_EDGE('',*,*,#4330,.F.);
#2870=ORIENTED_EDGE('',*,*,#4332,.F.);
#2871=ORIENTED_EDGE('',*,*,#4334,.F.);
#2872=ORIENTED_EDGE('',*,*,#4336,.F.);
#2873=ORIENTED_EDGE('',*,*,#4338,.F.);
#2874=ORIENTED_EDGE('',*,*,#4340,.F.);
#2875=ORIENTED_EDGE('',*,*,#4341,.F.);
#2876=ORIENTED_EDGE('',*,*,#4289,.F.);
#2877=ORIENTED_EDGE('',*,*,#4293,.F.);
#2878=ORIENTED_EDGE('',*,*,#4296,.F.);
#2879=ORIENTED_EDGE('',*,*,#4299,.F.);
#2880=ORIENTED_EDGE('',*,*,#4302,.F.);
#2881=ORIENTED_EDGE('',*,*,#4305,.F.);
#2882=ORIENTED_EDGE('',*,*,#4308,.F.);
#2883=ORIENTED_EDGE('',*,*,#4311,.F.);
#2884=ORIENTED_EDGE('',*,*,#4343,.F.);
#2885=ORIENTED_EDGE('',*,*,#4344,.F.);
#2886=ORIENTED_EDGE('',*,*,#4345,.F.);
#2887=ORIENTED_EDGE('',*,*,#4346,.T.);
#2888=ORIENTED_EDGE('',*,*,#4347,.T.);
#2889=ORIENTED_EDGE('',*,*,#4348,.F.);
#2890=ORIENTED_EDGE('',*,*,#4349,.F.);
#2891=ORIENTED_EDGE('',*,*,#4350,.T.);
#2892=ORIENTED_EDGE('',*,*,#4345,.T.);
#2893=ORIENTED_EDGE('',*,*,#4351,.F.);
#2894=ORIENTED_EDGE('',*,*,#4352,.F.);
#2895=ORIENTED_EDGE('',*,*,#4353,.T.);
#2896=ORIENTED_EDGE('',*,*,#4349,.T.);
#2897=ORIENTED_EDGE('',*,*,#4354,.F.);
#2898=ORIENTED_EDGE('',*,*,#4355,.F.);
#2899=ORIENTED_EDGE('',*,*,#4356,.T.);
#2900=ORIENTED_EDGE('',*,*,#4352,.T.);
#2901=ORIENTED_EDGE('',*,*,#4357,.F.);
#2902=ORIENTED_EDGE('',*,*,#4358,.F.);
#2903=ORIENTED_EDGE('',*,*,#4359,.T.);
#2904=ORIENTED_EDGE('',*,*,#4355,.T.);
#2905=ORIENTED_EDGE('',*,*,#4360,.F.);
#2906=ORIENTED_EDGE('',*,*,#4361,.F.);
#2907=ORIENTED_EDGE('',*,*,#4362,.T.);
#2908=ORIENTED_EDGE('',*,*,#4358,.T.);
#2909=ORIENTED_EDGE('',*,*,#4363,.F.);
#2910=ORIENTED_EDGE('',*,*,#4364,.F.);
#2911=ORIENTED_EDGE('',*,*,#4365,.T.);
#2912=ORIENTED_EDGE('',*,*,#4361,.T.);
#2913=ORIENTED_EDGE('',*,*,#3628,.F.);
#2914=ORIENTED_EDGE('',*,*,#4366,.F.);
#2915=ORIENTED_EDGE('',*,*,#4367,.T.);
#2916=ORIENTED_EDGE('',*,*,#4368,.T.);
#2917=ORIENTED_EDGE('',*,*,#3627,.F.);
#2918=ORIENTED_EDGE('',*,*,#4369,.F.);
#2919=ORIENTED_EDGE('',*,*,#4370,.T.);
#2920=ORIENTED_EDGE('',*,*,#4366,.T.);
#2921=ORIENTED_EDGE('',*,*,#3635,.F.);
#2922=ORIENTED_EDGE('',*,*,#4371,.F.);
#2923=ORIENTED_EDGE('',*,*,#4372,.T.);
#2924=ORIENTED_EDGE('',*,*,#4369,.T.);
#2925=ORIENTED_EDGE('',*,*,#3634,.F.);
#2926=ORIENTED_EDGE('',*,*,#4373,.F.);
#2927=ORIENTED_EDGE('',*,*,#4374,.T.);
#2928=ORIENTED_EDGE('',*,*,#4371,.T.);
#2929=ORIENTED_EDGE('',*,*,#3633,.F.);
#2930=ORIENTED_EDGE('',*,*,#4375,.F.);
#2931=ORIENTED_EDGE('',*,*,#4376,.T.);
#2932=ORIENTED_EDGE('',*,*,#4373,.T.);
#2933=ORIENTED_EDGE('',*,*,#3632,.F.);
#2934=ORIENTED_EDGE('',*,*,#4377,.F.);
#2935=ORIENTED_EDGE('',*,*,#4378,.T.);
#2936=ORIENTED_EDGE('',*,*,#4375,.T.);
#2937=ORIENTED_EDGE('',*,*,#3631,.F.);
#2938=ORIENTED_EDGE('',*,*,#4379,.F.);
#2939=ORIENTED_EDGE('',*,*,#4380,.T.);
#2940=ORIENTED_EDGE('',*,*,#4377,.T.);
#2941=ORIENTED_EDGE('',*,*,#3630,.F.);
#2942=ORIENTED_EDGE('',*,*,#4381,.F.);
#2943=ORIENTED_EDGE('',*,*,#4382,.T.);
#2944=ORIENTED_EDGE('',*,*,#4379,.T.);
#2945=ORIENTED_EDGE('',*,*,#3629,.F.);
#2946=ORIENTED_EDGE('',*,*,#4368,.F.);
#2947=ORIENTED_EDGE('',*,*,#4383,.T.);
#2948=ORIENTED_EDGE('',*,*,#4381,.T.);
#2949=ORIENTED_EDGE('',*,*,#4384,.F.);
#2950=ORIENTED_EDGE('',*,*,#4347,.F.);
#2951=ORIENTED_EDGE('',*,*,#4385,.T.);
#2952=ORIENTED_EDGE('',*,*,#4364,.T.);
#2953=ORIENTED_EDGE('',*,*,#4367,.F.);
#2954=ORIENTED_EDGE('',*,*,#4370,.F.);
#2955=ORIENTED_EDGE('',*,*,#4372,.F.);
#2956=ORIENTED_EDGE('',*,*,#4374,.F.);
#2957=ORIENTED_EDGE('',*,*,#4376,.F.);
#2958=ORIENTED_EDGE('',*,*,#4378,.F.);
#2959=ORIENTED_EDGE('',*,*,#4380,.F.);
#2960=ORIENTED_EDGE('',*,*,#4382,.F.);
#2961=ORIENTED_EDGE('',*,*,#4383,.F.);
#2962=ORIENTED_EDGE('',*,*,#4346,.F.);
#2963=ORIENTED_EDGE('',*,*,#4350,.F.);
#2964=ORIENTED_EDGE('',*,*,#4353,.F.);
#2965=ORIENTED_EDGE('',*,*,#4356,.F.);
#2966=ORIENTED_EDGE('',*,*,#4359,.F.);
#2967=ORIENTED_EDGE('',*,*,#4362,.F.);
#2968=ORIENTED_EDGE('',*,*,#4365,.F.);
#2969=ORIENTED_EDGE('',*,*,#4385,.F.);
#2970=ORIENTED_EDGE('',*,*,#4386,.F.);
#2971=ORIENTED_EDGE('',*,*,#4387,.F.);
#2972=ORIENTED_EDGE('',*,*,#4388,.T.);
#2973=ORIENTED_EDGE('',*,*,#4389,.T.);
#2974=ORIENTED_EDGE('',*,*,#4390,.F.);
#2975=ORIENTED_EDGE('',*,*,#4391,.F.);
#2976=ORIENTED_EDGE('',*,*,#4392,.T.);
#2977=ORIENTED_EDGE('',*,*,#4387,.T.);
#2978=ORIENTED_EDGE('',*,*,#4393,.F.);
#2979=ORIENTED_EDGE('',*,*,#4394,.F.);
#2980=ORIENTED_EDGE('',*,*,#4395,.T.);
#2981=ORIENTED_EDGE('',*,*,#4391,.T.);
#2982=ORIENTED_EDGE('',*,*,#4396,.F.);
#2983=ORIENTED_EDGE('',*,*,#4397,.F.);
#2984=ORIENTED_EDGE('',*,*,#4398,.T.);
#2985=ORIENTED_EDGE('',*,*,#4394,.T.);
#2986=ORIENTED_EDGE('',*,*,#4399,.F.);
#2987=ORIENTED_EDGE('',*,*,#4400,.F.);
#2988=ORIENTED_EDGE('',*,*,#4401,.T.);
#2989=ORIENTED_EDGE('',*,*,#4397,.T.);
#2990=ORIENTED_EDGE('',*,*,#4402,.F.);
#2991=ORIENTED_EDGE('',*,*,#4403,.F.);
#2992=ORIENTED_EDGE('',*,*,#4404,.T.);
#2993=ORIENTED_EDGE('',*,*,#4400,.T.);
#2994=ORIENTED_EDGE('',*,*,#4405,.F.);
#2995=ORIENTED_EDGE('',*,*,#4406,.F.);
#2996=ORIENTED_EDGE('',*,*,#4407,.T.);
#2997=ORIENTED_EDGE('',*,*,#4403,.T.);
#2998=ORIENTED_EDGE('',*,*,#3717,.F.);
#2999=ORIENTED_EDGE('',*,*,#4408,.F.);
#3000=ORIENTED_EDGE('',*,*,#4409,.T.);
#3001=ORIENTED_EDGE('',*,*,#4410,.T.);
#3002=ORIENTED_EDGE('',*,*,#3716,.F.);
#3003=ORIENTED_EDGE('',*,*,#4411,.F.);
#3004=ORIENTED_EDGE('',*,*,#4412,.T.);
#3005=ORIENTED_EDGE('',*,*,#4408,.T.);
#3006=ORIENTED_EDGE('',*,*,#3733,.F.);
#3007=ORIENTED_EDGE('',*,*,#4413,.F.);
#3008=ORIENTED_EDGE('',*,*,#4414,.T.);
#3009=ORIENTED_EDGE('',*,*,#4411,.T.);
#3010=ORIENTED_EDGE('',*,*,#3732,.F.);
#3011=ORIENTED_EDGE('',*,*,#4415,.F.);
#3012=ORIENTED_EDGE('',*,*,#4416,.T.);
#3013=ORIENTED_EDGE('',*,*,#4413,.T.);
#3014=ORIENTED_EDGE('',*,*,#3731,.F.);
#3015=ORIENTED_EDGE('',*,*,#4417,.F.);
#3016=ORIENTED_EDGE('',*,*,#4418,.T.);
#3017=ORIENTED_EDGE('',*,*,#4415,.T.);
#3018=ORIENTED_EDGE('',*,*,#3730,.F.);
#3019=ORIENTED_EDGE('',*,*,#4419,.F.);
#3020=ORIENTED_EDGE('',*,*,#4420,.T.);
#3021=ORIENTED_EDGE('',*,*,#4417,.T.);
#3022=ORIENTED_EDGE('',*,*,#3729,.F.);
#3023=ORIENTED_EDGE('',*,*,#4421,.F.);
#3024=ORIENTED_EDGE('',*,*,#4422,.T.);
#3025=ORIENTED_EDGE('',*,*,#4419,.T.);
#3026=ORIENTED_EDGE('',*,*,#3728,.F.);
#3027=ORIENTED_EDGE('',*,*,#4423,.F.);
#3028=ORIENTED_EDGE('',*,*,#4424,.T.);
#3029=ORIENTED_EDGE('',*,*,#4421,.T.);
#3030=ORIENTED_EDGE('',*,*,#3727,.F.);
#3031=ORIENTED_EDGE('',*,*,#4425,.F.);
#3032=ORIENTED_EDGE('',*,*,#4426,.T.);
#3033=ORIENTED_EDGE('',*,*,#4423,.T.);
#3034=ORIENTED_EDGE('',*,*,#3726,.F.);
#3035=ORIENTED_EDGE('',*,*,#4427,.F.);
#3036=ORIENTED_EDGE('',*,*,#4428,.T.);
#3037=ORIENTED_EDGE('',*,*,#4425,.T.);
#3038=ORIENTED_EDGE('',*,*,#3725,.F.);
#3039=ORIENTED_EDGE('',*,*,#4429,.F.);
#3040=ORIENTED_EDGE('',*,*,#4430,.T.);
#3041=ORIENTED_EDGE('',*,*,#4427,.T.);
#3042=ORIENTED_EDGE('',*,*,#3724,.F.);
#3043=ORIENTED_EDGE('',*,*,#4431,.F.);
#3044=ORIENTED_EDGE('',*,*,#4432,.T.);
#3045=ORIENTED_EDGE('',*,*,#4429,.T.);
#3046=ORIENTED_EDGE('',*,*,#3723,.F.);
#3047=ORIENTED_EDGE('',*,*,#4433,.F.);
#3048=ORIENTED_EDGE('',*,*,#4434,.T.);
#3049=ORIENTED_EDGE('',*,*,#4431,.T.);
#3050=ORIENTED_EDGE('',*,*,#3722,.F.);
#3051=ORIENTED_EDGE('',*,*,#4435,.F.);
#3052=ORIENTED_EDGE('',*,*,#4436,.T.);
#3053=ORIENTED_EDGE('',*,*,#4433,.T.);
#3054=ORIENTED_EDGE('',*,*,#3721,.F.);
#3055=ORIENTED_EDGE('',*,*,#4437,.F.);
#3056=ORIENTED_EDGE('',*,*,#4438,.T.);
#3057=ORIENTED_EDGE('',*,*,#4435,.T.);
#3058=ORIENTED_EDGE('',*,*,#3720,.F.);
#3059=ORIENTED_EDGE('',*,*,#4439,.F.);
#3060=ORIENTED_EDGE('',*,*,#4440,.T.);
#3061=ORIENTED_EDGE('',*,*,#4437,.T.);
#3062=ORIENTED_EDGE('',*,*,#3719,.F.);
#3063=ORIENTED_EDGE('',*,*,#4441,.F.);
#3064=ORIENTED_EDGE('',*,*,#4442,.T.);
#3065=ORIENTED_EDGE('',*,*,#4439,.T.);
#3066=ORIENTED_EDGE('',*,*,#3718,.F.);
#3067=ORIENTED_EDGE('',*,*,#4410,.F.);
#3068=ORIENTED_EDGE('',*,*,#4443,.T.);
#3069=ORIENTED_EDGE('',*,*,#4441,.T.);
#3070=ORIENTED_EDGE('',*,*,#4444,.F.);
#3071=ORIENTED_EDGE('',*,*,#4389,.F.);
#3072=ORIENTED_EDGE('',*,*,#4445,.T.);
#3073=ORIENTED_EDGE('',*,*,#4406,.T.);
#3074=ORIENTED_EDGE('',*,*,#4409,.F.);
#3075=ORIENTED_EDGE('',*,*,#4412,.F.);
#3076=ORIENTED_EDGE('',*,*,#4414,.F.);
#3077=ORIENTED_EDGE('',*,*,#4416,.F.);
#3078=ORIENTED_EDGE('',*,*,#4418,.F.);
#3079=ORIENTED_EDGE('',*,*,#4420,.F.);
#3080=ORIENTED_EDGE('',*,*,#4422,.F.);
#3081=ORIENTED_EDGE('',*,*,#4424,.F.);
#3082=ORIENTED_EDGE('',*,*,#4426,.F.);
#3083=ORIENTED_EDGE('',*,*,#4428,.F.);
#3084=ORIENTED_EDGE('',*,*,#4430,.F.);
#3085=ORIENTED_EDGE('',*,*,#4432,.F.);
#3086=ORIENTED_EDGE('',*,*,#4434,.F.);
#3087=ORIENTED_EDGE('',*,*,#4436,.F.);
#3088=ORIENTED_EDGE('',*,*,#4438,.F.);
#3089=ORIENTED_EDGE('',*,*,#4440,.F.);
#3090=ORIENTED_EDGE('',*,*,#4442,.F.);
#3091=ORIENTED_EDGE('',*,*,#4443,.F.);
#3092=ORIENTED_EDGE('',*,*,#4388,.F.);
#3093=ORIENTED_EDGE('',*,*,#4392,.F.);
#3094=ORIENTED_EDGE('',*,*,#4395,.F.);
#3095=ORIENTED_EDGE('',*,*,#4398,.F.);
#3096=ORIENTED_EDGE('',*,*,#4401,.F.);
#3097=ORIENTED_EDGE('',*,*,#4404,.F.);
#3098=ORIENTED_EDGE('',*,*,#4407,.F.);
#3099=ORIENTED_EDGE('',*,*,#4445,.F.);
#3100=ORIENTED_EDGE('',*,*,#3735,.F.);
#3101=ORIENTED_EDGE('',*,*,#4446,.F.);
#3102=ORIENTED_EDGE('',*,*,#4447,.T.);
#3103=ORIENTED_EDGE('',*,*,#4448,.T.);
#3104=ORIENTED_EDGE('',*,*,#3734,.F.);
#3105=ORIENTED_EDGE('',*,*,#4449,.F.);
#3106=ORIENTED_EDGE('',*,*,#4450,.T.);
#3107=ORIENTED_EDGE('',*,*,#4446,.T.);
#3108=ORIENTED_EDGE('',*,*,#3742,.F.);
#3109=ORIENTED_EDGE('',*,*,#4451,.F.);
#3110=ORIENTED_EDGE('',*,*,#4452,.T.);
#3111=ORIENTED_EDGE('',*,*,#4449,.T.);
#3112=ORIENTED_EDGE('',*,*,#3741,.F.);
#3113=ORIENTED_EDGE('',*,*,#4453,.F.);
#3114=ORIENTED_EDGE('',*,*,#4454,.T.);
#3115=ORIENTED_EDGE('',*,*,#4451,.T.);
#3116=ORIENTED_EDGE('',*,*,#3740,.F.);
#3117=ORIENTED_EDGE('',*,*,#4455,.F.);
#3118=ORIENTED_EDGE('',*,*,#4456,.T.);
#3119=ORIENTED_EDGE('',*,*,#4453,.T.);
#3120=ORIENTED_EDGE('',*,*,#3739,.F.);
#3121=ORIENTED_EDGE('',*,*,#4457,.F.);
#3122=ORIENTED_EDGE('',*,*,#4458,.T.);
#3123=ORIENTED_EDGE('',*,*,#4455,.T.);
#3124=ORIENTED_EDGE('',*,*,#3738,.F.);
#3125=ORIENTED_EDGE('',*,*,#4459,.F.);
#3126=ORIENTED_EDGE('',*,*,#4460,.T.);
#3127=ORIENTED_EDGE('',*,*,#4457,.T.);
#3128=ORIENTED_EDGE('',*,*,#3737,.F.);
#3129=ORIENTED_EDGE('',*,*,#4461,.F.);
#3130=ORIENTED_EDGE('',*,*,#4462,.T.);
#3131=ORIENTED_EDGE('',*,*,#4459,.T.);
#3132=ORIENTED_EDGE('',*,*,#3736,.F.);
#3133=ORIENTED_EDGE('',*,*,#4448,.F.);
#3134=ORIENTED_EDGE('',*,*,#4463,.T.);
#3135=ORIENTED_EDGE('',*,*,#4461,.T.);
#3136=ORIENTED_EDGE('',*,*,#4447,.F.);
#3137=ORIENTED_EDGE('',*,*,#4450,.F.);
#3138=ORIENTED_EDGE('',*,*,#4452,.F.);
#3139=ORIENTED_EDGE('',*,*,#4454,.F.);
#3140=ORIENTED_EDGE('',*,*,#4456,.F.);
#3141=ORIENTED_EDGE('',*,*,#4458,.F.);
#3142=ORIENTED_EDGE('',*,*,#4460,.F.);
#3143=ORIENTED_EDGE('',*,*,#4462,.F.);
#3144=ORIENTED_EDGE('',*,*,#4463,.F.);
#3145=ORIENTED_EDGE('',*,*,#3744,.F.);
#3146=ORIENTED_EDGE('',*,*,#4464,.F.);
#3147=ORIENTED_EDGE('',*,*,#4465,.T.);
#3148=ORIENTED_EDGE('',*,*,#4466,.T.);
#3149=ORIENTED_EDGE('',*,*,#3743,.F.);
#3150=ORIENTED_EDGE('',*,*,#4467,.F.);
#3151=ORIENTED_EDGE('',*,*,#4468,.T.);
#3152=ORIENTED_EDGE('',*,*,#4464,.T.);
#3153=ORIENTED_EDGE('',*,*,#3752,.F.);
#3154=ORIENTED_EDGE('',*,*,#4469,.F.);
#3155=ORIENTED_EDGE('',*,*,#4470,.T.);
#3156=ORIENTED_EDGE('',*,*,#4467,.T.);
#3157=ORIENTED_EDGE('',*,*,#3751,.F.);
#3158=ORIENTED_EDGE('',*,*,#4471,.F.);
#3159=ORIENTED_EDGE('',*,*,#4472,.T.);
#3160=ORIENTED_EDGE('',*,*,#4469,.T.);
#3161=ORIENTED_EDGE('',*,*,#3750,.F.);
#3162=ORIENTED_EDGE('',*,*,#4473,.F.);
#3163=ORIENTED_EDGE('',*,*,#4474,.T.);
#3164=ORIENTED_EDGE('',*,*,#4471,.T.);
#3165=ORIENTED_EDGE('',*,*,#3749,.F.);
#3166=ORIENTED_EDGE('',*,*,#4475,.F.);
#3167=ORIENTED_EDGE('',*,*,#4476,.T.);
#3168=ORIENTED_EDGE('',*,*,#4473,.T.);
#3169=ORIENTED_EDGE('',*,*,#3748,.F.);
#3170=ORIENTED_EDGE('',*,*,#4477,.F.);
#3171=ORIENTED_EDGE('',*,*,#4478,.T.);
#3172=ORIENTED_EDGE('',*,*,#4475,.T.);
#3173=ORIENTED_EDGE('',*,*,#3747,.F.);
#3174=ORIENTED_EDGE('',*,*,#4479,.F.);
#3175=ORIENTED_EDGE('',*,*,#4480,.T.);
#3176=ORIENTED_EDGE('',*,*,#4477,.T.);
#3177=ORIENTED_EDGE('',*,*,#3746,.F.);
#3178=ORIENTED_EDGE('',*,*,#4481,.F.);
#3179=ORIENTED_EDGE('',*,*,#4482,.T.);
#3180=ORIENTED_EDGE('',*,*,#4479,.T.);
#3181=ORIENTED_EDGE('',*,*,#3745,.F.);
#3182=ORIENTED_EDGE('',*,*,#4466,.F.);
#3183=ORIENTED_EDGE('',*,*,#4483,.T.);
#3184=ORIENTED_EDGE('',*,*,#4481,.T.);
#3185=ORIENTED_EDGE('',*,*,#4465,.F.);
#3186=ORIENTED_EDGE('',*,*,#4468,.F.);
#3187=ORIENTED_EDGE('',*,*,#4470,.F.);
#3188=ORIENTED_EDGE('',*,*,#4472,.F.);
#3189=ORIENTED_EDGE('',*,*,#4474,.F.);
#3190=ORIENTED_EDGE('',*,*,#4476,.F.);
#3191=ORIENTED_EDGE('',*,*,#4478,.F.);
#3192=ORIENTED_EDGE('',*,*,#4480,.F.);
#3193=ORIENTED_EDGE('',*,*,#4482,.F.);
#3194=ORIENTED_EDGE('',*,*,#4483,.F.);
#3195=ORIENTED_EDGE('',*,*,#3754,.F.);
#3196=ORIENTED_EDGE('',*,*,#4484,.F.);
#3197=ORIENTED_EDGE('',*,*,#4485,.T.);
#3198=ORIENTED_EDGE('',*,*,#4486,.T.);
#3199=ORIENTED_EDGE('',*,*,#3753,.F.);
#3200=ORIENTED_EDGE('',*,*,#4487,.F.);
#3201=ORIENTED_EDGE('',*,*,#4488,.T.);
#3202=ORIENTED_EDGE('',*,*,#4484,.T.);
#3203=ORIENTED_EDGE('',*,*,#3756,.F.);
#3204=ORIENTED_EDGE('',*,*,#4489,.F.);
#3205=ORIENTED_EDGE('',*,*,#4490,.T.);
#3206=ORIENTED_EDGE('',*,*,#4487,.T.);
#3207=ORIENTED_EDGE('',*,*,#3755,.F.);
#3208=ORIENTED_EDGE('',*,*,#4486,.F.);
#3209=ORIENTED_EDGE('',*,*,#4491,.T.);
#3210=ORIENTED_EDGE('',*,*,#4489,.T.);
#3211=ORIENTED_EDGE('',*,*,#4485,.F.);
#3212=ORIENTED_EDGE('',*,*,#4488,.F.);
#3213=ORIENTED_EDGE('',*,*,#4490,.F.);
#3214=ORIENTED_EDGE('',*,*,#4491,.F.);
#3215=ORIENTED_EDGE('',*,*,#3758,.F.);
#3216=ORIENTED_EDGE('',*,*,#4492,.F.);
#3217=ORIENTED_EDGE('',*,*,#4493,.T.);
#3218=ORIENTED_EDGE('',*,*,#4494,.T.);
#3219=ORIENTED_EDGE('',*,*,#3757,.F.);
#3220=ORIENTED_EDGE('',*,*,#4495,.F.);
#3221=ORIENTED_EDGE('',*,*,#4496,.T.);
#3222=ORIENTED_EDGE('',*,*,#4492,.T.);
#3223=ORIENTED_EDGE('',*,*,#3764,.F.);
#3224=ORIENTED_EDGE('',*,*,#4497,.F.);
#3225=ORIENTED_EDGE('',*,*,#4498,.T.);
#3226=ORIENTED_EDGE('',*,*,#4495,.T.);
#3227=ORIENTED_EDGE('',*,*,#3763,.F.);
#3228=ORIENTED_EDGE('',*,*,#4499,.F.);
#3229=ORIENTED_EDGE('',*,*,#4500,.T.);
#3230=ORIENTED_EDGE('',*,*,#4497,.T.);
#3231=ORIENTED_EDGE('',*,*,#3762,.F.);
#3232=ORIENTED_EDGE('',*,*,#4501,.F.);
#3233=ORIENTED_EDGE('',*,*,#4502,.T.);
#3234=ORIENTED_EDGE('',*,*,#4499,.T.);
#3235=ORIENTED_EDGE('',*,*,#3761,.F.);
#3236=ORIENTED_EDGE('',*,*,#4503,.F.);
#3237=ORIENTED_EDGE('',*,*,#4504,.T.);
#3238=ORIENTED_EDGE('',*,*,#4501,.T.);
#3239=ORIENTED_EDGE('',*,*,#3760,.F.);
#3240=ORIENTED_EDGE('',*,*,#4505,.F.);
#3241=ORIENTED_EDGE('',*,*,#4506,.T.);
#3242=ORIENTED_EDGE('',*,*,#4503,.T.);
#3243=ORIENTED_EDGE('',*,*,#3759,.F.);
#3244=ORIENTED_EDGE('',*,*,#4494,.F.);
#3245=ORIENTED_EDGE('',*,*,#4507,.T.);
#3246=ORIENTED_EDGE('',*,*,#4505,.T.);
#3247=ORIENTED_EDGE('',*,*,#4493,.F.);
#3248=ORIENTED_EDGE('',*,*,#4496,.F.);
#3249=ORIENTED_EDGE('',*,*,#4498,.F.);
#3250=ORIENTED_EDGE('',*,*,#4500,.F.);
#3251=ORIENTED_EDGE('',*,*,#4502,.F.);
#3252=ORIENTED_EDGE('',*,*,#4504,.F.);
#3253=ORIENTED_EDGE('',*,*,#4506,.F.);
#3254=ORIENTED_EDGE('',*,*,#4507,.F.);
#3255=ORIENTED_EDGE('',*,*,#3766,.F.);
#3256=ORIENTED_EDGE('',*,*,#4508,.F.);
#3257=ORIENTED_EDGE('',*,*,#4509,.T.);
#3258=ORIENTED_EDGE('',*,*,#4510,.T.);
#3259=ORIENTED_EDGE('',*,*,#3765,.F.);
#3260=ORIENTED_EDGE('',*,*,#4511,.F.);
#3261=ORIENTED_EDGE('',*,*,#4512,.T.);
#3262=ORIENTED_EDGE('',*,*,#4508,.T.);
#3263=ORIENTED_EDGE('',*,*,#3768,.F.);
#3264=ORIENTED_EDGE('',*,*,#4513,.F.);
#3265=ORIENTED_EDGE('',*,*,#4514,.T.);
#3266=ORIENTED_EDGE('',*,*,#4511,.T.);
#3267=ORIENTED_EDGE('',*,*,#3767,.F.);
#3268=ORIENTED_EDGE('',*,*,#4510,.F.);
#3269=ORIENTED_EDGE('',*,*,#4515,.T.);
#3270=ORIENTED_EDGE('',*,*,#4513,.T.);
#3271=ORIENTED_EDGE('',*,*,#4509,.F.);
#3272=ORIENTED_EDGE('',*,*,#4512,.F.);
#3273=ORIENTED_EDGE('',*,*,#4514,.F.);
#3274=ORIENTED_EDGE('',*,*,#4515,.F.);
#3275=ORIENTED_EDGE('',*,*,#3770,.F.);
#3276=ORIENTED_EDGE('',*,*,#4516,.F.);
#3277=ORIENTED_EDGE('',*,*,#4517,.T.);
#3278=ORIENTED_EDGE('',*,*,#4518,.T.);
#3279=ORIENTED_EDGE('',*,*,#3769,.F.);
#3280=ORIENTED_EDGE('',*,*,#4519,.F.);
#3281=ORIENTED_EDGE('',*,*,#4520,.T.);
#3282=ORIENTED_EDGE('',*,*,#4516,.T.);
#3283=ORIENTED_EDGE('',*,*,#3772,.F.);
#3284=ORIENTED_EDGE('',*,*,#4521,.F.);
#3285=ORIENTED_EDGE('',*,*,#4522,.T.);
#3286=ORIENTED_EDGE('',*,*,#4519,.T.);
#3287=ORIENTED_EDGE('',*,*,#3771,.F.);
#3288=ORIENTED_EDGE('',*,*,#4518,.F.);
#3289=ORIENTED_EDGE('',*,*,#4523,.T.);
#3290=ORIENTED_EDGE('',*,*,#4521,.T.);
#3291=ORIENTED_EDGE('',*,*,#4517,.F.);
#3292=ORIENTED_EDGE('',*,*,#4520,.F.);
#3293=ORIENTED_EDGE('',*,*,#4522,.F.);
#3294=ORIENTED_EDGE('',*,*,#4523,.F.);
#3295=ORIENTED_EDGE('',*,*,#3776,.F.);
#3296=ORIENTED_EDGE('',*,*,#4524,.F.);
#3297=ORIENTED_EDGE('',*,*,#4525,.T.);
#3298=ORIENTED_EDGE('',*,*,#4526,.T.);
#3299=ORIENTED_EDGE('',*,*,#3775,.F.);
#3300=ORIENTED_EDGE('',*,*,#4527,.F.);
#3301=ORIENTED_EDGE('',*,*,#4528,.T.);
#3302=ORIENTED_EDGE('',*,*,#4524,.T.);
#3303=ORIENTED_EDGE('',*,*,#3774,.F.);
#3304=ORIENTED_EDGE('',*,*,#4529,.F.);
#3305=ORIENTED_EDGE('',*,*,#4530,.T.);
#3306=ORIENTED_EDGE('',*,*,#4527,.T.);
#3307=ORIENTED_EDGE('',*,*,#3773,.F.);
#3308=ORIENTED_EDGE('',*,*,#4531,.F.);
#3309=ORIENTED_EDGE('',*,*,#4532,.T.);
#3310=ORIENTED_EDGE('',*,*,#4529,.T.);
#3311=ORIENTED_EDGE('',*,*,#3784,.F.);
#3312=ORIENTED_EDGE('',*,*,#4533,.F.);
#3313=ORIENTED_EDGE('',*,*,#4534,.T.);
#3314=ORIENTED_EDGE('',*,*,#4531,.T.);
#3315=ORIENTED_EDGE('',*,*,#3783,.F.);
#3316=ORIENTED_EDGE('',*,*,#4535,.F.);
#3317=ORIENTED_EDGE('',*,*,#4536,.T.);
#3318=ORIENTED_EDGE('',*,*,#4533,.T.);
#3319=ORIENTED_EDGE('',*,*,#3782,.F.);
#3320=ORIENTED_EDGE('',*,*,#4537,.F.);
#3321=ORIENTED_EDGE('',*,*,#4538,.T.);
#3322=ORIENTED_EDGE('',*,*,#4535,.T.);
#3323=ORIENTED_EDGE('',*,*,#3781,.F.);
#3324=ORIENTED_EDGE('',*,*,#4539,.F.);
#3325=ORIENTED_EDGE('',*,*,#4540,.T.);
#3326=ORIENTED_EDGE('',*,*,#4537,.T.);
#3327=ORIENTED_EDGE('',*,*,#3780,.F.);
#3328=ORIENTED_EDGE('',*,*,#4541,.F.);
#3329=ORIENTED_EDGE('',*,*,#4542,.T.);
#3330=ORIENTED_EDGE('',*,*,#4539,.T.);
#3331=ORIENTED_EDGE('',*,*,#3779,.F.);
#3332=ORIENTED_EDGE('',*,*,#4543,.F.);
#3333=ORIENTED_EDGE('',*,*,#4544,.T.);
#3334=ORIENTED_EDGE('',*,*,#4541,.T.);
#3335=ORIENTED_EDGE('',*,*,#3778,.F.);
#3336=ORIENTED_EDGE('',*,*,#4545,.F.);
#3337=ORIENTED_EDGE('',*,*,#4546,.T.);
#3338=ORIENTED_EDGE('',*,*,#4543,.T.);
#3339=ORIENTED_EDGE('',*,*,#3777,.F.);
#3340=ORIENTED_EDGE('',*,*,#4526,.F.);
#3341=ORIENTED_EDGE('',*,*,#4547,.T.);
#3342=ORIENTED_EDGE('',*,*,#4545,.T.);
#3343=ORIENTED_EDGE('',*,*,#4525,.F.);
#3344=ORIENTED_EDGE('',*,*,#4528,.F.);
#3345=ORIENTED_EDGE('',*,*,#4530,.F.);
#3346=ORIENTED_EDGE('',*,*,#4532,.F.);
#3347=ORIENTED_EDGE('',*,*,#4534,.F.);
#3348=ORIENTED_EDGE('',*,*,#4536,.F.);
#3349=ORIENTED_EDGE('',*,*,#4538,.F.);
#3350=ORIENTED_EDGE('',*,*,#4540,.F.);
#3351=ORIENTED_EDGE('',*,*,#4542,.F.);
#3352=ORIENTED_EDGE('',*,*,#4544,.F.);
#3353=ORIENTED_EDGE('',*,*,#4546,.F.);
#3354=ORIENTED_EDGE('',*,*,#4547,.F.);
#3355=ORIENTED_EDGE('',*,*,#3786,.F.);
#3356=ORIENTED_EDGE('',*,*,#4548,.F.);
#3357=ORIENTED_EDGE('',*,*,#4549,.T.);
#3358=ORIENTED_EDGE('',*,*,#4550,.T.);
#3359=ORIENTED_EDGE('',*,*,#3785,.F.);
#3360=ORIENTED_EDGE('',*,*,#4551,.F.);
#3361=ORIENTED_EDGE('',*,*,#4552,.T.);
#3362=ORIENTED_EDGE('',*,*,#4548,.T.);
#3363=ORIENTED_EDGE('',*,*,#3799,.F.);
#3364=ORIENTED_EDGE('',*,*,#4553,.F.);
#3365=ORIENTED_EDGE('',*,*,#4554,.T.);
#3366=ORIENTED_EDGE('',*,*,#4551,.T.);
#3367=ORIENTED_EDGE('',*,*,#3798,.F.);
#3368=ORIENTED_EDGE('',*,*,#4555,.F.);
#3369=ORIENTED_EDGE('',*,*,#4556,.T.);
#3370=ORIENTED_EDGE('',*,*,#4553,.T.);
#3371=ORIENTED_EDGE('',*,*,#3797,.F.);
#3372=ORIENTED_EDGE('',*,*,#4557,.F.);
#3373=ORIENTED_EDGE('',*,*,#4558,.T.);
#3374=ORIENTED_EDGE('',*,*,#4555,.T.);
#3375=ORIENTED_EDGE('',*,*,#3796,.F.);
#3376=ORIENTED_EDGE('',*,*,#4559,.F.);
#3377=ORIENTED_EDGE('',*,*,#4560,.T.);
#3378=ORIENTED_EDGE('',*,*,#4557,.T.);
#3379=ORIENTED_EDGE('',*,*,#3795,.F.);
#3380=ORIENTED_EDGE('',*,*,#4561,.F.);
#3381=ORIENTED_EDGE('',*,*,#4562,.T.);
#3382=ORIENTED_EDGE('',*,*,#4559,.T.);
#3383=ORIENTED_EDGE('',*,*,#3794,.F.);
#3384=ORIENTED_EDGE('',*,*,#4563,.F.);
#3385=ORIENTED_EDGE('',*,*,#4564,.T.);
#3386=ORIENTED_EDGE('',*,*,#4561,.T.);
#3387=ORIENTED_EDGE('',*,*,#3793,.F.);
#3388=ORIENTED_EDGE('',*,*,#4565,.F.);
#3389=ORIENTED_EDGE('',*,*,#4566,.T.);
#3390=ORIENTED_EDGE('',*,*,#4563,.T.);
#3391=ORIENTED_EDGE('',*,*,#3792,.F.);
#3392=ORIENTED_EDGE('',*,*,#4567,.F.);
#3393=ORIENTED_EDGE('',*,*,#4568,.T.);
#3394=ORIENTED_EDGE('',*,*,#4565,.T.);
#3395=ORIENTED_EDGE('',*,*,#3791,.F.);
#3396=ORIENTED_EDGE('',*,*,#4569,.F.);
#3397=ORIENTED_EDGE('',*,*,#4570,.T.);
#3398=ORIENTED_EDGE('',*,*,#4567,.T.);
#3399=ORIENTED_EDGE('',*,*,#3790,.F.);
#3400=ORIENTED_EDGE('',*,*,#4571,.F.);
#3401=ORIENTED_EDGE('',*,*,#4572,.T.);
#3402=ORIENTED_EDGE('',*,*,#4569,.T.);
#3403=ORIENTED_EDGE('',*,*,#3789,.F.);
#3404=ORIENTED_EDGE('',*,*,#4573,.F.);
#3405=ORIENTED_EDGE('',*,*,#4574,.T.);
#3406=ORIENTED_EDGE('',*,*,#4571,.T.);
#3407=ORIENTED_EDGE('',*,*,#3788,.F.);
#3408=ORIENTED_EDGE('',*,*,#4575,.F.);
#3409=ORIENTED_EDGE('',*,*,#4576,.T.);
#3410=ORIENTED_EDGE('',*,*,#4573,.T.);
#3411=ORIENTED_EDGE('',*,*,#3787,.F.);
#3412=ORIENTED_EDGE('',*,*,#4550,.F.);
#3413=ORIENTED_EDGE('',*,*,#4577,.T.);
#3414=ORIENTED_EDGE('',*,*,#4575,.T.);
#3415=ORIENTED_EDGE('',*,*,#4549,.F.);
#3416=ORIENTED_EDGE('',*,*,#4552,.F.);
#3417=ORIENTED_EDGE('',*,*,#4554,.F.);
#3418=ORIENTED_EDGE('',*,*,#4556,.F.);
#3419=ORIENTED_EDGE('',*,*,#4558,.F.);
#3420=ORIENTED_EDGE('',*,*,#4560,.F.);
#3421=ORIENTED_EDGE('',*,*,#4562,.F.);
#3422=ORIENTED_EDGE('',*,*,#4564,.F.);
#3423=ORIENTED_EDGE('',*,*,#4566,.F.);
#3424=ORIENTED_EDGE('',*,*,#4568,.F.);
#3425=ORIENTED_EDGE('',*,*,#4570,.F.);
#3426=ORIENTED_EDGE('',*,*,#4572,.F.);
#3427=ORIENTED_EDGE('',*,*,#4574,.F.);
#3428=ORIENTED_EDGE('',*,*,#4576,.F.);
#3429=ORIENTED_EDGE('',*,*,#4577,.F.);
#3430=ORIENTED_EDGE('',*,*,#3809,.F.);
#3431=ORIENTED_EDGE('',*,*,#4578,.F.);
#3432=ORIENTED_EDGE('',*,*,#4579,.T.);
#3433=ORIENTED_EDGE('',*,*,#4580,.T.);
#3434=ORIENTED_EDGE('',*,*,#3808,.F.);
#3435=ORIENTED_EDGE('',*,*,#4581,.F.);
#3436=ORIENTED_EDGE('',*,*,#4582,.T.);
#3437=ORIENTED_EDGE('',*,*,#4578,.T.);
#3438=ORIENTED_EDGE('',*,*,#3807,.F.);
#3439=ORIENTED_EDGE('',*,*,#4583,.F.);
#3440=ORIENTED_EDGE('',*,*,#4584,.T.);
#3441=ORIENTED_EDGE('',*,*,#4581,.T.);
#3442=ORIENTED_EDGE('',*,*,#3806,.F.);
#3443=ORIENTED_EDGE('',*,*,#4585,.F.);
#3444=ORIENTED_EDGE('',*,*,#4586,.T.);
#3445=ORIENTED_EDGE('',*,*,#4583,.T.);
#3446=ORIENTED_EDGE('',*,*,#3805,.F.);
#3447=ORIENTED_EDGE('',*,*,#4587,.F.);
#3448=ORIENTED_EDGE('',*,*,#4588,.T.);
#3449=ORIENTED_EDGE('',*,*,#4585,.T.);
#3450=ORIENTED_EDGE('',*,*,#3804,.F.);
#3451=ORIENTED_EDGE('',*,*,#4589,.F.);
#3452=ORIENTED_EDGE('',*,*,#4590,.T.);
#3453=ORIENTED_EDGE('',*,*,#4587,.T.);
#3454=ORIENTED_EDGE('',*,*,#3803,.F.);
#3455=ORIENTED_EDGE('',*,*,#4591,.F.);
#3456=ORIENTED_EDGE('',*,*,#4592,.T.);
#3457=ORIENTED_EDGE('',*,*,#4589,.T.);
#3458=ORIENTED_EDGE('',*,*,#3802,.F.);
#3459=ORIENTED_EDGE('',*,*,#4593,.F.);
#3460=ORIENTED_EDGE('',*,*,#4594,.T.);
#3461=ORIENTED_EDGE('',*,*,#4591,.T.);
#3462=ORIENTED_EDGE('',*,*,#3801,.F.);
#3463=ORIENTED_EDGE('',*,*,#4595,.F.);
#3464=ORIENTED_EDGE('',*,*,#4596,.T.);
#3465=ORIENTED_EDGE('',*,*,#4593,.T.);
#3466=ORIENTED_EDGE('',*,*,#3800,.F.);
#3467=ORIENTED_EDGE('',*,*,#4597,.F.);
#3468=ORIENTED_EDGE('',*,*,#4598,.T.);
#3469=ORIENTED_EDGE('',*,*,#4595,.T.);
#3470=ORIENTED_EDGE('',*,*,#3814,.F.);
#3471=ORIENTED_EDGE('',*,*,#4599,.F.);
#3472=ORIENTED_EDGE('',*,*,#4600,.T.);
#3473=ORIENTED_EDGE('',*,*,#4597,.T.);
#3474=ORIENTED_EDGE('',*,*,#3813,.F.);
#3475=ORIENTED_EDGE('',*,*,#4601,.F.);
#3476=ORIENTED_EDGE('',*,*,#4602,.T.);
#3477=ORIENTED_EDGE('',*,*,#4599,.T.);
#3478=ORIENTED_EDGE('',*,*,#3812,.F.);
#3479=ORIENTED_EDGE('',*,*,#4603,.F.);
#3480=ORIENTED_EDGE('',*,*,#4604,.T.);
#3481=ORIENTED_EDGE('',*,*,#4601,.T.);
#3482=ORIENTED_EDGE('',*,*,#3811,.F.);
#3483=ORIENTED_EDGE('',*,*,#4605,.F.);
#3484=ORIENTED_EDGE('',*,*,#4606,.T.);
#3485=ORIENTED_EDGE('',*,*,#4603,.T.);
#3486=ORIENTED_EDGE('',*,*,#3810,.F.);
#3487=ORIENTED_EDGE('',*,*,#4580,.F.);
#3488=ORIENTED_EDGE('',*,*,#4607,.T.);
#3489=ORIENTED_EDGE('',*,*,#4605,.T.);
#3490=ORIENTED_EDGE('',*,*,#4579,.F.);
#3491=ORIENTED_EDGE('',*,*,#4582,.F.);
#3492=ORIENTED_EDGE('',*,*,#4584,.F.);
#3493=ORIENTED_EDGE('',*,*,#4586,.F.);
#3494=ORIENTED_EDGE('',*,*,#4588,.F.);
#3495=ORIENTED_EDGE('',*,*,#4590,.F.);
#3496=ORIENTED_EDGE('',*,*,#4592,.F.);
#3497=ORIENTED_EDGE('',*,*,#4594,.F.);
#3498=ORIENTED_EDGE('',*,*,#4596,.F.);
#3499=ORIENTED_EDGE('',*,*,#4598,.F.);
#3500=ORIENTED_EDGE('',*,*,#4600,.F.);
#3501=ORIENTED_EDGE('',*,*,#4602,.F.);
#3502=ORIENTED_EDGE('',*,*,#4604,.F.);
#3503=ORIENTED_EDGE('',*,*,#4606,.F.);
#3504=ORIENTED_EDGE('',*,*,#4607,.F.);
#3505=ORIENTED_EDGE('',*,*,#3816,.F.);
#3506=ORIENTED_EDGE('',*,*,#4608,.F.);
#3507=ORIENTED_EDGE('',*,*,#4609,.T.);
#3508=ORIENTED_EDGE('',*,*,#4610,.T.);
#3509=ORIENTED_EDGE('',*,*,#3815,.F.);
#3510=ORIENTED_EDGE('',*,*,#4611,.F.);
#3511=ORIENTED_EDGE('',*,*,#4612,.T.);
#3512=ORIENTED_EDGE('',*,*,#4608,.T.);
#3513=ORIENTED_EDGE('',*,*,#3830,.F.);
#3514=ORIENTED_EDGE('',*,*,#4613,.F.);
#3515=ORIENTED_EDGE('',*,*,#4614,.T.);
#3516=ORIENTED_EDGE('',*,*,#4611,.T.);
#3517=ORIENTED_EDGE('',*,*,#3829,.F.);
#3518=ORIENTED_EDGE('',*,*,#4615,.F.);
#3519=ORIENTED_EDGE('',*,*,#4616,.T.);
#3520=ORIENTED_EDGE('',*,*,#4613,.T.);
#3521=ORIENTED_EDGE('',*,*,#3828,.F.);
#3522=ORIENTED_EDGE('',*,*,#4617,.F.);
#3523=ORIENTED_EDGE('',*,*,#4618,.T.);
#3524=ORIENTED_EDGE('',*,*,#4615,.T.);
#3525=ORIENTED_EDGE('',*,*,#3827,.F.);
#3526=ORIENTED_EDGE('',*,*,#4619,.F.);
#3527=ORIENTED_EDGE('',*,*,#4620,.T.);
#3528=ORIENTED_EDGE('',*,*,#4617,.T.);
#3529=ORIENTED_EDGE('',*,*,#3826,.F.);
#3530=ORIENTED_EDGE('',*,*,#4621,.F.);
#3531=ORIENTED_EDGE('',*,*,#4622,.T.);
#3532=ORIENTED_EDGE('',*,*,#4619,.T.);
#3533=ORIENTED_EDGE('',*,*,#3825,.F.);
#3534=ORIENTED_EDGE('',*,*,#4623,.F.);
#3535=ORIENTED_EDGE('',*,*,#4624,.T.);
#3536=ORIENTED_EDGE('',*,*,#4621,.T.);
#3537=ORIENTED_EDGE('',*,*,#3824,.F.);
#3538=ORIENTED_EDGE('',*,*,#4625,.F.);
#3539=ORIENTED_EDGE('',*,*,#4626,.T.);
#3540=ORIENTED_EDGE('',*,*,#4623,.T.);
#3541=ORIENTED_EDGE('',*,*,#3823,.F.);
#3542=ORIENTED_EDGE('',*,*,#4627,.F.);
#3543=ORIENTED_EDGE('',*,*,#4628,.T.);
#3544=ORIENTED_EDGE('',*,*,#4625,.T.);
#3545=ORIENTED_EDGE('',*,*,#3822,.F.);
#3546=ORIENTED_EDGE('',*,*,#4629,.F.);
#3547=ORIENTED_EDGE('',*,*,#4630,.T.);
#3548=ORIENTED_EDGE('',*,*,#4627,.T.);
#3549=ORIENTED_EDGE('',*,*,#3821,.F.);
#3550=ORIENTED_EDGE('',*,*,#4631,.F.);
#3551=ORIENTED_EDGE('',*,*,#4632,.T.);
#3552=ORIENTED_EDGE('',*,*,#4629,.T.);
#3553=ORIENTED_EDGE('',*,*,#3820,.F.);
#3554=ORIENTED_EDGE('',*,*,#4633,.F.);
#3555=ORIENTED_EDGE('',*,*,#4634,.T.);
#3556=ORIENTED_EDGE('',*,*,#4631,.T.);
#3557=ORIENTED_EDGE('',*,*,#3819,.F.);
#3558=ORIENTED_EDGE('',*,*,#4635,.F.);
#3559=ORIENTED_EDGE('',*,*,#4636,.T.);
#3560=ORIENTED_EDGE('',*,*,#4633,.T.);
#3561=ORIENTED_EDGE('',*,*,#3818,.F.);
#3562=ORIENTED_EDGE('',*,*,#4637,.F.);
#3563=ORIENTED_EDGE('',*,*,#4638,.T.);
#3564=ORIENTED_EDGE('',*,*,#4635,.T.);
#3565=ORIENTED_EDGE('',*,*,#3817,.F.);
#3566=ORIENTED_EDGE('',*,*,#4610,.F.);
#3567=ORIENTED_EDGE('',*,*,#4639,.T.);
#3568=ORIENTED_EDGE('',*,*,#4637,.T.);
#3569=ORIENTED_EDGE('',*,*,#4609,.F.);
#3570=ORIENTED_EDGE('',*,*,#4612,.F.);
#3571=ORIENTED_EDGE('',*,*,#4614,.F.);
#3572=ORIENTED_EDGE('',*,*,#4616,.F.);
#3573=ORIENTED_EDGE('',*,*,#4618,.F.);
#3574=ORIENTED_EDGE('',*,*,#4620,.F.);
#3575=ORIENTED_EDGE('',*,*,#4622,.F.);
#3576=ORIENTED_EDGE('',*,*,#4624,.F.);
#3577=ORIENTED_EDGE('',*,*,#4626,.F.);
#3578=ORIENTED_EDGE('',*,*,#4628,.F.);
#3579=ORIENTED_EDGE('',*,*,#4630,.F.);
#3580=ORIENTED_EDGE('',*,*,#4632,.F.);
#3581=ORIENTED_EDGE('',*,*,#4634,.F.);
#3582=ORIENTED_EDGE('',*,*,#4636,.F.);
#3583=ORIENTED_EDGE('',*,*,#4638,.F.);
#3584=ORIENTED_EDGE('',*,*,#4639,.F.);
#3585=ORIENTED_EDGE('',*,*,#4174,.T.);
#3586=ORIENTED_EDGE('',*,*,#4170,.T.);
#3587=ORIENTED_EDGE('',*,*,#4225,.T.);
#3588=ORIENTED_EDGE('',*,*,#4192,.T.);
#3589=ORIENTED_EDGE('',*,*,#4189,.T.);
#3590=ORIENTED_EDGE('',*,*,#4186,.T.);
#3591=ORIENTED_EDGE('',*,*,#4183,.T.);
#3592=ORIENTED_EDGE('',*,*,#4180,.T.);
#3593=ORIENTED_EDGE('',*,*,#4177,.T.);
#3594=ORIENTED_EDGE('',*,*,#4231,.T.);
#3595=ORIENTED_EDGE('',*,*,#4227,.T.);
#3596=ORIENTED_EDGE('',*,*,#4285,.T.);
#3597=ORIENTED_EDGE('',*,*,#4246,.T.);
#3598=ORIENTED_EDGE('',*,*,#4243,.T.);
#3599=ORIENTED_EDGE('',*,*,#4240,.T.);
#3600=ORIENTED_EDGE('',*,*,#4237,.T.);
#3601=ORIENTED_EDGE('',*,*,#4234,.T.);
#3602=ORIENTED_EDGE('',*,*,#4291,.T.);
#3603=ORIENTED_EDGE('',*,*,#4287,.T.);
#3604=ORIENTED_EDGE('',*,*,#4342,.T.);
#3605=ORIENTED_EDGE('',*,*,#4309,.T.);
#3606=ORIENTED_EDGE('',*,*,#4306,.T.);
#3607=ORIENTED_EDGE('',*,*,#4303,.T.);
#3608=ORIENTED_EDGE('',*,*,#4300,.T.);
#3609=ORIENTED_EDGE('',*,*,#4297,.T.);
#3610=ORIENTED_EDGE('',*,*,#4294,.T.);
#3611=ORIENTED_EDGE('',*,*,#4348,.T.);
#3612=ORIENTED_EDGE('',*,*,#4344,.T.);
#3613=ORIENTED_EDGE('',*,*,#4384,.T.);
#3614=ORIENTED_EDGE('',*,*,#4363,.T.);
#3615=ORIENTED_EDGE('',*,*,#4360,.T.);
#3616=ORIENTED_EDGE('',*,*,#4357,.T.);
#3617=ORIENTED_EDGE('',*,*,#4354,.T.);
#3618=ORIENTED_EDGE('',*,*,#4351,.T.);
#3619=ORIENTED_EDGE('',*,*,#4390,.T.);
#3620=ORIENTED_EDGE('',*,*,#4386,.T.);
#3621=ORIENTED_EDGE('',*,*,#4444,.T.);
#3622=ORIENTED_EDGE('',*,*,#4405,.T.);
#3623=ORIENTED_EDGE('',*,*,#4402,.T.);
#3624=ORIENTED_EDGE('',*,*,#4399,.T.);
#3625=ORIENTED_EDGE('',*,*,#4396,.T.);
#3626=ORIENTED_EDGE('',*,*,#4393,.T.);
#3627=EDGE_CURVE('',#4640,#4641,#5317,.T.);
#3628=EDGE_CURVE('',#4641,#4642,#5318,.T.);
#3629=EDGE_CURVE('',#4642,#4643,#5319,.T.);
#3630=EDGE_CURVE('',#4643,#4644,#1423,.F.);
#3631=EDGE_CURVE('',#4644,#4645,#1424,.F.);
#3632=EDGE_CURVE('',#4645,#4646,#5320,.T.);
#3633=EDGE_CURVE('',#4646,#4647,#5321,.T.);
#3634=EDGE_CURVE('',#4647,#4648,#5322,.T.);
#3635=EDGE_CURVE('',#4648,#4640,#5323,.T.);
#3636=EDGE_CURVE('',#4649,#4650,#221,.T.);
#3637=EDGE_CURVE('',#4650,#4651,#222,.T.);
#3638=EDGE_CURVE('',#4651,#4652,#5324,.T.);
#3639=EDGE_CURVE('',#4652,#4653,#5325,.T.);
#3640=EDGE_CURVE('',#4653,#4654,#5326,.T.);
#3641=EDGE_CURVE('',#4654,#4655,#5327,.T.);
#3642=EDGE_CURVE('',#4655,#4656,#5328,.T.);
#3643=EDGE_CURVE('',#4656,#4657,#223,.T.);
#3644=EDGE_CURVE('',#4657,#4658,#224,.T.);
#3645=EDGE_CURVE('',#4658,#4659,#5329,.T.);
#3646=EDGE_CURVE('',#4659,#4660,#5330,.T.);
#3647=EDGE_CURVE('',#4660,#4661,#5331,.T.);
#3648=EDGE_CURVE('',#4661,#4662,#225,.T.);
#3649=EDGE_CURVE('',#4662,#4663,#1425,.F.);
#3650=EDGE_CURVE('',#4663,#4664,#1426,.F.);
#3651=EDGE_CURVE('',#4664,#4665,#5332,.T.);
#3652=EDGE_CURVE('',#4665,#4666,#5333,.T.);
#3653=EDGE_CURVE('',#4666,#4649,#226,.T.);
#3654=EDGE_CURVE('',#4667,#4668,#5334,.T.);
#3655=EDGE_CURVE('',#4668,#4669,#5335,.T.);
#3656=EDGE_CURVE('',#4669,#4670,#5336,.T.);
#3657=EDGE_CURVE('',#4670,#4671,#5337,.T.);
#3658=EDGE_CURVE('',#4671,#4672,#227,.T.);
#3659=EDGE_CURVE('',#4672,#4673,#1427,.T.);
#3660=EDGE_CURVE('',#4673,#4674,#1428,.T.);
#3661=EDGE_CURVE('',#4674,#4675,#5338,.T.);
#3662=EDGE_CURVE('',#4675,#4676,#5339,.T.);
#3663=EDGE_CURVE('',#4676,#4677,#5340,.T.);
#3664=EDGE_CURVE('',#4677,#4678,#5341,.T.);
#3665=EDGE_CURVE('',#4678,#4679,#5342,.T.);
#3666=EDGE_CURVE('',#4679,#4680,#5343,.T.);
#3667=EDGE_CURVE('',#4680,#4681,#5344,.T.);
#3668=EDGE_CURVE('',#4681,#4682,#5345,.T.);
#3669=EDGE_CURVE('',#4682,#4683,#5346,.T.);
#3670=EDGE_CURVE('',#4683,#4684,#5347,.T.);
#3671=EDGE_CURVE('',#4684,#4685,#228,.T.);
#3672=EDGE_CURVE('',#4685,#4686,#5348,.T.);
#3673=EDGE_CURVE('',#4686,#4687,#5349,.T.);
#3674=EDGE_CURVE('',#4687,#4688,#5350,.T.);
#3675=EDGE_CURVE('',#4688,#4689,#5351,.T.);
#3676=EDGE_CURVE('',#4689,#4690,#5352,.T.);
#3677=EDGE_CURVE('',#4690,#4691,#5353,.T.);
#3678=EDGE_CURVE('',#4691,#4667,#5354,.T.);
#3679=EDGE_CURVE('',#4692,#4693,#229,.F.);
#3680=EDGE_CURVE('',#4693,#4694,#230,.T.);
#3681=EDGE_CURVE('',#4694,#4695,#231,.T.);
#3682=EDGE_CURVE('',#4695,#4696,#1429,.T.);
#3683=EDGE_CURVE('',#4697,#4696,#1430,.T.);
#3684=EDGE_CURVE('',#4697,#4698,#1431,.T.);
#3685=EDGE_CURVE('',#4692,#4698,#232,.T.);
#3686=EDGE_CURVE('',#4699,#4700,#233,.T.);
#3687=EDGE_CURVE('',#4700,#4701,#234,.T.);
#3688=EDGE_CURVE('',#4701,#4702,#5355,.T.);
#3689=EDGE_CURVE('',#4702,#4703,#5356,.T.);
#3690=EDGE_CURVE('',#4703,#4704,#5357,.T.);
#3691=EDGE_CURVE('',#4704,#4705,#5358,.T.);
#3692=EDGE_CURVE('',#4705,#4706,#5359,.T.);
#3693=EDGE_CURVE('',#4706,#4707,#5360,.T.);
#3694=EDGE_CURVE('',#4707,#4708,#235,.T.);
#3695=EDGE_CURVE('',#4708,#4709,#236,.T.);
#3696=EDGE_CURVE('',#4709,#4710,#237,.T.);
#3697=EDGE_CURVE('',#4710,#4711,#238,.T.);
#3698=EDGE_CURVE('',#4711,#4712,#239,.T.);
#3699=EDGE_CURVE('',#4712,#4713,#240,.T.);
#3700=EDGE_CURVE('',#4713,#4699,#241,.T.);
#3701=EDGE_CURVE('',#4714,#4715,#242,.T.);
#3702=EDGE_CURVE('',#4715,#4716,#5361,.T.);
#3703=EDGE_CURVE('',#4716,#4717,#1432,.F.);
#3704=EDGE_CURVE('',#4717,#4718,#5362,.T.);
#3705=EDGE_CURVE('',#4718,#4719,#5363,.T.);
#3706=EDGE_CURVE('',#4719,#4720,#5364,.T.);
#3707=EDGE_CURVE('',#4720,#4721,#5365,.T.);
#3708=EDGE_CURVE('',#4721,#4722,#1433,.F.);
#3709=EDGE_CURVE('',#4722,#4723,#1434,.F.);
#3710=EDGE_CURVE('',#4723,#4724,#243,.T.);
#3711=EDGE_CURVE('',#4724,#4725,#1435,.F.);
#3712=EDGE_CURVE('',#4725,#4726,#244,.T.);
#3713=EDGE_CURVE('',#4726,#4727,#245,.T.);
#3714=EDGE_CURVE('',#4727,#4728,#246,.T.);
#3715=EDGE_CURVE('',#4728,#4714,#247,.T.);
#3716=EDGE_CURVE('',#4729,#4730,#248,.T.);
#3717=EDGE_CURVE('',#4730,#4731,#249,.T.);
#3718=EDGE_CURVE('',#4731,#4732,#5366,.T.);
#3719=EDGE_CURVE('',#4732,#4733,#5367,.T.);
#3720=EDGE_CURVE('',#4733,#4734,#5368,.T.);
#3721=EDGE_CURVE('',#4734,#4735,#5369,.T.);
#3722=EDGE_CURVE('',#4735,#4736,#5370,.T.);
#3723=EDGE_CURVE('',#4736,#4737,#250,.T.);
#3724=EDGE_CURVE('',#4737,#4738,#251,.T.);
#3725=EDGE_CURVE('',#4738,#4739,#5371,.T.);
#3726=EDGE_CURVE('',#4739,#4740,#5372,.T.);
#3727=EDGE_CURVE('',#4740,#4741,#5373,.T.);
#3728=EDGE_CURVE('',#4741,#4742,#252,.T.);
#3729=EDGE_CURVE('',#4742,#4743,#1436,.F.);
#3730=EDGE_CURVE('',#4743,#4744,#1437,.F.);
#3731=EDGE_CURVE('',#4744,#4745,#5374,.T.);
#3732=EDGE_CURVE('',#4745,#4746,#5375,.T.);
#3733=EDGE_CURVE('',#4746,#4729,#253,.T.);
#3734=EDGE_CURVE('',#4747,#4748,#254,.T.);
#3735=EDGE_CURVE('',#4748,#4749,#255,.T.);
#3736=EDGE_CURVE('',#4749,#4750,#256,.T.);
#3737=EDGE_CURVE('',#4750,#4751,#1438,.F.);
#3738=EDGE_CURVE('',#4751,#4752,#1439,.F.);
#3739=EDGE_CURVE('',#4752,#4753,#1440,.F.);
#3740=EDGE_CURVE('',#4753,#4754,#257,.T.);
#3741=EDGE_CURVE('',#4754,#4755,#258,.T.);
#3742=EDGE_CURVE('',#4755,#4747,#259,.T.);
#3743=EDGE_CURVE('',#4756,#4757,#260,.T.);
#3744=EDGE_CURVE('',#4757,#4758,#261,.T.);
#3745=EDGE_CURVE('',#4758,#4759,#262,.T.);
#3746=EDGE_CURVE('',#4759,#4760,#263,.T.);
#3747=EDGE_CURVE('',#4760,#4761,#5376,.T.);
#3748=EDGE_CURVE('',#4761,#4762,#264,.T.);
#3749=EDGE_CURVE('',#4762,#4763,#5377,.T.);
#3750=EDGE_CURVE('',#4763,#4764,#1441,.F.);
#3751=EDGE_CURVE('',#4764,#4765,#265,.T.);
#3752=EDGE_CURVE('',#4765,#4756,#266,.T.);
#3753=EDGE_CURVE('',#4766,#4767,#267,.T.);
#3754=EDGE_CURVE('',#4767,#4768,#268,.T.);
#3755=EDGE_CURVE('',#4768,#4769,#269,.T.);
#3756=EDGE_CURVE('',#4769,#4766,#270,.T.);
#3757=EDGE_CURVE('',#4770,#4771,#5378,.T.);
#3758=EDGE_CURVE('',#4771,#4772,#5379,.T.);
#3759=EDGE_CURVE('',#4772,#4773,#1442,.F.);
#3760=EDGE_CURVE('',#4773,#4774,#1443,.F.);
#3761=EDGE_CURVE('',#4774,#4775,#5380,.T.);
#3762=EDGE_CURVE('',#4775,#4776,#5381,.T.);
#3763=EDGE_CURVE('',#4776,#4777,#1444,.F.);
#3764=EDGE_CURVE('',#4777,#4770,#1445,.F.);
#3765=EDGE_CURVE('',#4778,#4779,#271,.T.);
#3766=EDGE_CURVE('',#4779,#4780,#272,.T.);
#3767=EDGE_CURVE('',#4780,#4781,#273,.T.);
#3768=EDGE_CURVE('',#4781,#4778,#274,.T.);
#3769=EDGE_CURVE('',#4782,#4783,#275,.T.);
#3770=EDGE_CURVE('',#4783,#4784,#276,.T.);
#3771=EDGE_CURVE('',#4784,#4785,#277,.T.);
#3772=EDGE_CURVE('',#4785,#4782,#278,.T.);
#3773=EDGE_CURVE('',#4786,#4787,#279,.T.);
#3774=EDGE_CURVE('',#4787,#4788,#5382,.T.);
#3775=EDGE_CURVE('',#4788,#4789,#1446,.F.);
#3776=EDGE_CURVE('',#4789,#4790,#1447,.F.);
#3777=EDGE_CURVE('',#4790,#4791,#280,.T.);
#3778=EDGE_CURVE('',#4791,#4792,#1448,.T.);
#3779=EDGE_CURVE('',#4792,#4793,#5383,.T.);
#3780=EDGE_CURVE('',#4793,#4794,#5384,.T.);
#3781=EDGE_CURVE('',#4794,#4795,#281,.T.);
#3782=EDGE_CURVE('',#4795,#4796,#282,.T.);
#3783=EDGE_CURVE('',#4796,#4797,#283,.T.);
#3784=EDGE_CURVE('',#4797,#4786,#284,.T.);
#3785=EDGE_CURVE('',#4798,#4799,#5385,.T.);
#3786=EDGE_CURVE('',#4799,#4800,#5386,.T.);
#3787=EDGE_CURVE('',#4800,#4801,#5387,.T.);
#3788=EDGE_CURVE('',#4801,#4802,#5388,.T.);
#3789=EDGE_CURVE('',#4802,#4803,#5389,.T.);
#3790=EDGE_CURVE('',#4803,#4804,#1449,.F.);
#3791=EDGE_CURVE('',#4804,#4805,#1450,.F.);
#3792=EDGE_CURVE('',#4805,#4806,#285,.T.);
#3793=EDGE_CURVE('',#4806,#4807,#1451,.T.);
#3794=EDGE_CURVE('',#4807,#4808,#1452,.T.);
#3795=EDGE_CURVE('',#4808,#4809,#5390,.T.);
#3796=EDGE_CURVE('',#4809,#4810,#5391,.T.);
#3797=EDGE_CURVE('',#4810,#4811,#5392,.T.);
#3798=EDGE_CURVE('',#4811,#4812,#1453,.T.);
#3799=EDGE_CURVE('',#4812,#4798,#286,.T.);
#3800=EDGE_CURVE('',#4813,#4814,#287,.T.);
#3801=EDGE_CURVE('',#4814,#4815,#288,.T.);
#3802=EDGE_CURVE('',#4815,#4816,#289,.T.);
#3803=EDGE_CURVE('',#4816,#4817,#290,.T.);
#3804=EDGE_CURVE('',#4817,#4818,#291,.T.);
#3805=EDGE_CURVE('',#4818,#4819,#292,.T.);
#3806=EDGE_CURVE('',#4819,#4820,#1454,.F.);
#3807=EDGE_CURVE('',#4820,#4821,#293,.T.);
#3808=EDGE_CURVE('',#4821,#4822,#294,.T.);
#3809=EDGE_CURVE('',#4822,#4823,#295,.T.);
#3810=EDGE_CURVE('',#4823,#4824,#1455,.F.);
#3811=EDGE_CURVE('',#4824,#4825,#296,.T.);
#3812=EDGE_CURVE('',#4825,#4826,#297,.T.);
#3813=EDGE_CURVE('',#4826,#4827,#298,.T.);
#3814=EDGE_CURVE('',#4827,#4813,#299,.T.);
#3815=EDGE_CURVE('',#4828,#4829,#300,.T.);
#3816=EDGE_CURVE('',#4829,#4830,#301,.T.);
#3817=EDGE_CURVE('',#4830,#4831,#302,.T.);
#3818=EDGE_CURVE('',#4831,#4832,#5393,.T.);
#3819=EDGE_CURVE('',#4832,#4833,#303,.T.);
#3820=EDGE_CURVE('',#4833,#4834,#1456,.F.);
#3821=EDGE_CURVE('',#4834,#4835,#5394,.T.);
#3822=EDGE_CURVE('',#4835,#4836,#304,.T.);
#3823=EDGE_CURVE('',#4836,#4837,#305,.T.);
#3824=EDGE_CURVE('',#4837,#4838,#5395,.T.);
#3825=EDGE_CURVE('',#4838,#4839,#5396,.T.);
#3826=EDGE_CURVE('',#4839,#4840,#1457,.F.);
#3827=EDGE_CURVE('',#4840,#4841,#306,.T.);
#3828=EDGE_CURVE('',#4841,#4842,#1458,.T.);
#3829=EDGE_CURVE('',#4842,#4843,#5397,.T.);
#3830=EDGE_CURVE('',#4843,#4828,#307,.T.);
#3831=EDGE_CURVE('',#4844,#4844,#1459,.T.);
#3832=EDGE_CURVE('',#4845,#4846,#308,.T.);
#3833=EDGE_CURVE('',#4845,#4847,#1460,.F.);
#3834=EDGE_CURVE('',#4847,#4848,#1461,.T.);
#3835=EDGE_CURVE('',#4848,#4849,#1462,.F.);
#3836=EDGE_CURVE('',#4849,#4850,#309,.T.);
#3837=EDGE_CURVE('',#4850,#4846,#1463,.T.);
#3838=EDGE_CURVE('',#4851,#4851,#1464,.T.);
#3839=EDGE_CURVE('',#4852,#4853,#310,.T.);
#3840=EDGE_CURVE('',#4853,#4854,#1465,.F.);
#3841=EDGE_CURVE('',#4854,#4855,#1466,.T.);
#3842=EDGE_CURVE('',#4855,#4856,#1467,.F.);
#3843=EDGE_CURVE('',#4857,#4856,#311,.T.);
#3844=EDGE_CURVE('',#4857,#4852,#1468,.T.);
#3845=EDGE_CURVE('',#4858,#4859,#1469,.T.);
#3846=EDGE_CURVE('',#4858,#4860,#1470,.F.);
#3847=EDGE_CURVE('',#4860,#4861,#312,.T.);
#3848=EDGE_CURVE('',#4861,#4862,#1471,.T.);
#3849=EDGE_CURVE('',#4862,#4863,#313,.T.);
#3850=EDGE_CURVE('',#4863,#4859,#1472,.F.);
#3851=EDGE_CURVE('',#4864,#4864,#1473,.T.);
#3852=EDGE_CURVE('',#4865,#4866,#1474,.T.);
#3853=EDGE_CURVE('',#4865,#4867,#1475,.F.);
#3854=EDGE_CURVE('',#4868,#4867,#314,.T.);
#3855=EDGE_CURVE('',#4868,#4869,#1476,.T.);
#3856=EDGE_CURVE('',#4870,#4869,#315,.T.);
#3857=EDGE_CURVE('',#4870,#4866,#1477,.F.);
#3858=EDGE_CURVE('',#4871,#4871,#1478,.T.);
#3859=EDGE_CURVE('',#4872,#4873,#1479,.T.);
#3860=EDGE_CURVE('',#4874,#4873,#316,.T.);
#3861=EDGE_CURVE('',#4874,#4875,#1480,.T.);
#3862=EDGE_CURVE('',#4875,#4876,#317,.T.);
#3863=EDGE_CURVE('',#4877,#4876,#1481,.T.);
#3864=EDGE_CURVE('',#4878,#4877,#318,.T.);
#3865=EDGE_CURVE('',#4878,#4879,#1482,.T.);
#3866=EDGE_CURVE('',#4879,#4880,#319,.T.);
#3867=EDGE_CURVE('',#4880,#4881,#1483,.T.);
#3868=EDGE_CURVE('',#4881,#4882,#320,.T.);
#3869=EDGE_CURVE('',#4882,#4883,#1484,.T.);
#3870=EDGE_CURVE('',#4872,#4883,#321,.T.);
#3871=EDGE_CURVE('',#4884,#4885,#1485,.T.);
#3872=EDGE_CURVE('',#4884,#4886,#322,.T.);
#3873=EDGE_CURVE('',#4887,#4886,#1486,.T.);
#3874=EDGE_CURVE('',#4888,#4887,#323,.T.);
#3875=EDGE_CURVE('',#4889,#4888,#1487,.T.);
#3876=EDGE_CURVE('',#4890,#4889,#324,.T.);
#3877=EDGE_CURVE('',#4891,#4890,#1488,.T.);
#3878=EDGE_CURVE('',#4891,#4885,#325,.T.);
#3879=EDGE_CURVE('',#4892,#4893,#1489,.T.);
#3880=EDGE_CURVE('',#4892,#4894,#326,.T.);
#3881=EDGE_CURVE('',#4895,#4894,#1490,.T.);
#3882=EDGE_CURVE('',#4895,#4896,#327,.T.);
#3883=EDGE_CURVE('',#4897,#4896,#1491,.T.);
#3884=EDGE_CURVE('',#4898,#4897,#328,.T.);
#3885=EDGE_CURVE('',#4899,#4898,#1492,.T.);
#3886=EDGE_CURVE('',#4893,#4899,#329,.T.);
#3887=EDGE_CURVE('',#4900,#4901,#1493,.T.);
#3888=EDGE_CURVE('',#4900,#4902,#330,.T.);
#3889=EDGE_CURVE('',#4903,#4902,#1494,.T.);
#3890=EDGE_CURVE('',#4903,#4904,#331,.T.);
#3891=EDGE_CURVE('',#4905,#4904,#1495,.T.);
#3892=EDGE_CURVE('',#4906,#4905,#332,.T.);
#3893=EDGE_CURVE('',#4907,#4906,#1496,.T.);
#3894=EDGE_CURVE('',#4901,#4907,#333,.T.);
#3895=EDGE_CURVE('',#4908,#4909,#1497,.T.);
#3896=EDGE_CURVE('',#4908,#4910,#334,.T.);
#3897=EDGE_CURVE('',#4911,#4910,#1498,.T.);
#3898=EDGE_CURVE('',#4911,#4912,#335,.T.);
#3899=EDGE_CURVE('',#4913,#4912,#1499,.T.);
#3900=EDGE_CURVE('',#4914,#4913,#336,.T.);
#3901=EDGE_CURVE('',#4915,#4914,#1500,.T.);
#3902=EDGE_CURVE('',#4909,#4915,#337,.T.);
#3903=EDGE_CURVE('',#4916,#4917,#1501,.T.);
#3904=EDGE_CURVE('',#4916,#4918,#338,.T.);
#3905=EDGE_CURVE('',#4919,#4918,#1502,.T.);
#3906=EDGE_CURVE('',#4919,#4920,#339,.T.);
#3907=EDGE_CURVE('',#4921,#4920,#1503,.T.);
#3908=EDGE_CURVE('',#4922,#4921,#340,.T.);
#3909=EDGE_CURVE('',#4923,#4922,#1504,.T.);
#3910=EDGE_CURVE('',#4917,#4923,#341,.T.);
#3911=EDGE_CURVE('',#4924,#4925,#1505,.T.);
#3912=EDGE_CURVE('',#4924,#4926,#342,.T.);
#3913=EDGE_CURVE('',#4927,#4926,#1506,.T.);
#3914=EDGE_CURVE('',#4927,#4928,#343,.T.);
#3915=EDGE_CURVE('',#4929,#4928,#1507,.T.);
#3916=EDGE_CURVE('',#4930,#4929,#344,.T.);
#3917=EDGE_CURVE('',#4931,#4930,#1508,.T.);
#3918=EDGE_CURVE('',#4925,#4931,#345,.T.);
#3919=EDGE_CURVE('',#4932,#4933,#1509,.T.);
#3920=EDGE_CURVE('',#4932,#4934,#346,.T.);
#3921=EDGE_CURVE('',#4935,#4934,#1510,.T.);
#3922=EDGE_CURVE('',#4935,#4936,#347,.T.);
#3923=EDGE_CURVE('',#4937,#4936,#1511,.T.);
#3924=EDGE_CURVE('',#4938,#4937,#348,.T.);
#3925=EDGE_CURVE('',#4939,#4938,#1512,.T.);
#3926=EDGE_CURVE('',#4933,#4939,#349,.T.);
#3927=EDGE_CURVE('',#4940,#4940,#1513,.T.);
#3928=EDGE_CURVE('',#4941,#4941,#1514,.T.);
#3929=EDGE_CURVE('',#4942,#4943,#350,.T.);
#3930=EDGE_CURVE('',#4943,#4944,#1515,.F.);
#3931=EDGE_CURVE('',#4945,#4944,#351,.T.);
#3932=EDGE_CURVE('',#4945,#4946,#1516,.F.);
#3933=EDGE_CURVE('',#4947,#4946,#352,.T.);
#3934=EDGE_CURVE('',#4947,#4948,#1517,.F.);
#3935=EDGE_CURVE('',#4948,#4949,#353,.T.);
#3936=EDGE_CURVE('',#4949,#4942,#1518,.F.);
#3937=EDGE_CURVE('',#4950,#4951,#1519,.T.);
#3938=EDGE_CURVE('',#4952,#4951,#354,.T.);
#3939=EDGE_CURVE('',#4952,#4953,#1520,.T.);
#3940=EDGE_CURVE('',#4953,#4954,#355,.T.);
#3941=EDGE_CURVE('',#4954,#4955,#1521,.T.);
#3942=EDGE_CURVE('',#4955,#4956,#356,.T.);
#3943=EDGE_CURVE('',#4956,#4957,#1522,.T.);
#3944=EDGE_CURVE('',#4950,#4957,#357,.T.);
#3945=EDGE_CURVE('',#4958,#4959,#1523,.T.);
#3946=EDGE_CURVE('',#4959,#4960,#358,.T.);
#3947=EDGE_CURVE('',#4960,#4961,#1524,.T.);
#3948=EDGE_CURVE('',#4961,#4962,#359,.T.);
#3949=EDGE_CURVE('',#4962,#4963,#1525,.T.);
#3950=EDGE_CURVE('',#4964,#4963,#360,.T.);
#3951=EDGE_CURVE('',#4964,#4965,#1526,.T.);
#3952=EDGE_CURVE('',#4958,#4965,#361,.T.);
#3953=EDGE_CURVE('',#4966,#4967,#1527,.T.);
#3954=EDGE_CURVE('',#4967,#4968,#362,.T.);
#3955=EDGE_CURVE('',#4968,#4969,#1528,.T.);
#3956=EDGE_CURVE('',#4969,#4970,#363,.T.);
#3957=EDGE_CURVE('',#4970,#4971,#1529,.T.);
#3958=EDGE_CURVE('',#4972,#4971,#364,.T.);
#3959=EDGE_CURVE('',#4972,#4973,#1530,.T.);
#3960=EDGE_CURVE('',#4966,#4973,#365,.T.);
#3961=EDGE_CURVE('',#4974,#4975,#1531,.T.);
#3962=EDGE_CURVE('',#4975,#4976,#366,.T.);
#3963=EDGE_CURVE('',#4976,#4977,#1532,.T.);
#3964=EDGE_CURVE('',#4977,#4978,#367,.T.);
#3965=EDGE_CURVE('',#4978,#4979,#1533,.T.);
#3966=EDGE_CURVE('',#4980,#4979,#368,.T.);
#3967=EDGE_CURVE('',#4980,#4981,#1534,.T.);
#3968=EDGE_CURVE('',#4974,#4981,#369,.T.);
#3969=EDGE_CURVE('',#4982,#4983,#1535,.T.);
#3970=EDGE_CURVE('',#4983,#4984,#370,.T.);
#3971=EDGE_CURVE('',#4984,#4985,#1536,.T.);
#3972=EDGE_CURVE('',#4985,#4986,#371,.T.);
#3973=EDGE_CURVE('',#4986,#4987,#1537,.T.);
#3974=EDGE_CURVE('',#4988,#4987,#372,.T.);
#3975=EDGE_CURVE('',#4988,#4989,#1538,.T.);
#3976=EDGE_CURVE('',#4982,#4989,#373,.T.);
#3977=EDGE_CURVE('',#4990,#4991,#1539,.T.);
#3978=EDGE_CURVE('',#4991,#4992,#374,.T.);
#3979=EDGE_CURVE('',#4992,#4993,#1540,.T.);
#3980=EDGE_CURVE('',#4993,#4994,#375,.T.);
#3981=EDGE_CURVE('',#4994,#4995,#1541,.T.);
#3982=EDGE_CURVE('',#4996,#4995,#376,.T.);
#3983=EDGE_CURVE('',#4996,#4997,#1542,.T.);
#3984=EDGE_CURVE('',#4990,#4997,#377,.T.);
#3985=EDGE_CURVE('',#4998,#4999,#1543,.T.);
#3986=EDGE_CURVE('',#4999,#5000,#378,.T.);
#3987=EDGE_CURVE('',#5000,#5001,#1544,.T.);
#3988=EDGE_CURVE('',#5001,#5002,#379,.T.);
#3989=EDGE_CURVE('',#5002,#5003,#1545,.T.);
#3990=EDGE_CURVE('',#5004,#5003,#380,.T.);
#3991=EDGE_CURVE('',#5004,#5005,#1546,.T.);
#3992=EDGE_CURVE('',#4998,#5005,#381,.T.);
#3993=EDGE_CURVE('',#5006,#5006,#1547,.F.);
#3994=EDGE_CURVE('',#5007,#5007,#1548,.F.);
#3995=EDGE_CURVE('',#4932,#4998,#382,.T.);
#3996=EDGE_CURVE('',#4933,#4999,#383,.T.);
#3997=EDGE_CURVE('',#4934,#5005,#384,.T.);
#3998=EDGE_CURVE('',#4935,#5004,#385,.T.);
#3999=EDGE_CURVE('',#4936,#5003,#386,.T.);
#4000=EDGE_CURVE('',#4937,#5002,#387,.T.);
#4001=EDGE_CURVE('',#4938,#5001,#388,.T.);
#4002=EDGE_CURVE('',#4939,#5000,#389,.T.);
#4003=EDGE_CURVE('',#4924,#4990,#390,.T.);
#4004=EDGE_CURVE('',#4925,#4991,#391,.T.);
#4005=EDGE_CURVE('',#4926,#4997,#392,.T.);
#4006=EDGE_CURVE('',#4927,#4996,#393,.T.);
#4007=EDGE_CURVE('',#4928,#4995,#394,.T.);
#4008=EDGE_CURVE('',#4929,#4994,#395,.T.);
#4009=EDGE_CURVE('',#4930,#4993,#396,.T.);
#4010=EDGE_CURVE('',#4931,#4992,#397,.T.);
#4011=EDGE_CURVE('',#4916,#4982,#398,.T.);
#4012=EDGE_CURVE('',#4917,#4983,#399,.T.);
#4013=EDGE_CURVE('',#4918,#4989,#400,.T.);
#4014=EDGE_CURVE('',#4919,#4988,#401,.T.);
#4015=EDGE_CURVE('',#4920,#4987,#402,.T.);
#4016=EDGE_CURVE('',#4921,#4986,#403,.T.);
#4017=EDGE_CURVE('',#4922,#4985,#404,.T.);
#4018=EDGE_CURVE('',#4923,#4984,#405,.T.);
#4019=EDGE_CURVE('',#4908,#4974,#406,.T.);
#4020=EDGE_CURVE('',#4909,#4975,#407,.T.);
#4021=EDGE_CURVE('',#4910,#4981,#408,.T.);
#4022=EDGE_CURVE('',#4911,#4980,#409,.T.);
#4023=EDGE_CURVE('',#4912,#4979,#410,.T.);
#4024=EDGE_CURVE('',#4913,#4978,#411,.T.);
#4025=EDGE_CURVE('',#4914,#4977,#412,.T.);
#4026=EDGE_CURVE('',#4915,#4976,#413,.T.);
#4027=EDGE_CURVE('',#4900,#4966,#414,.T.);
#4028=EDGE_CURVE('',#4901,#4967,#415,.T.);
#4029=EDGE_CURVE('',#4902,#4973,#416,.T.);
#4030=EDGE_CURVE('',#4903,#4972,#417,.T.);
#4031=EDGE_CURVE('',#4904,#4971,#418,.T.);
#4032=EDGE_CURVE('',#4905,#4970,#419,.T.);
#4033=EDGE_CURVE('',#4906,#4969,#420,.T.);
#4034=EDGE_CURVE('',#4907,#4968,#421,.T.);
#4035=EDGE_CURVE('',#4892,#4958,#422,.T.);
#4036=EDGE_CURVE('',#4893,#4959,#423,.T.);
#4037=EDGE_CURVE('',#4894,#4965,#424,.T.);
#4038=EDGE_CURVE('',#4895,#4964,#425,.T.);
#4039=EDGE_CURVE('',#4896,#4963,#426,.T.);
#4040=EDGE_CURVE('',#4897,#4962,#427,.T.);
#4041=EDGE_CURVE('',#4898,#4961,#428,.T.);
#4042=EDGE_CURVE('',#4899,#4960,#429,.T.);
#4043=EDGE_CURVE('',#4884,#4950,#430,.T.);
#4044=EDGE_CURVE('',#4885,#4951,#431,.T.);
#4045=EDGE_CURVE('',#4886,#4957,#432,.T.);
#4046=EDGE_CURVE('',#4887,#4956,#433,.T.);
#4047=EDGE_CURVE('',#4888,#4955,#434,.T.);
#4048=EDGE_CURVE('',#4889,#4954,#435,.T.);
#4049=EDGE_CURVE('',#4890,#4953,#436,.T.);
#4050=EDGE_CURVE('',#4891,#4952,#437,.T.);
#4051=EDGE_CURVE('',#4694,#5008,#1549,.T.);
#4052=EDGE_CURVE('',#5008,#5009,#438,.T.);
#4053=EDGE_CURVE('',#5010,#5009,#439,.T.);
#4054=EDGE_CURVE('',#5010,#4870,#440,.F.);
#4055=EDGE_CURVE('',#4869,#4949,#441,.T.);
#4056=EDGE_CURVE('',#4948,#4857,#442,.F.);
#4057=EDGE_CURVE('',#4856,#4695,#443,.F.);
#4058=EDGE_CURVE('',#5011,#5012,#444,.T.);
#4059=EDGE_CURVE('',#5011,#4692,#1550,.F.);
#4060=EDGE_CURVE('',#4698,#4853,#445,.F.);
#4061=EDGE_CURVE('',#4852,#4947,#446,.T.);
#4062=EDGE_CURVE('',#4946,#4861,#447,.F.);
#4063=EDGE_CURVE('',#4860,#5013,#448,.F.);
#4064=EDGE_CURVE('',#5012,#5013,#449,.T.);
#4065=EDGE_CURVE('',#4849,#5014,#450,.T.);
#4066=EDGE_CURVE('',#5015,#5014,#451,.T.);
#4067=EDGE_CURVE('',#5015,#4863,#452,.T.);
#4068=EDGE_CURVE('',#4862,#4945,#453,.T.);
#4069=EDGE_CURVE('',#4944,#4850,#454,.F.);
#4070=EDGE_CURVE('',#4867,#5016,#455,.T.);
#4071=EDGE_CURVE('',#5017,#5016,#456,.T.);
#4072=EDGE_CURVE('',#5017,#4845,#457,.T.);
#4073=EDGE_CURVE('',#4846,#4943,#458,.T.);
#4074=EDGE_CURVE('',#4942,#4868,#459,.F.);
#4075=EDGE_CURVE('',#5018,#5019,#1551,.T.);
#4076=EDGE_CURVE('',#5019,#4848,#460,.T.);
#4077=EDGE_CURVE('',#4847,#5018,#461,.F.);
#4078=EDGE_CURVE('',#4866,#5020,#462,.F.);
#4079=EDGE_CURVE('',#5021,#5020,#1552,.T.);
#4080=EDGE_CURVE('',#5021,#4865,#463,.T.);
#4081=EDGE_CURVE('',#4854,#4697,#464,.F.);
#4082=EDGE_CURVE('',#4696,#4855,#465,.T.);
#4083=EDGE_CURVE('',#4859,#5022,#466,.F.);
#4084=EDGE_CURVE('',#5023,#5022,#1553,.T.);
#4085=EDGE_CURVE('',#5023,#4858,#467,.T.);
#4086=EDGE_CURVE('',#5024,#4872,#468,.T.);
#4087=EDGE_CURVE('',#5024,#5025,#1554,.T.);
#4088=EDGE_CURVE('',#5025,#4873,#469,.T.);
#4089=EDGE_CURVE('',#5026,#4883,#470,.T.);
#4090=EDGE_CURVE('',#5024,#5026,#471,.T.);
#4091=EDGE_CURVE('',#5027,#4882,#472,.T.);
#4092=EDGE_CURVE('',#5027,#5026,#1555,.T.);
#4093=EDGE_CURVE('',#5028,#4881,#473,.T.);
#4094=EDGE_CURVE('',#5028,#5027,#474,.T.);
#4095=EDGE_CURVE('',#5029,#4880,#475,.T.);
#4096=EDGE_CURVE('',#5029,#5028,#1556,.T.);
#4097=EDGE_CURVE('',#5030,#4879,#476,.T.);
#4098=EDGE_CURVE('',#5030,#5029,#477,.T.);
#4099=EDGE_CURVE('',#5031,#4878,#478,.T.);
#4100=EDGE_CURVE('',#5031,#5030,#1557,.T.);
#4101=EDGE_CURVE('',#5032,#4877,#479,.T.);
#4102=EDGE_CURVE('',#5032,#5011,#480,.T.);
#4103=EDGE_CURVE('',#5031,#5012,#481,.T.);
#4104=EDGE_CURVE('',#5033,#4876,#482,.T.);
#4105=EDGE_CURVE('',#5033,#5032,#1558,.T.);
#4106=EDGE_CURVE('',#5008,#5033,#483,.F.);
#4107=EDGE_CURVE('',#5034,#4875,#484,.T.);
#4108=EDGE_CURVE('',#5034,#5009,#485,.T.);
#4109=EDGE_CURVE('',#5035,#4874,#486,.T.);
#4110=EDGE_CURVE('',#5035,#5034,#1559,.T.);
#4111=EDGE_CURVE('',#5035,#5025,#487,.T.);
#4112=EDGE_CURVE('',#5020,#5010,#1560,.T.);
#4113=EDGE_CURVE('',#5013,#5023,#1561,.T.);
#4114=EDGE_CURVE('',#5022,#5015,#1562,.T.);
#4115=EDGE_CURVE('',#5014,#5019,#1563,.T.);
#4116=EDGE_CURVE('',#5018,#5017,#1564,.T.);
#4117=EDGE_CURVE('',#5016,#5021,#1565,.T.);
#4118=EDGE_CURVE('',#4693,#5032,#129,.F.);
#4119=EDGE_CURVE('',#4693,#5033,#130,.F.);
#4120=EDGE_CURVE('',#5036,#4668,#488,.T.);
#4121=EDGE_CURVE('',#5036,#5037,#5398,.T.);
#4122=EDGE_CURVE('',#5037,#4669,#489,.T.);
#4123=EDGE_CURVE('',#5038,#4667,#490,.T.);
#4124=EDGE_CURVE('',#5038,#5036,#5399,.T.);
#4125=EDGE_CURVE('',#5039,#4691,#491,.T.);
#4126=EDGE_CURVE('',#5039,#5038,#5400,.T.);
#4127=EDGE_CURVE('',#5040,#4690,#492,.T.);
#4128=EDGE_CURVE('',#5040,#5039,#5401,.T.);
#4129=EDGE_CURVE('',#5041,#4689,#493,.T.);
#4130=EDGE_CURVE('',#5041,#5040,#5402,.T.);
#4131=EDGE_CURVE('',#5042,#4688,#494,.T.);
#4132=EDGE_CURVE('',#5042,#5041,#5403,.T.);
#4133=EDGE_CURVE('',#5043,#4687,#495,.T.);
#4134=EDGE_CURVE('',#5043,#5042,#5404,.T.);
#4135=EDGE_CURVE('',#5044,#4686,#496,.T.);
#4136=EDGE_CURVE('',#5044,#5043,#5405,.T.);
#4137=EDGE_CURVE('',#5045,#4685,#497,.T.);
#4138=EDGE_CURVE('',#5045,#5044,#5406,.T.);
#4139=EDGE_CURVE('',#5046,#4684,#498,.T.);
#4140=EDGE_CURVE('',#5046,#5045,#499,.T.);
#4141=EDGE_CURVE('',#5047,#4683,#500,.T.);
#4142=EDGE_CURVE('',#5047,#5046,#5407,.T.);
#4143=EDGE_CURVE('',#5048,#4682,#501,.T.);
#4144=EDGE_CURVE('',#5048,#5047,#5408,.T.);
#4145=EDGE_CURVE('',#5049,#4681,#502,.T.);
#4146=EDGE_CURVE('',#5049,#5048,#5409,.T.);
#4147=EDGE_CURVE('',#5050,#4680,#503,.T.);
#4148=EDGE_CURVE('',#5050,#5049,#5410,.T.);
#4149=EDGE_CURVE('',#5051,#4679,#504,.T.);
#4150=EDGE_CURVE('',#5051,#5050,#5411,.T.);
#4151=EDGE_CURVE('',#5052,#4678,#505,.T.);
#4152=EDGE_CURVE('',#5052,#5051,#5412,.T.);
#4153=EDGE_CURVE('',#5053,#4677,#506,.T.);
#4154=EDGE_CURVE('',#5053,#5052,#5413,.T.);
#4155=EDGE_CURVE('',#5054,#4676,#507,.T.);
#4156=EDGE_CURVE('',#5054,#5053,#5414,.T.);
#4157=EDGE_CURVE('',#5055,#4675,#508,.T.);
#4158=EDGE_CURVE('',#5055,#5054,#5415,.T.);
#4159=EDGE_CURVE('',#5056,#4674,#509,.T.);
#4160=EDGE_CURVE('',#5056,#5055,#5416,.T.);
#4161=EDGE_CURVE('',#5057,#4673,#510,.T.);
#4162=EDGE_CURVE('',#5057,#5056,#1566,.T.);
#4163=EDGE_CURVE('',#5058,#4672,#511,.T.);
#4164=EDGE_CURVE('',#5058,#5057,#1567,.T.);
#4165=EDGE_CURVE('',#5059,#4671,#512,.T.);
#4166=EDGE_CURVE('',#5059,#5058,#513,.T.);
#4167=EDGE_CURVE('',#5060,#4670,#514,.T.);
#4168=EDGE_CURVE('',#5060,#5059,#5417,.T.);
#4169=EDGE_CURVE('',#5037,#5060,#5418,.T.);
#4170=EDGE_CURVE('',#5061,#5062,#5419,.T.);
#4171=EDGE_CURVE('',#5063,#5061,#515,.T.);
#4172=EDGE_CURVE('',#5063,#5064,#5420,.T.);
#4173=EDGE_CURVE('',#5064,#5062,#516,.T.);
#4174=EDGE_CURVE('',#5065,#5061,#5421,.T.);
#4175=EDGE_CURVE('',#5066,#5065,#517,.T.);
#4176=EDGE_CURVE('',#5066,#5063,#5422,.T.);
#4177=EDGE_CURVE('',#5067,#5065,#5423,.T.);
#4178=EDGE_CURVE('',#5068,#5067,#518,.T.);
#4179=EDGE_CURVE('',#5068,#5066,#5424,.T.);
#4180=EDGE_CURVE('',#5069,#5067,#5425,.T.);
#4181=EDGE_CURVE('',#5070,#5069,#519,.T.);
#4182=EDGE_CURVE('',#5070,#5068,#5426,.T.);
#4183=EDGE_CURVE('',#5071,#5069,#5427,.T.);
#4184=EDGE_CURVE('',#5072,#5071,#520,.T.);
#4185=EDGE_CURVE('',#5072,#5070,#5428,.T.);
#4186=EDGE_CURVE('',#5073,#5071,#5429,.T.);
#4187=EDGE_CURVE('',#5074,#5073,#521,.T.);
#4188=EDGE_CURVE('',#5074,#5072,#5430,.T.);
#4189=EDGE_CURVE('',#5075,#5073,#5431,.T.);
#4190=EDGE_CURVE('',#5076,#5075,#522,.T.);
#4191=EDGE_CURVE('',#5076,#5074,#5432,.T.);
#4192=EDGE_CURVE('',#5077,#5075,#523,.T.);
#4193=EDGE_CURVE('',#5078,#5077,#524,.T.);
#4194=EDGE_CURVE('',#5078,#5076,#525,.T.);
#4195=EDGE_CURVE('',#5079,#4700,#526,.T.);
#4196=EDGE_CURVE('',#5079,#5080,#527,.T.);
#4197=EDGE_CURVE('',#5080,#4701,#528,.T.);
#4198=EDGE_CURVE('',#5081,#4699,#529,.T.);
#4199=EDGE_CURVE('',#5081,#5079,#530,.T.);
#4200=EDGE_CURVE('',#5082,#4713,#531,.T.);
#4201=EDGE_CURVE('',#5082,#5081,#532,.T.);
#4202=EDGE_CURVE('',#5083,#4712,#533,.T.);
#4203=EDGE_CURVE('',#5083,#5082,#534,.T.);
#4204=EDGE_CURVE('',#5084,#4711,#535,.T.);
#4205=EDGE_CURVE('',#5084,#5083,#536,.T.);
#4206=EDGE_CURVE('',#5085,#4710,#537,.T.);
#4207=EDGE_CURVE('',#5085,#5084,#538,.T.);
#4208=EDGE_CURVE('',#5086,#4709,#539,.T.);
#4209=EDGE_CURVE('',#5086,#5085,#540,.T.);
#4210=EDGE_CURVE('',#5087,#4708,#541,.T.);
#4211=EDGE_CURVE('',#5087,#5086,#542,.T.);
#4212=EDGE_CURVE('',#5088,#4707,#543,.T.);
#4213=EDGE_CURVE('',#5088,#5087,#544,.T.);
#4214=EDGE_CURVE('',#5089,#4706,#545,.T.);
#4215=EDGE_CURVE('',#5089,#5088,#5433,.T.);
#4216=EDGE_CURVE('',#5090,#4705,#546,.T.);
#4217=EDGE_CURVE('',#5090,#5089,#5434,.T.);
#4218=EDGE_CURVE('',#5091,#4704,#547,.T.);
#4219=EDGE_CURVE('',#5091,#5090,#5435,.T.);
#4220=EDGE_CURVE('',#5092,#4703,#548,.T.);
#4221=EDGE_CURVE('',#5092,#5091,#5436,.T.);
#4222=EDGE_CURVE('',#5093,#4702,#549,.T.);
#4223=EDGE_CURVE('',#5093,#5092,#5437,.T.);
#4224=EDGE_CURVE('',#5080,#5093,#5438,.T.);
#4225=EDGE_CURVE('',#5062,#5077,#5439,.T.);
#4226=EDGE_CURVE('',#5064,#5078,#5440,.T.);
#4227=EDGE_CURVE('',#5094,#5095,#5441,.T.);
#4228=EDGE_CURVE('',#5096,#5094,#550,.T.);
#4229=EDGE_CURVE('',#5096,#5097,#5442,.T.);
#4230=EDGE_CURVE('',#5097,#5095,#551,.T.);
#4231=EDGE_CURVE('',#5098,#5094,#5443,.T.);
#4232=EDGE_CURVE('',#5099,#5098,#552,.T.);
#4233=EDGE_CURVE('',#5099,#5096,#5444,.T.);
#4234=EDGE_CURVE('',#5100,#5098,#5445,.T.);
#4235=EDGE_CURVE('',#5101,#5100,#553,.T.);
#4236=EDGE_CURVE('',#5101,#5099,#5446,.T.);
#4237=EDGE_CURVE('',#5102,#5100,#5447,.T.);
#4238=EDGE_CURVE('',#5103,#5102,#554,.T.);
#4239=EDGE_CURVE('',#5103,#5101,#5448,.T.);
#4240=EDGE_CURVE('',#5104,#5102,#5449,.T.);
#4241=EDGE_CURVE('',#5105,#5104,#555,.T.);
#4242=EDGE_CURVE('',#5105,#5103,#5450,.T.);
#4243=EDGE_CURVE('',#5106,#5104,#556,.T.);
#4244=EDGE_CURVE('',#5107,#5106,#557,.T.);
#4245=EDGE_CURVE('',#5107,#5105,#558,.T.);
#4246=EDGE_CURVE('',#5108,#5106,#559,.T.);
#4247=EDGE_CURVE('',#5109,#5108,#560,.T.);
#4248=EDGE_CURVE('',#5109,#5107,#561,.T.);
#4249=EDGE_CURVE('',#5110,#4650,#562,.T.);
#4250=EDGE_CURVE('',#5110,#5111,#563,.T.);
#4251=EDGE_CURVE('',#5111,#4651,#564,.T.);
#4252=EDGE_CURVE('',#5112,#4649,#565,.T.);
#4253=EDGE_CURVE('',#5112,#5110,#566,.T.);
#4254=EDGE_CURVE('',#5113,#4666,#567,.T.);
#4255=EDGE_CURVE('',#5113,#5112,#568,.T.);
#4256=EDGE_CURVE('',#5114,#4665,#569,.T.);
#4257=EDGE_CURVE('',#5114,#5113,#5451,.T.);
#4258=EDGE_CURVE('',#5115,#4664,#570,.T.);
#4259=EDGE_CURVE('',#5115,#5114,#5452,.T.);
#4260=EDGE_CURVE('',#5116,#4663,#571,.T.);
#4261=EDGE_CURVE('',#5116,#5115,#1568,.F.);
#4262=EDGE_CURVE('',#5117,#4662,#572,.T.);
#4263=EDGE_CURVE('',#5117,#5116,#1569,.F.);
#4264=EDGE_CURVE('',#5118,#4661,#573,.T.);
#4265=EDGE_CURVE('',#5118,#5117,#574,.T.);
#4266=EDGE_CURVE('',#5119,#4660,#575,.T.);
#4267=EDGE_CURVE('',#5119,#5118,#5453,.T.);
#4268=EDGE_CURVE('',#5120,#4659,#576,.T.);
#4269=EDGE_CURVE('',#5120,#5119,#5454,.T.);
#4270=EDGE_CURVE('',#5121,#4658,#577,.T.);
#4271=EDGE_CURVE('',#5121,#5120,#5455,.T.);
#4272=EDGE_CURVE('',#5122,#4657,#578,.T.);
#4273=EDGE_CURVE('',#5122,#5121,#579,.T.);
#4274=EDGE_CURVE('',#5123,#4656,#580,.T.);
#4275=EDGE_CURVE('',#5123,#5122,#581,.T.);
#4276=EDGE_CURVE('',#5124,#4655,#582,.T.);
#4277=EDGE_CURVE('',#5124,#5123,#5456,.T.);
#4278=EDGE_CURVE('',#5125,#4654,#583,.T.);
#4279=EDGE_CURVE('',#5125,#5124,#5457,.T.);
#4280=EDGE_CURVE('',#5126,#4653,#584,.T.);
#4281=EDGE_CURVE('',#5126,#5125,#5458,.T.);
#4282=EDGE_CURVE('',#5127,#4652,#585,.T.);
#4283=EDGE_CURVE('',#5127,#5126,#5459,.T.);
#4284=EDGE_CURVE('',#5111,#5127,#5460,.T.);
#4285=EDGE_CURVE('',#5095,#5108,#5461,.T.);
#4286=EDGE_CURVE('',#5097,#5109,#5462,.T.);
#4287=EDGE_CURVE('',#5128,#5129,#5463,.T.);
#4288=EDGE_CURVE('',#5130,#5128,#586,.T.);
#4289=EDGE_CURVE('',#5130,#5131,#5464,.T.);
#4290=EDGE_CURVE('',#5131,#5129,#587,.T.);
#4291=EDGE_CURVE('',#5132,#5128,#5465,.T.);
#4292=EDGE_CURVE('',#5133,#5132,#588,.T.);
#4293=EDGE_CURVE('',#5133,#5130,#5466,.T.);
#4294=EDGE_CURVE('',#5134,#5132,#5467,.T.);
#4295=EDGE_CURVE('',#5135,#5134,#589,.T.);
#4296=EDGE_CURVE('',#5135,#5133,#5468,.T.);
#4297=EDGE_CURVE('',#5136,#5134,#5469,.T.);
#4298=EDGE_CURVE('',#5137,#5136,#590,.T.);
#4299=EDGE_CURVE('',#5137,#5135,#5470,.T.);
#4300=EDGE_CURVE('',#5138,#5136,#1570,.T.);
#4301=EDGE_CURVE('',#5139,#5138,#591,.T.);
#4302=EDGE_CURVE('',#5139,#5137,#1571,.T.);
#4303=EDGE_CURVE('',#5140,#5138,#5471,.T.);
#4304=EDGE_CURVE('',#5141,#5140,#592,.T.);
#4305=EDGE_CURVE('',#5141,#5139,#5472,.T.);
#4306=EDGE_CURVE('',#5142,#5140,#5473,.T.);
#4307=EDGE_CURVE('',#5143,#5142,#593,.T.);
#4308=EDGE_CURVE('',#5143,#5141,#5474,.T.);
#4309=EDGE_CURVE('',#5144,#5142,#594,.T.);
#4310=EDGE_CURVE('',#5145,#5144,#595,.T.);
#4311=EDGE_CURVE('',#5145,#5143,#596,.T.);
#4312=EDGE_CURVE('',#5146,#4721,#597,.T.);
#4313=EDGE_CURVE('',#5146,#5147,#1572,.F.);
#4314=EDGE_CURVE('',#5147,#4722,#598,.T.);
#4315=EDGE_CURVE('',#5148,#4720,#599,.T.);
#4316=EDGE_CURVE('',#5148,#5146,#5475,.T.);
#4317=EDGE_CURVE('',#5149,#4719,#600,.T.);
#4318=EDGE_CURVE('',#5149,#5148,#5476,.T.);
#4319=EDGE_CURVE('',#5150,#4718,#601,.T.);
#4320=EDGE_CURVE('',#5150,#5149,#5477,.T.);
#4321=EDGE_CURVE('',#5151,#4717,#602,.T.);
#4322=EDGE_CURVE('',#5151,#5150,#5478,.T.);
#4323=EDGE_CURVE('',#5152,#4716,#603,.T.);
#4324=EDGE_CURVE('',#5152,#5151,#1573,.F.);
#4325=EDGE_CURVE('',#5153,#4715,#604,.T.);
#4326=EDGE_CURVE('',#5153,#5152,#5479,.T.);
#4327=EDGE_CURVE('',#5154,#4714,#605,.T.);
#4328=EDGE_CURVE('',#5154,#5153,#606,.T.);
#4329=EDGE_CURVE('',#5155,#4728,#607,.T.);
#4330=EDGE_CURVE('',#5155,#5154,#608,.T.);
#4331=EDGE_CURVE('',#5156,#4727,#609,.T.);
#4332=EDGE_CURVE('',#5156,#5155,#610,.T.);
#4333=EDGE_CURVE('',#5157,#4726,#611,.T.);
#4334=EDGE_CURVE('',#5157,#5156,#612,.T.);
#4335=EDGE_CURVE('',#5158,#4725,#613,.T.);
#4336=EDGE_CURVE('',#5158,#5157,#614,.T.);
#4337=EDGE_CURVE('',#5159,#4724,#615,.T.);
#4338=EDGE_CURVE('',#5159,#5158,#1574,.F.);
#4339=EDGE_CURVE('',#5160,#4723,#616,.T.);
#4340=EDGE_CURVE('',#5160,#5159,#617,.T.);
#4341=EDGE_CURVE('',#5147,#5160,#1575,.F.);
#4342=EDGE_CURVE('',#5129,#5144,#5480,.T.);
#4343=EDGE_CURVE('',#5131,#5145,#5481,.T.);
#4344=EDGE_CURVE('',#5161,#5162,#5482,.T.);
#4345=EDGE_CURVE('',#5163,#5161,#618,.T.);
#4346=EDGE_CURVE('',#5163,#5164,#5483,.T.);
#4347=EDGE_CURVE('',#5164,#5162,#619,.T.);
#4348=EDGE_CURVE('',#5165,#5161,#5484,.T.);
#4349=EDGE_CURVE('',#5166,#5165,#620,.T.);
#4350=EDGE_CURVE('',#5166,#5163,#5485,.T.);
#4351=EDGE_CURVE('',#5167,#5165,#5486,.T.);
#4352=EDGE_CURVE('',#5168,#5167,#621,.T.);
#4353=EDGE_CURVE('',#5168,#5166,#5487,.T.);
#4354=EDGE_CURVE('',#5169,#5167,#5488,.T.);
#4355=EDGE_CURVE('',#5170,#5169,#622,.T.);
#4356=EDGE_CURVE('',#5170,#5168,#5489,.T.);
#4357=EDGE_CURVE('',#5171,#5169,#5490,.T.);
#4358=EDGE_CURVE('',#5172,#5171,#623,.T.);
#4359=EDGE_CURVE('',#5172,#5170,#5491,.T.);
#4360=EDGE_CURVE('',#5173,#5171,#5492,.T.);
#4361=EDGE_CURVE('',#5174,#5173,#624,.T.);
#4362=EDGE_CURVE('',#5174,#5172,#5493,.T.);
#4363=EDGE_CURVE('',#5175,#5173,#5494,.T.);
#4364=EDGE_CURVE('',#5176,#5175,#625,.T.);
#4365=EDGE_CURVE('',#5176,#5174,#5495,.T.);
#4366=EDGE_CURVE('',#5177,#4641,#626,.T.);
#4367=EDGE_CURVE('',#5177,#5178,#5496,.T.);
#4368=EDGE_CURVE('',#5178,#4642,#627,.T.);
#4369=EDGE_CURVE('',#5179,#4640,#628,.T.);
#4370=EDGE_CURVE('',#5179,#5177,#5497,.T.);
#4371=EDGE_CURVE('',#5180,#4648,#629,.T.);
#4372=EDGE_CURVE('',#5180,#5179,#5498,.T.);
#4373=EDGE_CURVE('',#5181,#4647,#630,.T.);
#4374=EDGE_CURVE('',#5181,#5180,#5499,.T.);
#4375=EDGE_CURVE('',#5182,#4646,#631,.T.);
#4376=EDGE_CURVE('',#5182,#5181,#5500,.T.);
#4377=EDGE_CURVE('',#5183,#4645,#632,.T.);
#4378=EDGE_CURVE('',#5183,#5182,#5501,.T.);
#4379=EDGE_CURVE('',#5184,#4644,#633,.T.);
#4380=EDGE_CURVE('',#5184,#5183,#1576,.F.);
#4381=EDGE_CURVE('',#5185,#4643,#634,.T.);
#4382=EDGE_CURVE('',#5185,#5184,#1577,.F.);
#4383=EDGE_CURVE('',#5178,#5185,#5502,.T.);
#4384=EDGE_CURVE('',#5162,#5175,#5503,.T.);
#4385=EDGE_CURVE('',#5164,#5176,#5504,.T.);
#4386=EDGE_CURVE('',#5186,#5187,#5505,.T.);
#4387=EDGE_CURVE('',#5188,#5186,#635,.T.);
#4388=EDGE_CURVE('',#5188,#5189,#5506,.T.);
#4389=EDGE_CURVE('',#5189,#5187,#636,.T.);
#4390=EDGE_CURVE('',#5190,#5186,#5507,.T.);
#4391=EDGE_CURVE('',#5191,#5190,#637,.T.);
#4392=EDGE_CURVE('',#5191,#5188,#5508,.T.);
#4393=EDGE_CURVE('',#5192,#5190,#5509,.T.);
#4394=EDGE_CURVE('',#5193,#5192,#638,.T.);
#4395=EDGE_CURVE('',#5193,#5191,#5510,.T.);
#4396=EDGE_CURVE('',#5194,#5192,#5511,.T.);
#4397=EDGE_CURVE('',#5195,#5194,#639,.T.);
#4398=EDGE_CURVE('',#5195,#5193,#5512,.T.);
#4399=EDGE_CURVE('',#5196,#5194,#5513,.T.);
#4400=EDGE_CURVE('',#5197,#5196,#640,.T.);
#4401=EDGE_CURVE('',#5197,#5195,#5514,.T.);
#4402=EDGE_CURVE('',#5198,#5196,#641,.T.);
#4403=EDGE_CURVE('',#5199,#5198,#642,.T.);
#4404=EDGE_CURVE('',#5199,#5197,#643,.T.);
#4405=EDGE_CURVE('',#5200,#5198,#644,.T.);
#4406=EDGE_CURVE('',#5201,#5200,#645,.T.);
#4407=EDGE_CURVE('',#5201,#5199,#646,.T.);
#4408=EDGE_CURVE('',#5202,#4730,#647,.T.);
#4409=EDGE_CURVE('',#5202,#5203,#648,.T.);
#4410=EDGE_CURVE('',#5203,#4731,#649,.T.);
#4411=EDGE_CURVE('',#5204,#4729,#650,.T.);
#4412=EDGE_CURVE('',#5204,#5202,#651,.T.);
#4413=EDGE_CURVE('',#5205,#4746,#652,.T.);
#4414=EDGE_CURVE('',#5205,#5204,#653,.T.);
#4415=EDGE_CURVE('',#5206,#4745,#654,.T.);
#4416=EDGE_CURVE('',#5206,#5205,#5515,.T.);
#4417=EDGE_CURVE('',#5207,#4744,#655,.T.);
#4418=EDGE_CURVE('',#5207,#5206,#5516,.T.);
#4419=EDGE_CURVE('',#5208,#4743,#656,.T.);
#4420=EDGE_CURVE('',#5208,#5207,#1578,.F.);
#4421=EDGE_CURVE('',#5209,#4742,#657,.T.);
#4422=EDGE_CURVE('',#5209,#5208,#1579,.F.);
#4423=EDGE_CURVE('',#5210,#4741,#658,.T.);
#4424=EDGE_CURVE('',#5210,#5209,#659,.T.);
#4425=EDGE_CURVE('',#5211,#4740,#660,.T.);
#4426=EDGE_CURVE('',#5211,#5210,#5517,.T.);
#4427=EDGE_CURVE('',#5212,#4739,#661,.T.);
#4428=EDGE_CURVE('',#5212,#5211,#5518,.T.);
#4429=EDGE_CURVE('',#5213,#4738,#662,.T.);
#4430=EDGE_CURVE('',#5213,#5212,#5519,.T.);
#4431=EDGE_CURVE('',#5214,#4737,#663,.T.);
#4432=EDGE_CURVE('',#5214,#5213,#664,.T.);
#4433=EDGE_CURVE('',#5215,#4736,#665,.T.);
#4434=EDGE_CURVE('',#5215,#5214,#666,.T.);
#4435=EDGE_CURVE('',#5216,#4735,#667,.T.);
#4436=EDGE_CURVE('',#5216,#5215,#5520,.T.);
#4437=EDGE_CURVE('',#5217,#4734,#668,.T.);
#4438=EDGE_CURVE('',#5217,#5216,#5521,.T.);
#4439=EDGE_CURVE('',#5218,#4733,#669,.T.);
#4440=EDGE_CURVE('',#5218,#5217,#5522,.T.);
#4441=EDGE_CURVE('',#5219,#4732,#670,.T.);
#4442=EDGE_CURVE('',#5219,#5218,#5523,.T.);
#4443=EDGE_CURVE('',#5203,#5219,#5524,.T.);
#4444=EDGE_CURVE('',#5187,#5200,#5525,.T.);
#4445=EDGE_CURVE('',#5189,#5201,#5526,.T.);
#4446=EDGE_CURVE('',#5220,#4748,#671,.T.);
#4447=EDGE_CURVE('',#5220,#5221,#672,.T.);
#4448=EDGE_CURVE('',#5221,#4749,#673,.T.);
#4449=EDGE_CURVE('',#5222,#4747,#674,.T.);
#4450=EDGE_CURVE('',#5222,#5220,#675,.T.);
#4451=EDGE_CURVE('',#5223,#4755,#676,.T.);
#4452=EDGE_CURVE('',#5223,#5222,#677,.T.);
#4453=EDGE_CURVE('',#5224,#4754,#678,.T.);
#4454=EDGE_CURVE('',#5224,#5223,#679,.T.);
#4455=EDGE_CURVE('',#5225,#4753,#680,.T.);
#4456=EDGE_CURVE('',#5225,#5224,#681,.T.);
#4457=EDGE_CURVE('',#5226,#4752,#682,.T.);
#4458=EDGE_CURVE('',#5226,#5225,#1580,.F.);
#4459=EDGE_CURVE('',#5227,#4751,#683,.T.);
#4460=EDGE_CURVE('',#5227,#5226,#1581,.F.);
#4461=EDGE_CURVE('',#5228,#4750,#684,.T.);
#4462=EDGE_CURVE('',#5228,#5227,#1582,.F.);
#4463=EDGE_CURVE('',#5221,#5228,#685,.T.);
#4464=EDGE_CURVE('',#5229,#4757,#686,.T.);
#4465=EDGE_CURVE('',#5229,#5230,#687,.T.);
#4466=EDGE_CURVE('',#5230,#4758,#688,.T.);
#4467=EDGE_CURVE('',#5231,#4756,#689,.T.);
#4468=EDGE_CURVE('',#5231,#5229,#690,.T.);
#4469=EDGE_CURVE('',#5232,#4765,#691,.T.);
#4470=EDGE_CURVE('',#5232,#5231,#692,.T.);
#4471=EDGE_CURVE('',#5233,#4764,#693,.T.);
#4472=EDGE_CURVE('',#5233,#5232,#694,.T.);
#4473=EDGE_CURVE('',#5234,#4763,#695,.T.);
#4474=EDGE_CURVE('',#5234,#5233,#1583,.F.);
#4475=EDGE_CURVE('',#5235,#4762,#696,.T.);
#4476=EDGE_CURVE('',#5235,#5234,#5527,.T.);
#4477=EDGE_CURVE('',#5236,#4761,#697,.T.);
#4478=EDGE_CURVE('',#5236,#5235,#698,.T.);
#4479=EDGE_CURVE('',#5237,#4760,#699,.T.);
#4480=EDGE_CURVE('',#5237,#5236,#5528,.T.);
#4481=EDGE_CURVE('',#5238,#4759,#700,.T.);
#4482=EDGE_CURVE('',#5238,#5237,#701,.T.);
#4483=EDGE_CURVE('',#5230,#5238,#702,.T.);
#4484=EDGE_CURVE('',#5239,#4767,#703,.T.);
#4485=EDGE_CURVE('',#5239,#5240,#704,.T.);
#4486=EDGE_CURVE('',#5240,#4768,#705,.T.);
#4487=EDGE_CURVE('',#5241,#4766,#706,.T.);
#4488=EDGE_CURVE('',#5241,#5239,#707,.T.);
#4489=EDGE_CURVE('',#5242,#4769,#708,.T.);
#4490=EDGE_CURVE('',#5242,#5241,#709,.T.);
#4491=EDGE_CURVE('',#5240,#5242,#710,.T.);
#4492=EDGE_CURVE('',#5243,#4771,#711,.T.);
#4493=EDGE_CURVE('',#5243,#5244,#5529,.T.);
#4494=EDGE_CURVE('',#5244,#4772,#712,.T.);
#4495=EDGE_CURVE('',#5245,#4770,#713,.T.);
#4496=EDGE_CURVE('',#5245,#5243,#5530,.T.);
#4497=EDGE_CURVE('',#5246,#4777,#714,.T.);
#4498=EDGE_CURVE('',#5246,#5245,#1584,.F.);
#4499=EDGE_CURVE('',#5247,#4776,#715,.T.);
#4500=EDGE_CURVE('',#5247,#5246,#1585,.F.);
#4501=EDGE_CURVE('',#5248,#4775,#716,.T.);
#4502=EDGE_CURVE('',#5248,#5247,#5531,.T.);
#4503=EDGE_CURVE('',#5249,#4774,#717,.T.);
#4504=EDGE_CURVE('',#5249,#5248,#5532,.T.);
#4505=EDGE_CURVE('',#5250,#4773,#718,.T.);
#4506=EDGE_CURVE('',#5250,#5249,#1586,.F.);
#4507=EDGE_CURVE('',#5244,#5250,#1587,.F.);
#4508=EDGE_CURVE('',#5251,#4779,#719,.T.);
#4509=EDGE_CURVE('',#5251,#5252,#720,.T.);
#4510=EDGE_CURVE('',#5252,#4780,#721,.T.);
#4511=EDGE_CURVE('',#5253,#4778,#722,.T.);
#4512=EDGE_CURVE('',#5253,#5251,#723,.T.);
#4513=EDGE_CURVE('',#5254,#4781,#724,.T.);
#4514=EDGE_CURVE('',#5254,#5253,#725,.T.);
#4515=EDGE_CURVE('',#5252,#5254,#726,.T.);
#4516=EDGE_CURVE('',#5255,#4783,#727,.T.);
#4517=EDGE_CURVE('',#5255,#5256,#728,.T.);
#4518=EDGE_CURVE('',#5256,#4784,#729,.T.);
#4519=EDGE_CURVE('',#5257,#4782,#730,.T.);
#4520=EDGE_CURVE('',#5257,#5255,#731,.T.);
#4521=EDGE_CURVE('',#5258,#4785,#732,.T.);
#4522=EDGE_CURVE('',#5258,#5257,#733,.T.);
#4523=EDGE_CURVE('',#5256,#5258,#734,.T.);
#4524=EDGE_CURVE('',#5259,#4789,#735,.T.);
#4525=EDGE_CURVE('',#5259,#5260,#1588,.F.);
#4526=EDGE_CURVE('',#5260,#4790,#736,.T.);
#4527=EDGE_CURVE('',#5261,#4788,#737,.T.);
#4528=EDGE_CURVE('',#5261,#5259,#1589,.F.);
#4529=EDGE_CURVE('',#5262,#4787,#738,.T.);
#4530=EDGE_CURVE('',#5262,#5261,#5533,.T.);
#4531=EDGE_CURVE('',#5263,#4786,#739,.T.);
#4532=EDGE_CURVE('',#5263,#5262,#740,.T.);
#4533=EDGE_CURVE('',#5264,#4797,#741,.T.);
#4534=EDGE_CURVE('',#5264,#5263,#742,.T.);
#4535=EDGE_CURVE('',#5265,#4796,#743,.T.);
#4536=EDGE_CURVE('',#5265,#5264,#744,.T.);
#4537=EDGE_CURVE('',#5266,#4795,#745,.T.);
#4538=EDGE_CURVE('',#5266,#5265,#746,.T.);
#4539=EDGE_CURVE('',#5267,#4794,#747,.T.);
#4540=EDGE_CURVE('',#5267,#5266,#748,.T.);
#4541=EDGE_CURVE('',#5268,#4793,#749,.T.);
#4542=EDGE_CURVE('',#5268,#5267,#5534,.T.);
#4543=EDGE_CURVE('',#5269,#4792,#750,.T.);
#4544=EDGE_CURVE('',#5269,#5268,#5535,.T.);
#4545=EDGE_CURVE('',#5270,#4791,#751,.T.);
#4546=EDGE_CURVE('',#5270,#5269,#1590,.T.);
#4547=EDGE_CURVE('',#5260,#5270,#752,.T.);
#4548=EDGE_CURVE('',#5271,#4799,#753,.T.);
#4549=EDGE_CURVE('',#5271,#5272,#5536,.T.);
#4550=EDGE_CURVE('',#5272,#4800,#754,.T.);
#4551=EDGE_CURVE('',#5273,#4798,#755,.T.);
#4552=EDGE_CURVE('',#5273,#5271,#5537,.T.);
#4553=EDGE_CURVE('',#5274,#4812,#756,.T.);
#4554=EDGE_CURVE('',#5274,#5273,#757,.T.);
#4555=EDGE_CURVE('',#5275,#4811,#758,.T.);
#4556=EDGE_CURVE('',#5275,#5274,#1591,.T.);
#4557=EDGE_CURVE('',#5276,#4810,#759,.T.);
#4558=EDGE_CURVE('',#5276,#5275,#5538,.T.);
#4559=EDGE_CURVE('',#5277,#4809,#760,.T.);
#4560=EDGE_CURVE('',#5277,#5276,#5539,.T.);
#4561=EDGE_CURVE('',#5278,#4808,#761,.T.);
#4562=EDGE_CURVE('',#5278,#5277,#5540,.T.);
#4563=EDGE_CURVE('',#5279,#4807,#762,.T.);
#4564=EDGE_CURVE('',#5279,#5278,#1592,.T.);
#4565=EDGE_CURVE('',#5280,#4806,#763,.T.);
#4566=EDGE_CURVE('',#5280,#5279,#1593,.T.);
#4567=EDGE_CURVE('',#5281,#4805,#764,.T.);
#4568=EDGE_CURVE('',#5281,#5280,#765,.T.);
#4569=EDGE_CURVE('',#5282,#4804,#766,.T.);
#4570=EDGE_CURVE('',#5282,#5281,#1594,.F.);
#4571=EDGE_CURVE('',#5283,#4803,#767,.T.);
#4572=EDGE_CURVE('',#5283,#5282,#1595,.F.);
#4573=EDGE_CURVE('',#5284,#4802,#768,.T.);
#4574=EDGE_CURVE('',#5284,#5283,#5541,.T.);
#4575=EDGE_CURVE('',#5285,#4801,#769,.T.);
#4576=EDGE_CURVE('',#5285,#5284,#5542,.T.);
#4577=EDGE_CURVE('',#5272,#5285,#5543,.T.);
#4578=EDGE_CURVE('',#5286,#4822,#770,.T.);
#4579=EDGE_CURVE('',#5286,#5287,#771,.T.);
#4580=EDGE_CURVE('',#5287,#4823,#772,.T.);
#4581=EDGE_CURVE('',#5288,#4821,#773,.T.);
#4582=EDGE_CURVE('',#5288,#5286,#774,.T.);
#4583=EDGE_CURVE('',#5289,#4820,#775,.T.);
#4584=EDGE_CURVE('',#5289,#5288,#776,.T.);
#4585=EDGE_CURVE('',#5290,#4819,#777,.T.);
#4586=EDGE_CURVE('',#5290,#5289,#1596,.F.);
#4587=EDGE_CURVE('',#5291,#4818,#778,.T.);
#4588=EDGE_CURVE('',#5291,#5290,#779,.T.);
#4589=EDGE_CURVE('',#5292,#4817,#780,.T.);
#4590=EDGE_CURVE('',#5292,#5291,#781,.T.);
#4591=EDGE_CURVE('',#5293,#4816,#782,.T.);
#4592=EDGE_CURVE('',#5293,#5292,#783,.T.);
#4593=EDGE_CURVE('',#5294,#4815,#784,.T.);
#4594=EDGE_CURVE('',#5294,#5293,#785,.T.);
#4595=EDGE_CURVE('',#5295,#4814,#786,.T.);
#4596=EDGE_CURVE('',#5295,#5294,#787,.T.);
#4597=EDGE_CURVE('',#5296,#4813,#788,.T.);
#4598=EDGE_CURVE('',#5296,#5295,#789,.T.);
#4599=EDGE_CURVE('',#5297,#4827,#790,.T.);
#4600=EDGE_CURVE('',#5297,#5296,#791,.T.);
#4601=EDGE_CURVE('',#5298,#4826,#792,.T.);
#4602=EDGE_CURVE('',#5298,#5297,#793,.T.);
#4603=EDGE_CURVE('',#5299,#4825,#794,.T.);
#4604=EDGE_CURVE('',#5299,#5298,#795,.T.);
#4605=EDGE_CURVE('',#5300,#4824,#796,.T.);
#4606=EDGE_CURVE('',#5300,#5299,#797,.T.);
#4607=EDGE_CURVE('',#5287,#5300,#1597,.F.);
#4608=EDGE_CURVE('',#5301,#4829,#798,.T.);
#4609=EDGE_CURVE('',#5301,#5302,#799,.T.);
#4610=EDGE_CURVE('',#5302,#4830,#800,.T.);
#4611=EDGE_CURVE('',#5303,#4828,#801,.T.);
#4612=EDGE_CURVE('',#5303,#5301,#802,.T.);
#4613=EDGE_CURVE('',#5304,#4843,#803,.T.);
#4614=EDGE_CURVE('',#5304,#5303,#804,.T.);
#4615=EDGE_CURVE('',#5305,#4842,#805,.T.);
#4616=EDGE_CURVE('',#5305,#5304,#5544,.T.);
#4617=EDGE_CURVE('',#5306,#4841,#806,.T.);
#4618=EDGE_CURVE('',#5306,#5305,#1598,.T.);
#4619=EDGE_CURVE('',#5307,#4840,#807,.T.);
#4620=EDGE_CURVE('',#5307,#5306,#808,.T.);
#4621=EDGE_CURVE('',#5308,#4839,#809,.T.);
#4622=EDGE_CURVE('',#5308,#5307,#1599,.F.);
#4623=EDGE_CURVE('',#5309,#4838,#810,.T.);
#4624=EDGE_CURVE('',#5309,#5308,#5545,.T.);
#4625=EDGE_CURVE('',#5310,#4837,#811,.T.);
#4626=EDGE_CURVE('',#5310,#5309,#5546,.T.);
#4627=EDGE_CURVE('',#5311,#4836,#812,.T.);
#4628=EDGE_CURVE('',#5311,#5310,#813,.T.);
#4629=EDGE_CURVE('',#5312,#4835,#814,.T.);
#4630=EDGE_CURVE('',#5312,#5311,#815,.T.);
#4631=EDGE_CURVE('',#5313,#4834,#816,.T.);
#4632=EDGE_CURVE('',#5313,#5312,#5547,.T.);
#4633=EDGE_CURVE('',#5314,#4833,#817,.T.);
#4634=EDGE_CURVE('',#5314,#5313,#1600,.F.);
#4635=EDGE_CURVE('',#5315,#4832,#818,.T.);
#4636=EDGE_CURVE('',#5315,#5314,#819,.T.);
#4637=EDGE_CURVE('',#5316,#4831,#820,.T.);
#4638=EDGE_CURVE('',#5316,#5315,#5548,.T.);
#4639=EDGE_CURVE('',#5302,#5316,#821,.T.);
#4640=VERTEX_POINT('',#8787);
#4641=VERTEX_POINT('',#8788);
#4642=VERTEX_POINT('',#8792);
#4643=VERTEX_POINT('',#8796);
#4644=VERTEX_POINT('',#8798);
#4645=VERTEX_POINT('',#8800);
#4646=VERTEX_POINT('',#8804);
#4647=VERTEX_POINT('',#8808);
#4648=VERTEX_POINT('',#8812);
#4649=VERTEX_POINT('',#8817);
#4650=VERTEX_POINT('',#8818);
#4651=VERTEX_POINT('',#8820);
#4652=VERTEX_POINT('',#8826);
#4653=VERTEX_POINT('',#8830);
#4654=VERTEX_POINT('',#8834);
#4655=VERTEX_POINT('',#8838);
#4656=VERTEX_POINT('',#8842);
#4657=VERTEX_POINT('',#8844);
#4658=VERTEX_POINT('',#8846);
#4659=VERTEX_POINT('',#8850);
#4660=VERTEX_POINT('',#8854);
#4661=VERTEX_POINT('',#8858);
#4662=VERTEX_POINT('',#8860);
#4663=VERTEX_POINT('',#8862);
#4664=VERTEX_POINT('',#8864);
#4665=VERTEX_POINT('',#8868);
#4666=VERTEX_POINT('',#8872);
#4667=VERTEX_POINT('',#8877);
#4668=VERTEX_POINT('',#8878);
#4669=VERTEX_POINT('',#8882);
#4670=VERTEX_POINT('',#8886);
#4671=VERTEX_POINT('',#8890);
#4672=VERTEX_POINT('',#8892);
#4673=VERTEX_POINT('',#8894);
#4674=VERTEX_POINT('',#8896);
#4675=VERTEX_POINT('',#8900);
#4676=VERTEX_POINT('',#8904);
#4677=VERTEX_POINT('',#8908);
#4678=VERTEX_POINT('',#8912);
#4679=VERTEX_POINT('',#8916);
#4680=VERTEX_POINT('',#8920);
#4681=VERTEX_POINT('',#8924);
#4682=VERTEX_POINT('',#8928);
#4683=VERTEX_POINT('',#8932);
#4684=VERTEX_POINT('',#8936);
#4685=VERTEX_POINT('',#8938);
#4686=VERTEX_POINT('',#8942);
#4687=VERTEX_POINT('',#8946);
#4688=VERTEX_POINT('',#8950);
#4689=VERTEX_POINT('',#8954);
#4690=VERTEX_POINT('',#8958);
#4691=VERTEX_POINT('',#8962);
#4692=VERTEX_POINT('',#8967);
#4693=VERTEX_POINT('',#8968);
#4694=VERTEX_POINT('',#8970);
#4695=VERTEX_POINT('',#8972);
#4696=VERTEX_POINT('',#8974);
#4697=VERTEX_POINT('',#8976);
#4698=VERTEX_POINT('',#8978);
#4699=VERTEX_POINT('',#8981);
#4700=VERTEX_POINT('',#8982);
#4701=VERTEX_POINT('',#8984);
#4702=VERTEX_POINT('',#8988);
#4703=VERTEX_POINT('',#8992);
#4704=VERTEX_POINT('',#8996);
#4705=VERTEX_POINT('',#9000);
#4706=VERTEX_POINT('',#9004);
#4707=VERTEX_POINT('',#9008);
#4708=VERTEX_POINT('',#9010);
#4709=VERTEX_POINT('',#9012);
#4710=VERTEX_POINT('',#9014);
#4711=VERTEX_POINT('',#9016);
#4712=VERTEX_POINT('',#9018);
#4713=VERTEX_POINT('',#9020);
#4714=VERTEX_POINT('',#9023);
#4715=VERTEX_POINT('',#9024);
#4716=VERTEX_POINT('',#9030);
#4717=VERTEX_POINT('',#9032);
#4718=VERTEX_POINT('',#9036);
#4719=VERTEX_POINT('',#9040);
#4720=VERTEX_POINT('',#9044);
#4721=VERTEX_POINT('',#9048);
#4722=VERTEX_POINT('',#9050);
#4723=VERTEX_POINT('',#9052);
#4724=VERTEX_POINT('',#9054);
#4725=VERTEX_POINT('',#9056);
#4726=VERTEX_POINT('',#9058);
#4727=VERTEX_POINT('',#9060);
#4728=VERTEX_POINT('',#9062);
#4729=VERTEX_POINT('',#9065);
#4730=VERTEX_POINT('',#9066);
#4731=VERTEX_POINT('',#9068);
#4732=VERTEX_POINT('',#9074);
#4733=VERTEX_POINT('',#9078);
#4734=VERTEX_POINT('',#9082);
#4735=VERTEX_POINT('',#9086);
#4736=VERTEX_POINT('',#9090);
#4737=VERTEX_POINT('',#9092);
#4738=VERTEX_POINT('',#9094);
#4739=VERTEX_POINT('',#9098);
#4740=VERTEX_POINT('',#9102);
#4741=VERTEX_POINT('',#9106);
#4742=VERTEX_POINT('',#9108);
#4743=VERTEX_POINT('',#9110);
#4744=VERTEX_POINT('',#9112);
#4745=VERTEX_POINT('',#9116);
#4746=VERTEX_POINT('',#9120);
#4747=VERTEX_POINT('',#9123);
#4748=VERTEX_POINT('',#9124);
#4749=VERTEX_POINT('',#9126);
#4750=VERTEX_POINT('',#9128);
#4751=VERTEX_POINT('',#9130);
#4752=VERTEX_POINT('',#9132);
#4753=VERTEX_POINT('',#9134);
#4754=VERTEX_POINT('',#9136);
#4755=VERTEX_POINT('',#9138);
#4756=VERTEX_POINT('',#9141);
#4757=VERTEX_POINT('',#9142);
#4758=VERTEX_POINT('',#9144);
#4759=VERTEX_POINT('',#9146);
#4760=VERTEX_POINT('',#9148);
#4761=VERTEX_POINT('',#9152);
#4762=VERTEX_POINT('',#9154);
#4763=VERTEX_POINT('',#9158);
#4764=VERTEX_POINT('',#9160);
#4765=VERTEX_POINT('',#9162);
#4766=VERTEX_POINT('',#9165);
#4767=VERTEX_POINT('',#9166);
#4768=VERTEX_POINT('',#9168);
#4769=VERTEX_POINT('',#9170);
#4770=VERTEX_POINT('',#9175);
#4771=VERTEX_POINT('',#9176);
#4772=VERTEX_POINT('',#9180);
#4773=VERTEX_POINT('',#9182);
#4774=VERTEX_POINT('',#9184);
#4775=VERTEX_POINT('',#9188);
#4776=VERTEX_POINT('',#9192);
#4777=VERTEX_POINT('',#9194);
#4778=VERTEX_POINT('',#9197);
#4779=VERTEX_POINT('',#9198);
#4780=VERTEX_POINT('',#9200);
#4781=VERTEX_POINT('',#9202);
#4782=VERTEX_POINT('',#9205);
#4783=VERTEX_POINT('',#9206);
#4784=VERTEX_POINT('',#9208);
#4785=VERTEX_POINT('',#9210);
#4786=VERTEX_POINT('',#9213);
#4787=VERTEX_POINT('',#9214);
#4788=VERTEX_POINT('',#9220);
#4789=VERTEX_POINT('',#9222);
#4790=VERTEX_POINT('',#9224);
#4791=VERTEX_POINT('',#9226);
#4792=VERTEX_POINT('',#9228);
#4793=VERTEX_POINT('',#9232);
#4794=VERTEX_POINT('',#9236);
#4795=VERTEX_POINT('',#9238);
#4796=VERTEX_POINT('',#9240);
#4797=VERTEX_POINT('',#9242);
#4798=VERTEX_POINT('',#9247);
#4799=VERTEX_POINT('',#9248);
#4800=VERTEX_POINT('',#9252);
#4801=VERTEX_POINT('',#9256);
#4802=VERTEX_POINT('',#9260);
#4803=VERTEX_POINT('',#9264);
#4804=VERTEX_POINT('',#9266);
#4805=VERTEX_POINT('',#9268);
#4806=VERTEX_POINT('',#9270);
#4807=VERTEX_POINT('',#9272);
#4808=VERTEX_POINT('',#9274);
#4809=VERTEX_POINT('',#9278);
#4810=VERTEX_POINT('',#9282);
#4811=VERTEX_POINT('',#9286);
#4812=VERTEX_POINT('',#9288);
#4813=VERTEX_POINT('',#9291);
#4814=VERTEX_POINT('',#9292);
#4815=VERTEX_POINT('',#9294);
#4816=VERTEX_POINT('',#9296);
#4817=VERTEX_POINT('',#9298);
#4818=VERTEX_POINT('',#9300);
#4819=VERTEX_POINT('',#9302);
#4820=VERTEX_POINT('',#9304);
#4821=VERTEX_POINT('',#9306);
#4822=VERTEX_POINT('',#9308);
#4823=VERTEX_POINT('',#9310);
#4824=VERTEX_POINT('',#9312);
#4825=VERTEX_POINT('',#9314);
#4826=VERTEX_POINT('',#9316);
#4827=VERTEX_POINT('',#9318);
#4828=VERTEX_POINT('',#9321);
#4829=VERTEX_POINT('',#9322);
#4830=VERTEX_POINT('',#9324);
#4831=VERTEX_POINT('',#9326);
#4832=VERTEX_POINT('',#9330);
#4833=VERTEX_POINT('',#9332);
#4834=VERTEX_POINT('',#9334);
#4835=VERTEX_POINT('',#9338);
#4836=VERTEX_POINT('',#9340);
#4837=VERTEX_POINT('',#9342);
#4838=VERTEX_POINT('',#9346);
#4839=VERTEX_POINT('',#9350);
#4840=VERTEX_POINT('',#9352);
#4841=VERTEX_POINT('',#9354);
#4842=VERTEX_POINT('',#9356);
#4843=VERTEX_POINT('',#9360);
#4844=VERTEX_POINT('',#9364);
#4845=VERTEX_POINT('',#9366);
#4846=VERTEX_POINT('',#9367);
#4847=VERTEX_POINT('',#9369);
#4848=VERTEX_POINT('',#9371);
#4849=VERTEX_POINT('',#9373);
#4850=VERTEX_POINT('',#9375);
#4851=VERTEX_POINT('',#9379);
#4852=VERTEX_POINT('',#9381);
#4853=VERTEX_POINT('',#9382);
#4854=VERTEX_POINT('',#9384);
#4855=VERTEX_POINT('',#9386);
#4856=VERTEX_POINT('',#9388);
#4857=VERTEX_POINT('',#9390);
#4858=VERTEX_POINT('',#9394);
#4859=VERTEX_POINT('',#9395);
#4860=VERTEX_POINT('',#9397);
#4861=VERTEX_POINT('',#9399);
#4862=VERTEX_POINT('',#9401);
#4863=VERTEX_POINT('',#9403);
#4864=VERTEX_POINT('',#9406);
#4865=VERTEX_POINT('',#9409);
#4866=VERTEX_POINT('',#9410);
#4867=VERTEX_POINT('',#9412);
#4868=VERTEX_POINT('',#9414);
#4869=VERTEX_POINT('',#9416);
#4870=VERTEX_POINT('',#9418);
#4871=VERTEX_POINT('',#9421);
#4872=VERTEX_POINT('',#9424);
#4873=VERTEX_POINT('',#9425);
#4874=VERTEX_POINT('',#9427);
#4875=VERTEX_POINT('',#9429);
#4876=VERTEX_POINT('',#9431);
#4877=VERTEX_POINT('',#9433);
#4878=VERTEX_POINT('',#9435);
#4879=VERTEX_POINT('',#9437);
#4880=VERTEX_POINT('',#9439);
#4881=VERTEX_POINT('',#9441);
#4882=VERTEX_POINT('',#9443);
#4883=VERTEX_POINT('',#9445);
#4884=VERTEX_POINT('',#9448);
#4885=VERTEX_POINT('',#9449);
#4886=VERTEX_POINT('',#9451);
#4887=VERTEX_POINT('',#9453);
#4888=VERTEX_POINT('',#9455);
#4889=VERTEX_POINT('',#9457);
#4890=VERTEX_POINT('',#9459);
#4891=VERTEX_POINT('',#9461);
#4892=VERTEX_POINT('',#9464);
#4893=VERTEX_POINT('',#9465);
#4894=VERTEX_POINT('',#9467);
#4895=VERTEX_POINT('',#9469);
#4896=VERTEX_POINT('',#9471);
#4897=VERTEX_POINT('',#9473);
#4898=VERTEX_POINT('',#9475);
#4899=VERTEX_POINT('',#9477);
#4900=VERTEX_POINT('',#9480);
#4901=VERTEX_POINT('',#9481);
#4902=VERTEX_POINT('',#9483);
#4903=VERTEX_POINT('',#9485);
#4904=VERTEX_POINT('',#9487);
#4905=VERTEX_POINT('',#9489);
#4906=VERTEX_POINT('',#9491);
#4907=VERTEX_POINT('',#9493);
#4908=VERTEX_POINT('',#9496);
#4909=VERTEX_POINT('',#9497);
#4910=VERTEX_POINT('',#9499);
#4911=VERTEX_POINT('',#9501);
#4912=VERTEX_POINT('',#9503);
#4913=VERTEX_POINT('',#9505);
#4914=VERTEX_POINT('',#9507);
#4915=VERTEX_POINT('',#9509);
#4916=VERTEX_POINT('',#9512);
#4917=VERTEX_POINT('',#9513);
#4918=VERTEX_POINT('',#9515);
#4919=VERTEX_POINT('',#9517);
#4920=VERTEX_POINT('',#9519);
#4921=VERTEX_POINT('',#9521);
#4922=VERTEX_POINT('',#9523);
#4923=VERTEX_POINT('',#9525);
#4924=VERTEX_POINT('',#9528);
#4925=VERTEX_POINT('',#9529);
#4926=VERTEX_POINT('',#9531);
#4927=VERTEX_POINT('',#9533);
#4928=VERTEX_POINT('',#9535);
#4929=VERTEX_POINT('',#9537);
#4930=VERTEX_POINT('',#9539);
#4931=VERTEX_POINT('',#9541);
#4932=VERTEX_POINT('',#9544);
#4933=VERTEX_POINT('',#9545);
#4934=VERTEX_POINT('',#9547);
#4935=VERTEX_POINT('',#9549);
#4936=VERTEX_POINT('',#9551);
#4937=VERTEX_POINT('',#9553);
#4938=VERTEX_POINT('',#9555);
#4939=VERTEX_POINT('',#9557);
#4940=VERTEX_POINT('',#9561);
#4941=VERTEX_POINT('',#9563);
#4942=VERTEX_POINT('',#9565);
#4943=VERTEX_POINT('',#9566);
#4944=VERTEX_POINT('',#9568);
#4945=VERTEX_POINT('',#9570);
#4946=VERTEX_POINT('',#9572);
#4947=VERTEX_POINT('',#9574);
#4948=VERTEX_POINT('',#9576);
#4949=VERTEX_POINT('',#9578);
#4950=VERTEX_POINT('',#9581);
#4951=VERTEX_POINT('',#9582);
#4952=VERTEX_POINT('',#9584);
#4953=VERTEX_POINT('',#9586);
#4954=VERTEX_POINT('',#9588);
#4955=VERTEX_POINT('',#9590);
#4956=VERTEX_POINT('',#9592);
#4957=VERTEX_POINT('',#9594);
#4958=VERTEX_POINT('',#9597);
#4959=VERTEX_POINT('',#9598);
#4960=VERTEX_POINT('',#9600);
#4961=VERTEX_POINT('',#9602);
#4962=VERTEX_POINT('',#9604);
#4963=VERTEX_POINT('',#9606);
#4964=VERTEX_POINT('',#9608);
#4965=VERTEX_POINT('',#9610);
#4966=VERTEX_POINT('',#9613);
#4967=VERTEX_POINT('',#9614);
#4968=VERTEX_POINT('',#9616);
#4969=VERTEX_POINT('',#9618);
#4970=VERTEX_POINT('',#9620);
#4971=VERTEX_POINT('',#9622);
#4972=VERTEX_POINT('',#9624);
#4973=VERTEX_POINT('',#9626);
#4974=VERTEX_POINT('',#9629);
#4975=VERTEX_POINT('',#9630);
#4976=VERTEX_POINT('',#9632);
#4977=VERTEX_POINT('',#9634);
#4978=VERTEX_POINT('',#9636);
#4979=VERTEX_POINT('',#9638);
#4980=VERTEX_POINT('',#9640);
#4981=VERTEX_POINT('',#9642);
#4982=VERTEX_POINT('',#9645);
#4983=VERTEX_POINT('',#9646);
#4984=VERTEX_POINT('',#9648);
#4985=VERTEX_POINT('',#9650);
#4986=VERTEX_POINT('',#9652);
#4987=VERTEX_POINT('',#9654);
#4988=VERTEX_POINT('',#9656);
#4989=VERTEX_POINT('',#9658);
#4990=VERTEX_POINT('',#9661);
#4991=VERTEX_POINT('',#9662);
#4992=VERTEX_POINT('',#9664);
#4993=VERTEX_POINT('',#9666);
#4994=VERTEX_POINT('',#9668);
#4995=VERTEX_POINT('',#9670);
#4996=VERTEX_POINT('',#9672);
#4997=VERTEX_POINT('',#9674);
#4998=VERTEX_POINT('',#9677);
#4999=VERTEX_POINT('',#9678);
#5000=VERTEX_POINT('',#9680);
#5001=VERTEX_POINT('',#9682);
#5002=VERTEX_POINT('',#9684);
#5003=VERTEX_POINT('',#9686);
#5004=VERTEX_POINT('',#9688);
#5005=VERTEX_POINT('',#9690);
#5006=VERTEX_POINT('',#9693);
#5007=VERTEX_POINT('',#9695);
#5008=VERTEX_POINT('',#9803);
#5009=VERTEX_POINT('',#9805);
#5010=VERTEX_POINT('',#9807);
#5011=VERTEX_POINT('',#9814);
#5012=VERTEX_POINT('',#9815);
#5013=VERTEX_POINT('',#9821);
#5014=VERTEX_POINT('',#9825);
#5015=VERTEX_POINT('',#9827);
#5016=VERTEX_POINT('',#9839);
#5017=VERTEX_POINT('',#9841);
#5018=VERTEX_POINT('',#9856);
#5019=VERTEX_POINT('',#9857);
#5020=VERTEX_POINT('',#9862);
#5021=VERTEX_POINT('',#9864);
#5022=VERTEX_POINT('',#9871);
#5023=VERTEX_POINT('',#9873);
#5024=VERTEX_POINT('',#9877);
#5025=VERTEX_POINT('',#9879);
#5026=VERTEX_POINT('',#9883);
#5027=VERTEX_POINT('',#9887);
#5028=VERTEX_POINT('',#9891);
#5029=VERTEX_POINT('',#9895);
#5030=VERTEX_POINT('',#9899);
#5031=VERTEX_POINT('',#9903);
#5032=VERTEX_POINT('',#9907);
#5033=VERTEX_POINT('',#9912);
#5034=VERTEX_POINT('',#9917);
#5035=VERTEX_POINT('',#9921);
#5036=VERTEX_POINT('',#9974);
#5037=VERTEX_POINT('',#9978);
#5038=VERTEX_POINT('',#9989);
#5039=VERTEX_POINT('',#10002);
#5040=VERTEX_POINT('',#10015);
#5041=VERTEX_POINT('',#10028);
#5042=VERTEX_POINT('',#10041);
#5043=VERTEX_POINT('',#10054);
#5044=VERTEX_POINT('',#10067);
#5045=VERTEX_POINT('',#10080);
#5046=VERTEX_POINT('',#10086);
#5047=VERTEX_POINT('',#10097);
#5048=VERTEX_POINT('',#10110);
#5049=VERTEX_POINT('',#10123);
#5050=VERTEX_POINT('',#10136);
#5051=VERTEX_POINT('',#10149);
#5052=VERTEX_POINT('',#10162);
#5053=VERTEX_POINT('',#10175);
#5054=VERTEX_POINT('',#10188);
#5055=VERTEX_POINT('',#10201);
#5056=VERTEX_POINT('',#10214);
#5057=VERTEX_POINT('',#10220);
#5058=VERTEX_POINT('',#10224);
#5059=VERTEX_POINT('',#10228);
#5060=VERTEX_POINT('',#10239);
#5061=VERTEX_POINT('',#10266);
#5062=VERTEX_POINT('',#10267);
#5063=VERTEX_POINT('',#10269);
#5064=VERTEX_POINT('',#10273);
#5065=VERTEX_POINT('',#10286);
#5066=VERTEX_POINT('',#10288);
#5067=VERTEX_POINT('',#10303);
#5068=VERTEX_POINT('',#10305);
#5069=VERTEX_POINT('',#10320);
#5070=VERTEX_POINT('',#10322);
#5071=VERTEX_POINT('',#10337);
#5072=VERTEX_POINT('',#10339);
#5073=VERTEX_POINT('',#10354);
#5074=VERTEX_POINT('',#10356);
#5075=VERTEX_POINT('',#10371);
#5076=VERTEX_POINT('',#10373);
#5077=VERTEX_POINT('',#10379);
#5078=VERTEX_POINT('',#10381);
#5079=VERTEX_POINT('',#10385);
#5080=VERTEX_POINT('',#10387);
#5081=VERTEX_POINT('',#10391);
#5082=VERTEX_POINT('',#10395);
#5083=VERTEX_POINT('',#10399);
#5084=VERTEX_POINT('',#10403);
#5085=VERTEX_POINT('',#10407);
#5086=VERTEX_POINT('',#10411);
#5087=VERTEX_POINT('',#10415);
#5088=VERTEX_POINT('',#10419);
#5089=VERTEX_POINT('',#10430);
#5090=VERTEX_POINT('',#10443);
#5091=VERTEX_POINT('',#10456);
#5092=VERTEX_POINT('',#10469);
#5093=VERTEX_POINT('',#10482);
#5094=VERTEX_POINT('',#10523);
#5095=VERTEX_POINT('',#10524);
#5096=VERTEX_POINT('',#10526);
#5097=VERTEX_POINT('',#10530);
#5098=VERTEX_POINT('',#10543);
#5099=VERTEX_POINT('',#10545);
#5100=VERTEX_POINT('',#10560);
#5101=VERTEX_POINT('',#10562);
#5102=VERTEX_POINT('',#10577);
#5103=VERTEX_POINT('',#10579);
#5104=VERTEX_POINT('',#10594);
#5105=VERTEX_POINT('',#10596);
#5106=VERTEX_POINT('',#10602);
#5107=VERTEX_POINT('',#10604);
#5108=VERTEX_POINT('',#10608);
#5109=VERTEX_POINT('',#10610);
#5110=VERTEX_POINT('',#10614);
#5111=VERTEX_POINT('',#10616);
#5112=VERTEX_POINT('',#10620);
#5113=VERTEX_POINT('',#10624);
#5114=VERTEX_POINT('',#10635);
#5115=VERTEX_POINT('',#10648);
#5116=VERTEX_POINT('',#10654);
#5117=VERTEX_POINT('',#10658);
#5118=VERTEX_POINT('',#10662);
#5119=VERTEX_POINT('',#10673);
#5120=VERTEX_POINT('',#10686);
#5121=VERTEX_POINT('',#10699);
#5122=VERTEX_POINT('',#10705);
#5123=VERTEX_POINT('',#10709);
#5124=VERTEX_POINT('',#10720);
#5125=VERTEX_POINT('',#10733);
#5126=VERTEX_POINT('',#10746);
#5127=VERTEX_POINT('',#10759);
#5128=VERTEX_POINT('',#10802);
#5129=VERTEX_POINT('',#10803);
#5130=VERTEX_POINT('',#10805);
#5131=VERTEX_POINT('',#10809);
#5132=VERTEX_POINT('',#10822);
#5133=VERTEX_POINT('',#10824);
#5134=VERTEX_POINT('',#10839);
#5135=VERTEX_POINT('',#10841);
#5136=VERTEX_POINT('',#10856);
#5137=VERTEX_POINT('',#10858);
#5138=VERTEX_POINT('',#10864);
#5139=VERTEX_POINT('',#10866);
#5140=VERTEX_POINT('',#10879);
#5141=VERTEX_POINT('',#10881);
#5142=VERTEX_POINT('',#10896);
#5143=VERTEX_POINT('',#10898);
#5144=VERTEX_POINT('',#10904);
#5145=VERTEX_POINT('',#10906);
#5146=VERTEX_POINT('',#10910);
#5147=VERTEX_POINT('',#10912);
#5148=VERTEX_POINT('',#10923);
#5149=VERTEX_POINT('',#10936);
#5150=VERTEX_POINT('',#10949);
#5151=VERTEX_POINT('',#10962);
#5152=VERTEX_POINT('',#10968);
#5153=VERTEX_POINT('',#10979);
#5154=VERTEX_POINT('',#10987);
#5155=VERTEX_POINT('',#10991);
#5156=VERTEX_POINT('',#10995);
#5157=VERTEX_POINT('',#10999);
#5158=VERTEX_POINT('',#11003);
#5159=VERTEX_POINT('',#11007);
#5160=VERTEX_POINT('',#11011);
#5161=VERTEX_POINT('',#11041);
#5162=VERTEX_POINT('',#11042);
#5163=VERTEX_POINT('',#11044);
#5164=VERTEX_POINT('',#11048);
#5165=VERTEX_POINT('',#11061);
#5166=VERTEX_POINT('',#11063);
#5167=VERTEX_POINT('',#11078);
#5168=VERTEX_POINT('',#11080);
#5169=VERTEX_POINT('',#11095);
#5170=VERTEX_POINT('',#11097);
#5171=VERTEX_POINT('',#11112);
#5172=VERTEX_POINT('',#11114);
#5173=VERTEX_POINT('',#11129);
#5174=VERTEX_POINT('',#11131);
#5175=VERTEX_POINT('',#11146);
#5176=VERTEX_POINT('',#11148);
#5177=VERTEX_POINT('',#11161);
#5178=VERTEX_POINT('',#11165);
#5179=VERTEX_POINT('',#11176);
#5180=VERTEX_POINT('',#11189);
#5181=VERTEX_POINT('',#11202);
#5182=VERTEX_POINT('',#11215);
#5183=VERTEX_POINT('',#11228);
#5184=VERTEX_POINT('',#11234);
#5185=VERTEX_POINT('',#11238);
#5186=VERTEX_POINT('',#11277);
#5187=VERTEX_POINT('',#11278);
#5188=VERTEX_POINT('',#11280);
#5189=VERTEX_POINT('',#11284);
#5190=VERTEX_POINT('',#11297);
#5191=VERTEX_POINT('',#11299);
#5192=VERTEX_POINT('',#11314);
#5193=VERTEX_POINT('',#11316);
#5194=VERTEX_POINT('',#11331);
#5195=VERTEX_POINT('',#11333);
#5196=VERTEX_POINT('',#11348);
#5197=VERTEX_POINT('',#11350);
#5198=VERTEX_POINT('',#11356);
#5199=VERTEX_POINT('',#11358);
#5200=VERTEX_POINT('',#11362);
#5201=VERTEX_POINT('',#11364);
#5202=VERTEX_POINT('',#11368);
#5203=VERTEX_POINT('',#11370);
#5204=VERTEX_POINT('',#11374);
#5205=VERTEX_POINT('',#11378);
#5206=VERTEX_POINT('',#11389);
#5207=VERTEX_POINT('',#11402);
#5208=VERTEX_POINT('',#11408);
#5209=VERTEX_POINT('',#11412);
#5210=VERTEX_POINT('',#11416);
#5211=VERTEX_POINT('',#11427);
#5212=VERTEX_POINT('',#11440);
#5213=VERTEX_POINT('',#11453);
#5214=VERTEX_POINT('',#11459);
#5215=VERTEX_POINT('',#11463);
#5216=VERTEX_POINT('',#11474);
#5217=VERTEX_POINT('',#11487);
#5218=VERTEX_POINT('',#11500);
#5219=VERTEX_POINT('',#11513);
#5220=VERTEX_POINT('',#11547);
#5221=VERTEX_POINT('',#11549);
#5222=VERTEX_POINT('',#11553);
#5223=VERTEX_POINT('',#11557);
#5224=VERTEX_POINT('',#11561);
#5225=VERTEX_POINT('',#11565);
#5226=VERTEX_POINT('',#11569);
#5227=VERTEX_POINT('',#11573);
#5228=VERTEX_POINT('',#11577);
#5229=VERTEX_POINT('',#11584);
#5230=VERTEX_POINT('',#11586);
#5231=VERTEX_POINT('',#11590);
#5232=VERTEX_POINT('',#11594);
#5233=VERTEX_POINT('',#11598);
#5234=VERTEX_POINT('',#11602);
#5235=VERTEX_POINT('',#11613);
#5236=VERTEX_POINT('',#11619);
#5237=VERTEX_POINT('',#11630);
#5238=VERTEX_POINT('',#11636);
#5239=VERTEX_POINT('',#11643);
#5240=VERTEX_POINT('',#11645);
#5241=VERTEX_POINT('',#11649);
#5242=VERTEX_POINT('',#11653);
#5243=VERTEX_POINT('',#11667);
#5244=VERTEX_POINT('',#11671);
#5245=VERTEX_POINT('',#11682);
#5246=VERTEX_POINT('',#11688);
#5247=VERTEX_POINT('',#11692);
#5248=VERTEX_POINT('',#11703);
#5249=VERTEX_POINT('',#11716);
#5250=VERTEX_POINT('',#11722);
#5251=VERTEX_POINT('',#11729);
#5252=VERTEX_POINT('',#11731);
#5253=VERTEX_POINT('',#11735);
#5254=VERTEX_POINT('',#11739);
#5255=VERTEX_POINT('',#11746);
#5256=VERTEX_POINT('',#11748);
#5257=VERTEX_POINT('',#11752);
#5258=VERTEX_POINT('',#11756);
#5259=VERTEX_POINT('',#11763);
#5260=VERTEX_POINT('',#11765);
#5261=VERTEX_POINT('',#11769);
#5262=VERTEX_POINT('',#11780);
#5263=VERTEX_POINT('',#11788);
#5264=VERTEX_POINT('',#11792);
#5265=VERTEX_POINT('',#11796);
#5266=VERTEX_POINT('',#11800);
#5267=VERTEX_POINT('',#11804);
#5268=VERTEX_POINT('',#11815);
#5269=VERTEX_POINT('',#11828);
#5270=VERTEX_POINT('',#11834);
#5271=VERTEX_POINT('',#11848);
#5272=VERTEX_POINT('',#11852);
#5273=VERTEX_POINT('',#11863);
#5274=VERTEX_POINT('',#11869);
#5275=VERTEX_POINT('',#11873);
#5276=VERTEX_POINT('',#11884);
#5277=VERTEX_POINT('',#11897);
#5278=VERTEX_POINT('',#11910);
#5279=VERTEX_POINT('',#11916);
#5280=VERTEX_POINT('',#11920);
#5281=VERTEX_POINT('',#11924);
#5282=VERTEX_POINT('',#11928);
#5283=VERTEX_POINT('',#11932);
#5284=VERTEX_POINT('',#11943);
#5285=VERTEX_POINT('',#11956);
#5286=VERTEX_POINT('',#11974);
#5287=VERTEX_POINT('',#11976);
#5288=VERTEX_POINT('',#11980);
#5289=VERTEX_POINT('',#11984);
#5290=VERTEX_POINT('',#11988);
#5291=VERTEX_POINT('',#11992);
#5292=VERTEX_POINT('',#11996);
#5293=VERTEX_POINT('',#12000);
#5294=VERTEX_POINT('',#12004);
#5295=VERTEX_POINT('',#12008);
#5296=VERTEX_POINT('',#12012);
#5297=VERTEX_POINT('',#12016);
#5298=VERTEX_POINT('',#12020);
#5299=VERTEX_POINT('',#12024);
#5300=VERTEX_POINT('',#12028);
#5301=VERTEX_POINT('',#12035);
#5302=VERTEX_POINT('',#12037);
#5303=VERTEX_POINT('',#12041);
#5304=VERTEX_POINT('',#12045);
#5305=VERTEX_POINT('',#12056);
#5306=VERTEX_POINT('',#12062);
#5307=VERTEX_POINT('',#12066);
#5308=VERTEX_POINT('',#12070);
#5309=VERTEX_POINT('',#12081);
#5310=VERTEX_POINT('',#12094);
#5311=VERTEX_POINT('',#12100);
#5312=VERTEX_POINT('',#12104);
#5313=VERTEX_POINT('',#12115);
#5314=VERTEX_POINT('',#12121);
#5315=VERTEX_POINT('',#12125);
#5316=VERTEX_POINT('',#12136);
#5317=B_SPLINE_CURVE_WITH_KNOTS('',2,(#8784,#8785,#8786),.UNSPECIFIED.,
 .F.,.F.,(3,3),(0.,1.),.PIECEWISE_BEZIER_KNOTS.);
#5318=B_SPLINE_CURVE_WITH_KNOTS('',2,(#8789,#8790,#8791),.UNSPECIFIED.,
 .F.,.F.,(3,3),(0.,1.),.PIECEWISE_BEZIER_KNOTS.);
#5319=B_SPLINE_CURVE_WITH_KNOTS('',2,(#8793,#8794,#8795),.UNSPECIFIED.,
 .F.,.F.,(3,3),(0.,1.),.PIECEWISE_BEZIER_KNOTS.);
#5320=B_SPLINE_CURVE_WITH_KNOTS('',2,(#8801,#8802,#8803),.UNSPECIFIED.,
 .F.,.F.,(3,3),(0.,1.),.PIECEWISE_BEZIER_KNOTS.);
#5321=B_SPLINE_CURVE_WITH_KNOTS('',2,(#8805,#8806,#8807),.UNSPECIFIED.,
 .F.,.F.,(3,3),(0.,1.),.PIECEWISE_BEZIER_KNOTS.);
#5322=B_SPLINE_CURVE_WITH_KNOTS('',2,(#8809,#8810,#8811),.UNSPECIFIED.,
 .F.,.F.,(3,3),(0.,1.),.PIECEWISE_BEZIER_KNOTS.);
#5323=B_SPLINE_CURVE_WITH_KNOTS('',2,(#8813,#8814,#8815),.UNSPECIFIED.,
 .F.,.F.,(3,3),(0.,1.),.PIECEWISE_BEZIER_KNOTS.);
#5324=B_SPLINE_CURVE_WITH_KNOTS('',2,(#8821,#8822,#8823,#8824,#8825),
 .UNSPECIFIED.,.F.,.F.,(3,2,3),(-0.0195066287380491,0.,1.),
 .PIECEWISE_BEZIER_KNOTS.);
#5325=B_SPLINE_CURVE_WITH_KNOTS('',2,(#8827,#8828,#8829),.UNSPECIFIED.,
 .F.,.F.,(3,3),(0.,1.),.PIECEWISE_BEZIER_KNOTS.);
#5326=B_SPLINE_CURVE_WITH_KNOTS('',2,(#8831,#8832,#8833),.UNSPECIFIED.,
 .F.,.F.,(3,3),(0.,1.),.PIECEWISE_BEZIER_KNOTS.);
#5327=B_SPLINE_CURVE_WITH_KNOTS('',2,(#8835,#8836,#8837),.UNSPECIFIED.,
 .F.,.F.,(3,3),(0.,1.),.PIECEWISE_BEZIER_KNOTS.);
#5328=B_SPLINE_CURVE_WITH_KNOTS('',2,(#8839,#8840,#8841),.UNSPECIFIED.,
 .F.,.F.,(3,3),(0.,1.),.PIECEWISE_BEZIER_KNOTS.);
#5329=B_SPLINE_CURVE_WITH_KNOTS('',2,(#8847,#8848,#8849),.UNSPECIFIED.,
 .F.,.F.,(3,3),(0.,1.),.PIECEWISE_BEZIER_KNOTS.);
#5330=B_SPLINE_CURVE_WITH_KNOTS('',2,(#8851,#8852,#8853),.UNSPECIFIED.,
 .F.,.F.,(3,3),(0.,1.),.PIECEWISE_BEZIER_KNOTS.);
#5331=B_SPLINE_CURVE_WITH_KNOTS('',2,(#8855,#8856,#8857),.UNSPECIFIED.,
 .F.,.F.,(3,3),(0.,1.),.PIECEWISE_BEZIER_KNOTS.);
#5332=B_SPLINE_CURVE_WITH_KNOTS('',2,(#8865,#8866,#8867),.UNSPECIFIED.,
 .F.,.F.,(3,3),(0.,1.),.PIECEWISE_BEZIER_KNOTS.);
#5333=B_SPLINE_CURVE_WITH_KNOTS('',2,(#8869,#8870,#8871),.UNSPECIFIED.,
 .F.,.F.,(3,3),(0.,1.),.PIECEWISE_BEZIER_KNOTS.);
#5334=B_SPLINE_CURVE_WITH_KNOTS('',2,(#8874,#8875,#8876),.UNSPECIFIED.,
 .F.,.F.,(3,3),(0.,1.),.PIECEWISE_BEZIER_KNOTS.);
#5335=B_SPLINE_CURVE_WITH_KNOTS('',2,(#8879,#8880,#8881),.UNSPECIFIED.,
 .F.,.F.,(3,3),(0.,1.),.PIECEWISE_BEZIER_KNOTS.);
#5336=B_SPLINE_CURVE_WITH_KNOTS('',2,(#8883,#8884,#8885),.UNSPECIFIED.,
 .F.,.F.,(3,3),(0.,1.),.PIECEWISE_BEZIER_KNOTS.);
#5337=B_SPLINE_CURVE_WITH_KNOTS('',2,(#8887,#8888,#8889),.UNSPECIFIED.,
 .F.,.F.,(3,3),(0.,1.),.PIECEWISE_BEZIER_KNOTS.);
#5338=B_SPLINE_CURVE_WITH_KNOTS('',2,(#8897,#8898,#8899),.UNSPECIFIED.,
 .F.,.F.,(3,3),(0.,1.),.PIECEWISE_BEZIER_KNOTS.);
#5339=B_SPLINE_CURVE_WITH_KNOTS('',2,(#8901,#8902,#8903),.UNSPECIFIED.,
 .F.,.F.,(3,3),(0.,1.),.PIECEWISE_BEZIER_KNOTS.);
#5340=B_SPLINE_CURVE_WITH_KNOTS('',2,(#8905,#8906,#8907),.UNSPECIFIED.,
 .F.,.F.,(3,3),(0.,1.),.PIECEWISE_BEZIER_KNOTS.);
#5341=B_SPLINE_CURVE_WITH_KNOTS('',2,(#8909,#8910,#8911),.UNSPECIFIED.,
 .F.,.F.,(3,3),(0.,1.),.PIECEWISE_BEZIER_KNOTS.);
#5342=B_SPLINE_CURVE_WITH_KNOTS('',2,(#8913,#8914,#8915),.UNSPECIFIED.,
 .F.,.F.,(3,3),(0.,1.),.PIECEWISE_BEZIER_KNOTS.);
#5343=B_SPLINE_CURVE_WITH_KNOTS('',2,(#8917,#8918,#8919),.UNSPECIFIED.,
 .F.,.F.,(3,3),(0.,1.),.PIECEWISE_BEZIER_KNOTS.);
#5344=B_SPLINE_CURVE_WITH_KNOTS('',2,(#8921,#8922,#8923),.UNSPECIFIED.,
 .F.,.F.,(3,3),(0.,1.),.PIECEWISE_BEZIER_KNOTS.);
#5345=B_SPLINE_CURVE_WITH_KNOTS('',2,(#8925,#8926,#8927),.UNSPECIFIED.,
 .F.,.F.,(3,3),(0.,1.),.PIECEWISE_BEZIER_KNOTS.);
#5346=B_SPLINE_CURVE_WITH_KNOTS('',2,(#8929,#8930,#8931),.UNSPECIFIED.,
 .F.,.F.,(3,3),(0.,1.),.PIECEWISE_BEZIER_KNOTS.);
#5347=B_SPLINE_CURVE_WITH_KNOTS('',2,(#8933,#8934,#8935),.UNSPECIFIED.,
 .F.,.F.,(3,3),(0.,1.),.PIECEWISE_BEZIER_KNOTS.);
#5348=B_SPLINE_CURVE_WITH_KNOTS('',2,(#8939,#8940,#8941),.UNSPECIFIED.,
 .F.,.F.,(3,3),(0.,1.),.PIECEWISE_BEZIER_KNOTS.);
#5349=B_SPLINE_CURVE_WITH_KNOTS('',2,(#8943,#8944,#8945),.UNSPECIFIED.,
 .F.,.F.,(3,3),(0.,1.),.PIECEWISE_BEZIER_KNOTS.);
#5350=B_SPLINE_CURVE_WITH_KNOTS('',2,(#8947,#8948,#8949),.UNSPECIFIED.,
 .F.,.F.,(3,3),(0.,1.),.PIECEWISE_BEZIER_KNOTS.);
#5351=B_SPLINE_CURVE_WITH_KNOTS('',2,(#8951,#8952,#8953),.UNSPECIFIED.,
 .F.,.F.,(3,3),(0.,1.),.PIECEWISE_BEZIER_KNOTS.);
#5352=B_SPLINE_CURVE_WITH_KNOTS('',2,(#8955,#8956,#8957),.UNSPECIFIED.,
 .F.,.F.,(3,3),(0.,1.),.PIECEWISE_BEZIER_KNOTS.);
#5353=B_SPLINE_CURVE_WITH_KNOTS('',2,(#8959,#8960,#8961),.UNSPECIFIED.,
 .F.,.F.,(3,3),(0.,1.),.PIECEWISE_BEZIER_KNOTS.);
#5354=B_SPLINE_CURVE_WITH_KNOTS('',2,(#8963,#8964,#8965),.UNSPECIFIED.,
 .F.,.F.,(3,3),(0.,1.),.PIECEWISE_BEZIER_KNOTS.);
#5355=B_SPLINE_CURVE_WITH_KNOTS('',2,(#8985,#8986,#8987),.UNSPECIFIED.,
 .F.,.F.,(3,3),(0.,1.),.PIECEWISE_BEZIER_KNOTS.);
#5356=B_SPLINE_CURVE_WITH_KNOTS('',2,(#8989,#8990,#8991),.UNSPECIFIED.,
 .F.,.F.,(3,3),(0.,1.),.PIECEWISE_BEZIER_KNOTS.);
#5357=B_SPLINE_CURVE_WITH_KNOTS('',2,(#8993,#8994,#8995),.UNSPECIFIED.,
 .F.,.F.,(3,3),(0.,1.),.PIECEWISE_BEZIER_KNOTS.);
#5358=B_SPLINE_CURVE_WITH_KNOTS('',2,(#8997,#8998,#8999),.UNSPECIFIED.,
 .F.,.F.,(3,3),(0.,1.),.PIECEWISE_BEZIER_KNOTS.);
#5359=B_SPLINE_CURVE_WITH_KNOTS('',2,(#9001,#9002,#9003),.UNSPECIFIED.,
 .F.,.F.,(3,3),(0.,1.),.PIECEWISE_BEZIER_KNOTS.);
#5360=B_SPLINE_CURVE_WITH_KNOTS('',2,(#9005,#9006,#9007),.UNSPECIFIED.,
 .F.,.F.,(3,3),(0.,1.),.PIECEWISE_BEZIER_KNOTS.);
#5361=B_SPLINE_CURVE_WITH_KNOTS('',2,(#9025,#9026,#9027,#9028,#9029),
 .UNSPECIFIED.,.F.,.F.,(3,2,3),(-0.0216221869194702,0.,1.),
 .PIECEWISE_BEZIER_KNOTS.);
#5362=B_SPLINE_CURVE_WITH_KNOTS('',2,(#9033,#9034,#9035),.UNSPECIFIED.,
 .F.,.F.,(3,3),(0.,1.),.PIECEWISE_BEZIER_KNOTS.);
#5363=B_SPLINE_CURVE_WITH_KNOTS('',2,(#9037,#9038,#9039),.UNSPECIFIED.,
 .F.,.F.,(3,3),(0.,1.),.PIECEWISE_BEZIER_KNOTS.);
#5364=B_SPLINE_CURVE_WITH_KNOTS('',2,(#9041,#9042,#9043),.UNSPECIFIED.,
 .F.,.F.,(3,3),(0.,1.),.PIECEWISE_BEZIER_KNOTS.);
#5365=B_SPLINE_CURVE_WITH_KNOTS('',2,(#9045,#9046,#9047),.UNSPECIFIED.,
 .F.,.F.,(3,3),(0.,1.),.PIECEWISE_BEZIER_KNOTS.);
#5366=B_SPLINE_CURVE_WITH_KNOTS('',2,(#9069,#9070,#9071,#9072,#9073),
 .UNSPECIFIED.,.F.,.F.,(3,2,3),(-0.019506628738043,0.,1.),
 .PIECEWISE_BEZIER_KNOTS.);
#5367=B_SPLINE_CURVE_WITH_KNOTS('',2,(#9075,#9076,#9077),.UNSPECIFIED.,
 .F.,.F.,(3,3),(0.,1.),.PIECEWISE_BEZIER_KNOTS.);
#5368=B_SPLINE_CURVE_WITH_KNOTS('',2,(#9079,#9080,#9081),.UNSPECIFIED.,
 .F.,.F.,(3,3),(0.,1.),.PIECEWISE_BEZIER_KNOTS.);
#5369=B_SPLINE_CURVE_WITH_KNOTS('',2,(#9083,#9084,#9085),.UNSPECIFIED.,
 .F.,.F.,(3,3),(0.,1.),.PIECEWISE_BEZIER_KNOTS.);
#5370=B_SPLINE_CURVE_WITH_KNOTS('',2,(#9087,#9088,#9089),.UNSPECIFIED.,
 .F.,.F.,(3,3),(0.,1.),.PIECEWISE_BEZIER_KNOTS.);
#5371=B_SPLINE_CURVE_WITH_KNOTS('',2,(#9095,#9096,#9097),.UNSPECIFIED.,
 .F.,.F.,(3,3),(0.,1.),.PIECEWISE_BEZIER_KNOTS.);
#5372=B_SPLINE_CURVE_WITH_KNOTS('',2,(#9099,#9100,#9101),.UNSPECIFIED.,
 .F.,.F.,(3,3),(0.,1.),.PIECEWISE_BEZIER_KNOTS.);
#5373=B_SPLINE_CURVE_WITH_KNOTS('',2,(#9103,#9104,#9105),.UNSPECIFIED.,
 .F.,.F.,(3,3),(0.,1.),.PIECEWISE_BEZIER_KNOTS.);
#5374=B_SPLINE_CURVE_WITH_KNOTS('',2,(#9113,#9114,#9115),.UNSPECIFIED.,
 .F.,.F.,(3,3),(0.,1.),.PIECEWISE_BEZIER_KNOTS.);
#5375=B_SPLINE_CURVE_WITH_KNOTS('',2,(#9117,#9118,#9119),.UNSPECIFIED.,
 .F.,.F.,(3,3),(0.,1.),.PIECEWISE_BEZIER_KNOTS.);
#5376=B_SPLINE_CURVE_WITH_KNOTS('',2,(#9149,#9150,#9151),.UNSPECIFIED.,
 .F.,.F.,(3,3),(0.,1.),.PIECEWISE_BEZIER_KNOTS.);
#5377=B_SPLINE_CURVE_WITH_KNOTS('',2,(#9155,#9156,#9157),.UNSPECIFIED.,
 .F.,.F.,(3,3),(0.,1.),.PIECEWISE_BEZIER_KNOTS.);
#5378=B_SPLINE_CURVE_WITH_KNOTS('',2,(#9172,#9173,#9174),.UNSPECIFIED.,
 .F.,.F.,(3,3),(0.,1.),.PIECEWISE_BEZIER_KNOTS.);
#5379=B_SPLINE_CURVE_WITH_KNOTS('',2,(#9177,#9178,#9179),.UNSPECIFIED.,
 .F.,.F.,(3,3),(0.,1.),.PIECEWISE_BEZIER_KNOTS.);
#5380=B_SPLINE_CURVE_WITH_KNOTS('',2,(#9185,#9186,#9187),.UNSPECIFIED.,
 .F.,.F.,(3,3),(0.,1.),.PIECEWISE_BEZIER_KNOTS.);
#5381=B_SPLINE_CURVE_WITH_KNOTS('',2,(#9189,#9190,#9191),.UNSPECIFIED.,
 .F.,.F.,(3,3),(0.,1.),.PIECEWISE_BEZIER_KNOTS.);
#5382=B_SPLINE_CURVE_WITH_KNOTS('',2,(#9215,#9216,#9217,#9218,#9219),
 .UNSPECIFIED.,.F.,.F.,(3,2,3),(-0.0166765737278522,0.,1.),
 .PIECEWISE_BEZIER_KNOTS.);
#5383=B_SPLINE_CURVE_WITH_KNOTS('',2,(#9229,#9230,#9231),.UNSPECIFIED.,
 .F.,.F.,(3,3),(0.,1.),.PIECEWISE_BEZIER_KNOTS.);
#5384=B_SPLINE_CURVE_WITH_KNOTS('',2,(#9233,#9234,#9235),.UNSPECIFIED.,
 .F.,.F.,(3,3),(0.,1.),.PIECEWISE_BEZIER_KNOTS.);
#5385=B_SPLINE_CURVE_WITH_KNOTS('',2,(#9244,#9245,#9246),.UNSPECIFIED.,
 .F.,.F.,(3,3),(0.,1.),.PIECEWISE_BEZIER_KNOTS.);
#5386=B_SPLINE_CURVE_WITH_KNOTS('',2,(#9249,#9250,#9251),.UNSPECIFIED.,
 .F.,.F.,(3,3),(0.,1.),.PIECEWISE_BEZIER_KNOTS.);
#5387=B_SPLINE_CURVE_WITH_KNOTS('',2,(#9253,#9254,#9255),.UNSPECIFIED.,
 .F.,.F.,(3,3),(0.,1.),.PIECEWISE_BEZIER_KNOTS.);
#5388=B_SPLINE_CURVE_WITH_KNOTS('',2,(#9257,#9258,#9259),.UNSPECIFIED.,
 .F.,.F.,(3,3),(0.,1.),.PIECEWISE_BEZIER_KNOTS.);
#5389=B_SPLINE_CURVE_WITH_KNOTS('',2,(#9261,#9262,#9263),.UNSPECIFIED.,
 .F.,.F.,(3,3),(0.,1.),.PIECEWISE_BEZIER_KNOTS.);
#5390=B_SPLINE_CURVE_WITH_KNOTS('',2,(#9275,#9276,#9277),.UNSPECIFIED.,
 .F.,.F.,(3,3),(0.,1.),.PIECEWISE_BEZIER_KNOTS.);
#5391=B_SPLINE_CURVE_WITH_KNOTS('',2,(#9279,#9280,#9281),.UNSPECIFIED.,
 .F.,.F.,(3,3),(0.,1.),.PIECEWISE_BEZIER_KNOTS.);
#5392=B_SPLINE_CURVE_WITH_KNOTS('',2,(#9283,#9284,#9285),.UNSPECIFIED.,
 .F.,.F.,(3,3),(0.,1.),.PIECEWISE_BEZIER_KNOTS.);
#5393=B_SPLINE_CURVE_WITH_KNOTS('',2,(#9327,#9328,#9329),.UNSPECIFIED.,
 .F.,.F.,(3,3),(0.,1.),.PIECEWISE_BEZIER_KNOTS.);
#5394=B_SPLINE_CURVE_WITH_KNOTS('',2,(#9335,#9336,#9337),.UNSPECIFIED.,
 .F.,.F.,(3,3),(0.,1.),.PIECEWISE_BEZIER_KNOTS.);
#5395=B_SPLINE_CURVE_WITH_KNOTS('',2,(#9343,#9344,#9345),.UNSPECIFIED.,
 .F.,.F.,(3,3),(0.,1.),.PIECEWISE_BEZIER_KNOTS.);
#5396=B_SPLINE_CURVE_WITH_KNOTS('',2,(#9347,#9348,#9349),.UNSPECIFIED.,
 .F.,.F.,(3,3),(0.,1.),.PIECEWISE_BEZIER_KNOTS.);
#5397=B_SPLINE_CURVE_WITH_KNOTS('',2,(#9357,#9358,#9359),.UNSPECIFIED.,
 .F.,.F.,(3,3),(0.,1.),.PIECEWISE_BEZIER_KNOTS.);
#5398=B_SPLINE_CURVE_WITH_KNOTS('',2,(#9975,#9976,#9977),.UNSPECIFIED.,
 .F.,.F.,(3,3),(0.,1.),.PIECEWISE_BEZIER_KNOTS.);
#5399=B_SPLINE_CURVE_WITH_KNOTS('',2,(#9990,#9991,#9992),.UNSPECIFIED.,
 .F.,.F.,(3,3),(0.,1.),.PIECEWISE_BEZIER_KNOTS.);
#5400=B_SPLINE_CURVE_WITH_KNOTS('',2,(#10003,#10004,#10005),
 .UNSPECIFIED.,.F.,.F.,(3,3),(0.,1.),.PIECEWISE_BEZIER_KNOTS.);
#5401=B_SPLINE_CURVE_WITH_KNOTS('',2,(#10016,#10017,#10018),
 .UNSPECIFIED.,.F.,.F.,(3,3),(0.,1.),.PIECEWISE_BEZIER_KNOTS.);
#5402=B_SPLINE_CURVE_WITH_KNOTS('',2,(#10029,#10030,#10031),
 .UNSPECIFIED.,.F.,.F.,(3,3),(0.,1.),.PIECEWISE_BEZIER_KNOTS.);
#5403=B_SPLINE_CURVE_WITH_KNOTS('',2,(#10042,#10043,#10044),
 .UNSPECIFIED.,.F.,.F.,(3,3),(0.,1.),.PIECEWISE_BEZIER_KNOTS.);
#5404=B_SPLINE_CURVE_WITH_KNOTS('',2,(#10055,#10056,#10057),
 .UNSPECIFIED.,.F.,.F.,(3,3),(0.,1.),.PIECEWISE_BEZIER_KNOTS.);
#5405=B_SPLINE_CURVE_WITH_KNOTS('',2,(#10068,#10069,#10070),
 .UNSPECIFIED.,.F.,.F.,(3,3),(0.,1.),.PIECEWISE_BEZIER_KNOTS.);
#5406=B_SPLINE_CURVE_WITH_KNOTS('',2,(#10081,#10082,#10083),
 .UNSPECIFIED.,.F.,.F.,(3,3),(0.,1.),.PIECEWISE_BEZIER_KNOTS.);
#5407=B_SPLINE_CURVE_WITH_KNOTS('',2,(#10098,#10099,#10100),
 .UNSPECIFIED.,.F.,.F.,(3,3),(0.,1.),.PIECEWISE_BEZIER_KNOTS.);
#5408=B_SPLINE_CURVE_WITH_KNOTS('',2,(#10111,#10112,#10113),
 .UNSPECIFIED.,.F.,.F.,(3,3),(0.,1.),.PIECEWISE_BEZIER_KNOTS.);
#5409=B_SPLINE_CURVE_WITH_KNOTS('',2,(#10124,#10125,#10126),
 .UNSPECIFIED.,.F.,.F.,(3,3),(0.,1.),.PIECEWISE_BEZIER_KNOTS.);
#5410=B_SPLINE_CURVE_WITH_KNOTS('',2,(#10137,#10138,#10139),
 .UNSPECIFIED.,.F.,.F.,(3,3),(0.,1.),.PIECEWISE_BEZIER_KNOTS.);
#5411=B_SPLINE_CURVE_WITH_KNOTS('',2,(#10150,#10151,#10152),
 .UNSPECIFIED.,.F.,.F.,(3,3),(0.,1.),.PIECEWISE_BEZIER_KNOTS.);
#5412=B_SPLINE_CURVE_WITH_KNOTS('',2,(#10163,#10164,#10165),
 .UNSPECIFIED.,.F.,.F.,(3,3),(0.,1.),.PIECEWISE_BEZIER_KNOTS.);
#5413=B_SPLINE_CURVE_WITH_KNOTS('',2,(#10176,#10177,#10178),
 .UNSPECIFIED.,.F.,.F.,(3,3),(0.,1.),.PIECEWISE_BEZIER_KNOTS.);
#5414=B_SPLINE_CURVE_WITH_KNOTS('',2,(#10189,#10190,#10191),
 .UNSPECIFIED.,.F.,.F.,(3,3),(0.,1.),.PIECEWISE_BEZIER_KNOTS.);
#5415=B_SPLINE_CURVE_WITH_KNOTS('',2,(#10202,#10203,#10204),
 .UNSPECIFIED.,.F.,.F.,(3,3),(0.,1.),.PIECEWISE_BEZIER_KNOTS.);
#5416=B_SPLINE_CURVE_WITH_KNOTS('',2,(#10215,#10216,#10217),
 .UNSPECIFIED.,.F.,.F.,(3,3),(0.,1.),.PIECEWISE_BEZIER_KNOTS.);
#5417=B_SPLINE_CURVE_WITH_KNOTS('',2,(#10240,#10241,#10242),
 .UNSPECIFIED.,.F.,.F.,(3,3),(0.,1.),.PIECEWISE_BEZIER_KNOTS.);
#5418=B_SPLINE_CURVE_WITH_KNOTS('',2,(#10251,#10252,#10253),
 .UNSPECIFIED.,.F.,.F.,(3,3),(0.,1.),.PIECEWISE_BEZIER_KNOTS.);
#5419=B_SPLINE_CURVE_WITH_KNOTS('',2,(#10263,#10264,#10265),
 .UNSPECIFIED.,.F.,.F.,(3,3),(0.,1.),.PIECEWISE_BEZIER_KNOTS.);
#5420=B_SPLINE_CURVE_WITH_KNOTS('',2,(#10270,#10271,#10272),
 .UNSPECIFIED.,.F.,.F.,(3,3),(0.,1.),.PIECEWISE_BEZIER_KNOTS.);
#5421=B_SPLINE_CURVE_WITH_KNOTS('',2,(#10283,#10284,#10285),
 .UNSPECIFIED.,.F.,.F.,(3,3),(0.,1.),.PIECEWISE_BEZIER_KNOTS.);
#5422=B_SPLINE_CURVE_WITH_KNOTS('',2,(#10289,#10290,#10291),
 .UNSPECIFIED.,.F.,.F.,(3,3),(0.,1.),.PIECEWISE_BEZIER_KNOTS.);
#5423=B_SPLINE_CURVE_WITH_KNOTS('',2,(#10300,#10301,#10302),
 .UNSPECIFIED.,.F.,.F.,(3,3),(0.,1.),.PIECEWISE_BEZIER_KNOTS.);
#5424=B_SPLINE_CURVE_WITH_KNOTS('',2,(#10306,#10307,#10308),
 .UNSPECIFIED.,.F.,.F.,(3,3),(0.,1.),.PIECEWISE_BEZIER_KNOTS.);
#5425=B_SPLINE_CURVE_WITH_KNOTS('',2,(#10317,#10318,#10319),
 .UNSPECIFIED.,.F.,.F.,(3,3),(0.,1.),.PIECEWISE_BEZIER_KNOTS.);
#5426=B_SPLINE_CURVE_WITH_KNOTS('',2,(#10323,#10324,#10325),
 .UNSPECIFIED.,.F.,.F.,(3,3),(0.,1.),.PIECEWISE_BEZIER_KNOTS.);
#5427=B_SPLINE_CURVE_WITH_KNOTS('',2,(#10334,#10335,#10336),
 .UNSPECIFIED.,.F.,.F.,(3,3),(0.,1.),.PIECEWISE_BEZIER_KNOTS.);
#5428=B_SPLINE_CURVE_WITH_KNOTS('',2,(#10340,#10341,#10342),
 .UNSPECIFIED.,.F.,.F.,(3,3),(0.,1.),.PIECEWISE_BEZIER_KNOTS.);
#5429=B_SPLINE_CURVE_WITH_KNOTS('',2,(#10351,#10352,#10353),
 .UNSPECIFIED.,.F.,.F.,(3,3),(0.,1.),.PIECEWISE_BEZIER_KNOTS.);
#5430=B_SPLINE_CURVE_WITH_KNOTS('',2,(#10357,#10358,#10359),
 .UNSPECIFIED.,.F.,.F.,(3,3),(0.,1.),.PIECEWISE_BEZIER_KNOTS.);
#5431=B_SPLINE_CURVE_WITH_KNOTS('',2,(#10368,#10369,#10370),
 .UNSPECIFIED.,.F.,.F.,(3,3),(0.,1.),.PIECEWISE_BEZIER_KNOTS.);
#5432=B_SPLINE_CURVE_WITH_KNOTS('',2,(#10374,#10375,#10376),
 .UNSPECIFIED.,.F.,.F.,(3,3),(0.,1.),.PIECEWISE_BEZIER_KNOTS.);
#5433=B_SPLINE_CURVE_WITH_KNOTS('',2,(#10431,#10432,#10433),
 .UNSPECIFIED.,.F.,.F.,(3,3),(0.,1.),.PIECEWISE_BEZIER_KNOTS.);
#5434=B_SPLINE_CURVE_WITH_KNOTS('',2,(#10444,#10445,#10446),
 .UNSPECIFIED.,.F.,.F.,(3,3),(0.,1.),.PIECEWISE_BEZIER_KNOTS.);
#5435=B_SPLINE_CURVE_WITH_KNOTS('',2,(#10457,#10458,#10459),
 .UNSPECIFIED.,.F.,.F.,(3,3),(0.,1.),.PIECEWISE_BEZIER_KNOTS.);
#5436=B_SPLINE_CURVE_WITH_KNOTS('',2,(#10470,#10471,#10472),
 .UNSPECIFIED.,.F.,.F.,(3,3),(0.,1.),.PIECEWISE_BEZIER_KNOTS.);
#5437=B_SPLINE_CURVE_WITH_KNOTS('',2,(#10483,#10484,#10485),
 .UNSPECIFIED.,.F.,.F.,(3,3),(0.,1.),.PIECEWISE_BEZIER_KNOTS.);
#5438=B_SPLINE_CURVE_WITH_KNOTS('',2,(#10494,#10495,#10496),
 .UNSPECIFIED.,.F.,.F.,(3,3),(0.,1.),.PIECEWISE_BEZIER_KNOTS.);
#5439=B_SPLINE_CURVE_WITH_KNOTS('',2,(#10505,#10506,#10507),
 .UNSPECIFIED.,.F.,.F.,(3,3),(0.,1.),.PIECEWISE_BEZIER_KNOTS.);
#5440=B_SPLINE_CURVE_WITH_KNOTS('',2,(#10508,#10509,#10510),
 .UNSPECIFIED.,.F.,.F.,(3,3),(0.,1.),.PIECEWISE_BEZIER_KNOTS.);
#5441=B_SPLINE_CURVE_WITH_KNOTS('',2,(#10520,#10521,#10522),
 .UNSPECIFIED.,.F.,.F.,(3,3),(0.,1.),.PIECEWISE_BEZIER_KNOTS.);
#5442=B_SPLINE_CURVE_WITH_KNOTS('',2,(#10527,#10528,#10529),
 .UNSPECIFIED.,.F.,.F.,(3,3),(0.,1.),.PIECEWISE_BEZIER_KNOTS.);
#5443=B_SPLINE_CURVE_WITH_KNOTS('',2,(#10540,#10541,#10542),
 .UNSPECIFIED.,.F.,.F.,(3,3),(0.,1.),.PIECEWISE_BEZIER_KNOTS.);
#5444=B_SPLINE_CURVE_WITH_KNOTS('',2,(#10546,#10547,#10548),
 .UNSPECIFIED.,.F.,.F.,(3,3),(0.,1.),.PIECEWISE_BEZIER_KNOTS.);
#5445=B_SPLINE_CURVE_WITH_KNOTS('',2,(#10557,#10558,#10559),
 .UNSPECIFIED.,.F.,.F.,(3,3),(0.,1.),.PIECEWISE_BEZIER_KNOTS.);
#5446=B_SPLINE_CURVE_WITH_KNOTS('',2,(#10563,#10564,#10565),
 .UNSPECIFIED.,.F.,.F.,(3,3),(0.,1.),.PIECEWISE_BEZIER_KNOTS.);
#5447=B_SPLINE_CURVE_WITH_KNOTS('',2,(#10574,#10575,#10576),
 .UNSPECIFIED.,.F.,.F.,(3,3),(0.,1.),.PIECEWISE_BEZIER_KNOTS.);
#5448=B_SPLINE_CURVE_WITH_KNOTS('',2,(#10580,#10581,#10582),
 .UNSPECIFIED.,.F.,.F.,(3,3),(0.,1.),.PIECEWISE_BEZIER_KNOTS.);
#5449=B_SPLINE_CURVE_WITH_KNOTS('',2,(#10591,#10592,#10593),
 .UNSPECIFIED.,.F.,.F.,(3,3),(0.,1.),.PIECEWISE_BEZIER_KNOTS.);
#5450=B_SPLINE_CURVE_WITH_KNOTS('',2,(#10597,#10598,#10599),
 .UNSPECIFIED.,.F.,.F.,(3,3),(0.,1.),.PIECEWISE_BEZIER_KNOTS.);
#5451=B_SPLINE_CURVE_WITH_KNOTS('',2,(#10636,#10637,#10638),
 .UNSPECIFIED.,.F.,.F.,(3,3),(0.,1.),.PIECEWISE_BEZIER_KNOTS.);
#5452=B_SPLINE_CURVE_WITH_KNOTS('',2,(#10649,#10650,#10651),
 .UNSPECIFIED.,.F.,.F.,(3,3),(0.,1.),.PIECEWISE_BEZIER_KNOTS.);
#5453=B_SPLINE_CURVE_WITH_KNOTS('',2,(#10674,#10675,#10676),
 .UNSPECIFIED.,.F.,.F.,(3,3),(0.,1.),.PIECEWISE_BEZIER_KNOTS.);
#5454=B_SPLINE_CURVE_WITH_KNOTS('',2,(#10687,#10688,#10689),
 .UNSPECIFIED.,.F.,.F.,(3,3),(0.,1.),.PIECEWISE_BEZIER_KNOTS.);
#5455=B_SPLINE_CURVE_WITH_KNOTS('',2,(#10700,#10701,#10702),
 .UNSPECIFIED.,.F.,.F.,(3,3),(0.,1.),.PIECEWISE_BEZIER_KNOTS.);
#5456=B_SPLINE_CURVE_WITH_KNOTS('',2,(#10721,#10722,#10723),
 .UNSPECIFIED.,.F.,.F.,(3,3),(0.,1.),.PIECEWISE_BEZIER_KNOTS.);
#5457=B_SPLINE_CURVE_WITH_KNOTS('',2,(#10734,#10735,#10736),
 .UNSPECIFIED.,.F.,.F.,(3,3),(0.,1.),.PIECEWISE_BEZIER_KNOTS.);
#5458=B_SPLINE_CURVE_WITH_KNOTS('',2,(#10747,#10748,#10749),
 .UNSPECIFIED.,.F.,.F.,(3,3),(0.,1.),.PIECEWISE_BEZIER_KNOTS.);
#5459=B_SPLINE_CURVE_WITH_KNOTS('',2,(#10760,#10761,#10762),
 .UNSPECIFIED.,.F.,.F.,(3,3),(0.,1.),.PIECEWISE_BEZIER_KNOTS.);
#5460=B_SPLINE_CURVE_WITH_KNOTS('',2,(#10771,#10772,#10773,#10774,#10775),
 .UNSPECIFIED.,.F.,.F.,(3,2,3),(-0.0195066287380491,0.,1.),
 .PIECEWISE_BEZIER_KNOTS.);
#5461=B_SPLINE_CURVE_WITH_KNOTS('',2,(#10784,#10785,#10786),
 .UNSPECIFIED.,.F.,.F.,(3,3),(0.,1.),.PIECEWISE_BEZIER_KNOTS.);
#5462=B_SPLINE_CURVE_WITH_KNOTS('',2,(#10787,#10788,#10789),
 .UNSPECIFIED.,.F.,.F.,(3,3),(0.,1.),.PIECEWISE_BEZIER_KNOTS.);
#5463=B_SPLINE_CURVE_WITH_KNOTS('',2,(#10799,#10800,#10801),
 .UNSPECIFIED.,.F.,.F.,(3,3),(0.,1.),.PIECEWISE_BEZIER_KNOTS.);
#5464=B_SPLINE_CURVE_WITH_KNOTS('',2,(#10806,#10807,#10808),
 .UNSPECIFIED.,.F.,.F.,(3,3),(0.,1.),.PIECEWISE_BEZIER_KNOTS.);
#5465=B_SPLINE_CURVE_WITH_KNOTS('',2,(#10819,#10820,#10821),
 .UNSPECIFIED.,.F.,.F.,(3,3),(0.,1.),.PIECEWISE_BEZIER_KNOTS.);
#5466=B_SPLINE_CURVE_WITH_KNOTS('',2,(#10825,#10826,#10827),
 .UNSPECIFIED.,.F.,.F.,(3,3),(0.,1.),.PIECEWISE_BEZIER_KNOTS.);
#5467=B_SPLINE_CURVE_WITH_KNOTS('',2,(#10836,#10837,#10838),
 .UNSPECIFIED.,.F.,.F.,(3,3),(0.,1.),.PIECEWISE_BEZIER_KNOTS.);
#5468=B_SPLINE_CURVE_WITH_KNOTS('',2,(#10842,#10843,#10844),
 .UNSPECIFIED.,.F.,.F.,(3,3),(0.,1.),.PIECEWISE_BEZIER_KNOTS.);
#5469=B_SPLINE_CURVE_WITH_KNOTS('',2,(#10853,#10854,#10855),
 .UNSPECIFIED.,.F.,.F.,(3,3),(0.,1.),.PIECEWISE_BEZIER_KNOTS.);
#5470=B_SPLINE_CURVE_WITH_KNOTS('',2,(#10859,#10860,#10861),
 .UNSPECIFIED.,.F.,.F.,(3,3),(0.,1.),.PIECEWISE_BEZIER_KNOTS.);
#5471=B_SPLINE_CURVE_WITH_KNOTS('',2,(#10876,#10877,#10878),
 .UNSPECIFIED.,.F.,.F.,(3,3),(0.,1.),.PIECEWISE_BEZIER_KNOTS.);
#5472=B_SPLINE_CURVE_WITH_KNOTS('',2,(#10882,#10883,#10884),
 .UNSPECIFIED.,.F.,.F.,(3,3),(0.,1.),.PIECEWISE_BEZIER_KNOTS.);
#5473=B_SPLINE_CURVE_WITH_KNOTS('',2,(#10893,#10894,#10895),
 .UNSPECIFIED.,.F.,.F.,(3,3),(0.,1.),.PIECEWISE_BEZIER_KNOTS.);
#5474=B_SPLINE_CURVE_WITH_KNOTS('',2,(#10899,#10900,#10901),
 .UNSPECIFIED.,.F.,.F.,(3,3),(0.,1.),.PIECEWISE_BEZIER_KNOTS.);
#5475=B_SPLINE_CURVE_WITH_KNOTS('',2,(#10924,#10925,#10926),
 .UNSPECIFIED.,.F.,.F.,(3,3),(0.,1.),.PIECEWISE_BEZIER_KNOTS.);
#5476=B_SPLINE_CURVE_WITH_KNOTS('',2,(#10937,#10938,#10939),
 .UNSPECIFIED.,.F.,.F.,(3,3),(0.,1.),.PIECEWISE_BEZIER_KNOTS.);
#5477=B_SPLINE_CURVE_WITH_KNOTS('',2,(#10950,#10951,#10952),
 .UNSPECIFIED.,.F.,.F.,(3,3),(0.,1.),.PIECEWISE_BEZIER_KNOTS.);
#5478=B_SPLINE_CURVE_WITH_KNOTS('',2,(#10963,#10964,#10965),
 .UNSPECIFIED.,.F.,.F.,(3,3),(0.,1.),.PIECEWISE_BEZIER_KNOTS.);
#5479=B_SPLINE_CURVE_WITH_KNOTS('',2,(#10980,#10981,#10982,#10983,#10984),
 .UNSPECIFIED.,.F.,.F.,(3,2,3),(-0.0216221869194702,0.,1.),
 .PIECEWISE_BEZIER_KNOTS.);
#5480=B_SPLINE_CURVE_WITH_KNOTS('',2,(#11023,#11024,#11025),
 .UNSPECIFIED.,.F.,.F.,(3,3),(0.,1.),.PIECEWISE_BEZIER_KNOTS.);
#5481=B_SPLINE_CURVE_WITH_KNOTS('',2,(#11026,#11027,#11028),
 .UNSPECIFIED.,.F.,.F.,(3,3),(0.,1.),.PIECEWISE_BEZIER_KNOTS.);
#5482=B_SPLINE_CURVE_WITH_KNOTS('',2,(#11038,#11039,#11040),
 .UNSPECIFIED.,.F.,.F.,(3,3),(0.,1.),.PIECEWISE_BEZIER_KNOTS.);
#5483=B_SPLINE_CURVE_WITH_KNOTS('',2,(#11045,#11046,#11047),
 .UNSPECIFIED.,.F.,.F.,(3,3),(0.,1.),.PIECEWISE_BEZIER_KNOTS.);
#5484=B_SPLINE_CURVE_WITH_KNOTS('',2,(#11058,#11059,#11060),
 .UNSPECIFIED.,.F.,.F.,(3,3),(0.,1.),.PIECEWISE_BEZIER_KNOTS.);
#5485=B_SPLINE_CURVE_WITH_KNOTS('',2,(#11064,#11065,#11066),
 .UNSPECIFIED.,.F.,.F.,(3,3),(0.,1.),.PIECEWISE_BEZIER_KNOTS.);
#5486=B_SPLINE_CURVE_WITH_KNOTS('',2,(#11075,#11076,#11077),
 .UNSPECIFIED.,.F.,.F.,(3,3),(0.,1.),.PIECEWISE_BEZIER_KNOTS.);
#5487=B_SPLINE_CURVE_WITH_KNOTS('',2,(#11081,#11082,#11083),
 .UNSPECIFIED.,.F.,.F.,(3,3),(0.,1.),.PIECEWISE_BEZIER_KNOTS.);
#5488=B_SPLINE_CURVE_WITH_KNOTS('',2,(#11092,#11093,#11094),
 .UNSPECIFIED.,.F.,.F.,(3,3),(0.,1.),.PIECEWISE_BEZIER_KNOTS.);
#5489=B_SPLINE_CURVE_WITH_KNOTS('',2,(#11098,#11099,#11100),
 .UNSPECIFIED.,.F.,.F.,(3,3),(0.,1.),.PIECEWISE_BEZIER_KNOTS.);
#5490=B_SPLINE_CURVE_WITH_KNOTS('',2,(#11109,#11110,#11111),
 .UNSPECIFIED.,.F.,.F.,(3,3),(0.,1.),.PIECEWISE_BEZIER_KNOTS.);
#5491=B_SPLINE_CURVE_WITH_KNOTS('',2,(#11115,#11116,#11117),
 .UNSPECIFIED.,.F.,.F.,(3,3),(0.,1.),.PIECEWISE_BEZIER_KNOTS.);
#5492=B_SPLINE_CURVE_WITH_KNOTS('',2,(#11126,#11127,#11128),
 .UNSPECIFIED.,.F.,.F.,(3,3),(0.,1.),.PIECEWISE_BEZIER_KNOTS.);
#5493=B_SPLINE_CURVE_WITH_KNOTS('',2,(#11132,#11133,#11134),
 .UNSPECIFIED.,.F.,.F.,(3,3),(0.,1.),.PIECEWISE_BEZIER_KNOTS.);
#5494=B_SPLINE_CURVE_WITH_KNOTS('',2,(#11143,#11144,#11145),
 .UNSPECIFIED.,.F.,.F.,(3,3),(0.,1.),.PIECEWISE_BEZIER_KNOTS.);
#5495=B_SPLINE_CURVE_WITH_KNOTS('',2,(#11149,#11150,#11151),
 .UNSPECIFIED.,.F.,.F.,(3,3),(0.,1.),.PIECEWISE_BEZIER_KNOTS.);
#5496=B_SPLINE_CURVE_WITH_KNOTS('',2,(#11162,#11163,#11164),
 .UNSPECIFIED.,.F.,.F.,(3,3),(0.,1.),.PIECEWISE_BEZIER_KNOTS.);
#5497=B_SPLINE_CURVE_WITH_KNOTS('',2,(#11177,#11178,#11179),
 .UNSPECIFIED.,.F.,.F.,(3,3),(0.,1.),.PIECEWISE_BEZIER_KNOTS.);
#5498=B_SPLINE_CURVE_WITH_KNOTS('',2,(#11190,#11191,#11192),
 .UNSPECIFIED.,.F.,.F.,(3,3),(0.,1.),.PIECEWISE_BEZIER_KNOTS.);
#5499=B_SPLINE_CURVE_WITH_KNOTS('',2,(#11203,#11204,#11205),
 .UNSPECIFIED.,.F.,.F.,(3,3),(0.,1.),.PIECEWISE_BEZIER_KNOTS.);
#5500=B_SPLINE_CURVE_WITH_KNOTS('',2,(#11216,#11217,#11218),
 .UNSPECIFIED.,.F.,.F.,(3,3),(0.,1.),.PIECEWISE_BEZIER_KNOTS.);
#5501=B_SPLINE_CURVE_WITH_KNOTS('',2,(#11229,#11230,#11231),
 .UNSPECIFIED.,.F.,.F.,(3,3),(0.,1.),.PIECEWISE_BEZIER_KNOTS.);
#5502=B_SPLINE_CURVE_WITH_KNOTS('',2,(#11248,#11249,#11250),
 .UNSPECIFIED.,.F.,.F.,(3,3),(0.,1.),.PIECEWISE_BEZIER_KNOTS.);
#5503=B_SPLINE_CURVE_WITH_KNOTS('',2,(#11259,#11260,#11261),
 .UNSPECIFIED.,.F.,.F.,(3,3),(0.,1.),.PIECEWISE_BEZIER_KNOTS.);
#5504=B_SPLINE_CURVE_WITH_KNOTS('',2,(#11262,#11263,#11264),
 .UNSPECIFIED.,.F.,.F.,(3,3),(0.,1.),.PIECEWISE_BEZIER_KNOTS.);
#5505=B_SPLINE_CURVE_WITH_KNOTS('',2,(#11274,#11275,#11276),
 .UNSPECIFIED.,.F.,.F.,(3,3),(0.,1.),.PIECEWISE_BEZIER_KNOTS.);
#5506=B_SPLINE_CURVE_WITH_KNOTS('',2,(#11281,#11282,#11283),
 .UNSPECIFIED.,.F.,.F.,(3,3),(0.,1.),.PIECEWISE_BEZIER_KNOTS.);
#5507=B_SPLINE_CURVE_WITH_KNOTS('',2,(#11294,#11295,#11296),
 .UNSPECIFIED.,.F.,.F.,(3,3),(0.,1.),.PIECEWISE_BEZIER_KNOTS.);
#5508=B_SPLINE_CURVE_WITH_KNOTS('',2,(#11300,#11301,#11302),
 .UNSPECIFIED.,.F.,.F.,(3,3),(0.,1.),.PIECEWISE_BEZIER_KNOTS.);
#5509=B_SPLINE_CURVE_WITH_KNOTS('',2,(#11311,#11312,#11313),
 .UNSPECIFIED.,.F.,.F.,(3,3),(0.,1.),.PIECEWISE_BEZIER_KNOTS.);
#5510=B_SPLINE_CURVE_WITH_KNOTS('',2,(#11317,#11318,#11319),
 .UNSPECIFIED.,.F.,.F.,(3,3),(0.,1.),.PIECEWISE_BEZIER_KNOTS.);
#5511=B_SPLINE_CURVE_WITH_KNOTS('',2,(#11328,#11329,#11330),
 .UNSPECIFIED.,.F.,.F.,(3,3),(0.,1.),.PIECEWISE_BEZIER_KNOTS.);
#5512=B_SPLINE_CURVE_WITH_KNOTS('',2,(#11334,#11335,#11336),
 .UNSPECIFIED.,.F.,.F.,(3,3),(0.,1.),.PIECEWISE_BEZIER_KNOTS.);
#5513=B_SPLINE_CURVE_WITH_KNOTS('',2,(#11345,#11346,#11347),
 .UNSPECIFIED.,.F.,.F.,(3,3),(0.,1.),.PIECEWISE_BEZIER_KNOTS.);
#5514=B_SPLINE_CURVE_WITH_KNOTS('',2,(#11351,#11352,#11353),
 .UNSPECIFIED.,.F.,.F.,(3,3),(0.,1.),.PIECEWISE_BEZIER_KNOTS.);
#5515=B_SPLINE_CURVE_WITH_KNOTS('',2,(#11390,#11391,#11392),
 .UNSPECIFIED.,.F.,.F.,(3,3),(0.,1.),.PIECEWISE_BEZIER_KNOTS.);
#5516=B_SPLINE_CURVE_WITH_KNOTS('',2,(#11403,#11404,#11405),
 .UNSPECIFIED.,.F.,.F.,(3,3),(0.,1.),.PIECEWISE_BEZIER_KNOTS.);
#5517=B_SPLINE_CURVE_WITH_KNOTS('',2,(#11428,#11429,#11430),
 .UNSPECIFIED.,.F.,.F.,(3,3),(0.,1.),.PIECEWISE_BEZIER_KNOTS.);
#5518=B_SPLINE_CURVE_WITH_KNOTS('',2,(#11441,#11442,#11443),
 .UNSPECIFIED.,.F.,.F.,(3,3),(0.,1.),.PIECEWISE_BEZIER_KNOTS.);
#5519=B_SPLINE_CURVE_WITH_KNOTS('',2,(#11454,#11455,#11456),
 .UNSPECIFIED.,.F.,.F.,(3,3),(0.,1.),.PIECEWISE_BEZIER_KNOTS.);
#5520=B_SPLINE_CURVE_WITH_KNOTS('',2,(#11475,#11476,#11477),
 .UNSPECIFIED.,.F.,.F.,(3,3),(0.,1.),.PIECEWISE_BEZIER_KNOTS.);
#5521=B_SPLINE_CURVE_WITH_KNOTS('',2,(#11488,#11489,#11490),
 .UNSPECIFIED.,.F.,.F.,(3,3),(0.,1.),.PIECEWISE_BEZIER_KNOTS.);
#5522=B_SPLINE_CURVE_WITH_KNOTS('',2,(#11501,#11502,#11503),
 .UNSPECIFIED.,.F.,.F.,(3,3),(0.,1.),.PIECEWISE_BEZIER_KNOTS.);
#5523=B_SPLINE_CURVE_WITH_KNOTS('',2,(#11514,#11515,#11516),
 .UNSPECIFIED.,.F.,.F.,(3,3),(0.,1.),.PIECEWISE_BEZIER_KNOTS.);
#5524=B_SPLINE_CURVE_WITH_KNOTS('',2,(#11525,#11526,#11527,#11528,#11529),
 .UNSPECIFIED.,.F.,.F.,(3,2,3),(-0.019506628738043,0.,1.),
 .PIECEWISE_BEZIER_KNOTS.);
#5525=B_SPLINE_CURVE_WITH_KNOTS('',2,(#11538,#11539,#11540),
 .UNSPECIFIED.,.F.,.F.,(3,3),(0.,1.),.PIECEWISE_BEZIER_KNOTS.);
#5526=B_SPLINE_CURVE_WITH_KNOTS('',2,(#11541,#11542,#11543),
 .UNSPECIFIED.,.F.,.F.,(3,3),(0.,1.),.PIECEWISE_BEZIER_KNOTS.);
#5527=B_SPLINE_CURVE_WITH_KNOTS('',2,(#11614,#11615,#11616),
 .UNSPECIFIED.,.F.,.F.,(3,3),(0.,1.),.PIECEWISE_BEZIER_KNOTS.);
#5528=B_SPLINE_CURVE_WITH_KNOTS('',2,(#11631,#11632,#11633),
 .UNSPECIFIED.,.F.,.F.,(3,3),(0.,1.),.PIECEWISE_BEZIER_KNOTS.);
#5529=B_SPLINE_CURVE_WITH_KNOTS('',2,(#11668,#11669,#11670),
 .UNSPECIFIED.,.F.,.F.,(3,3),(0.,1.),.PIECEWISE_BEZIER_KNOTS.);
#5530=B_SPLINE_CURVE_WITH_KNOTS('',2,(#11683,#11684,#11685),
 .UNSPECIFIED.,.F.,.F.,(3,3),(0.,1.),.PIECEWISE_BEZIER_KNOTS.);
#5531=B_SPLINE_CURVE_WITH_KNOTS('',2,(#11704,#11705,#11706),
 .UNSPECIFIED.,.F.,.F.,(3,3),(0.,1.),.PIECEWISE_BEZIER_KNOTS.);
#5532=B_SPLINE_CURVE_WITH_KNOTS('',2,(#11717,#11718,#11719),
 .UNSPECIFIED.,.F.,.F.,(3,3),(0.,1.),.PIECEWISE_BEZIER_KNOTS.);
#5533=B_SPLINE_CURVE_WITH_KNOTS('',2,(#11781,#11782,#11783,#11784,#11785),
 .UNSPECIFIED.,.F.,.F.,(3,2,3),(-0.0166765737278522,0.,1.),
 .PIECEWISE_BEZIER_KNOTS.);
#5534=B_SPLINE_CURVE_WITH_KNOTS('',2,(#11816,#11817,#11818),
 .UNSPECIFIED.,.F.,.F.,(3,3),(0.,1.),.PIECEWISE_BEZIER_KNOTS.);
#5535=B_SPLINE_CURVE_WITH_KNOTS('',2,(#11829,#11830,#11831),
 .UNSPECIFIED.,.F.,.F.,(3,3),(0.,1.),.PIECEWISE_BEZIER_KNOTS.);
#5536=B_SPLINE_CURVE_WITH_KNOTS('',2,(#11849,#11850,#11851),
 .UNSPECIFIED.,.F.,.F.,(3,3),(0.,1.),.PIECEWISE_BEZIER_KNOTS.);
#5537=B_SPLINE_CURVE_WITH_KNOTS('',2,(#11864,#11865,#11866),
 .UNSPECIFIED.,.F.,.F.,(3,3),(0.,1.),.PIECEWISE_BEZIER_KNOTS.);
#5538=B_SPLINE_CURVE_WITH_KNOTS('',2,(#11885,#11886,#11887),
 .UNSPECIFIED.,.F.,.F.,(3,3),(0.,1.),.PIECEWISE_BEZIER_KNOTS.);
#5539=B_SPLINE_CURVE_WITH_KNOTS('',2,(#11898,#11899,#11900),
 .UNSPECIFIED.,.F.,.F.,(3,3),(0.,1.),.PIECEWISE_BEZIER_KNOTS.);
#5540=B_SPLINE_CURVE_WITH_KNOTS('',2,(#11911,#11912,#11913),
 .UNSPECIFIED.,.F.,.F.,(3,3),(0.,1.),.PIECEWISE_BEZIER_KNOTS.);
#5541=B_SPLINE_CURVE_WITH_KNOTS('',2,(#11944,#11945,#11946),
 .UNSPECIFIED.,.F.,.F.,(3,3),(0.,1.),.PIECEWISE_BEZIER_KNOTS.);
#5542=B_SPLINE_CURVE_WITH_KNOTS('',2,(#11957,#11958,#11959),
 .UNSPECIFIED.,.F.,.F.,(3,3),(0.,1.),.PIECEWISE_BEZIER_KNOTS.);
#5543=B_SPLINE_CURVE_WITH_KNOTS('',2,(#11968,#11969,#11970),
 .UNSPECIFIED.,.F.,.F.,(3,3),(0.,1.),.PIECEWISE_BEZIER_KNOTS.);
#5544=B_SPLINE_CURVE_WITH_KNOTS('',2,(#12057,#12058,#12059),
 .UNSPECIFIED.,.F.,.F.,(3,3),(0.,1.),.PIECEWISE_BEZIER_KNOTS.);
#5545=B_SPLINE_CURVE_WITH_KNOTS('',2,(#12082,#12083,#12084),
 .UNSPECIFIED.,.F.,.F.,(3,3),(0.,1.),.PIECEWISE_BEZIER_KNOTS.);
#5546=B_SPLINE_CURVE_WITH_KNOTS('',2,(#12095,#12096,#12097),
 .UNSPECIFIED.,.F.,.F.,(3,3),(0.,1.),.PIECEWISE_BEZIER_KNOTS.);
#5547=B_SPLINE_CURVE_WITH_KNOTS('',2,(#12116,#12117,#12118),
 .UNSPECIFIED.,.F.,.F.,(3,3),(0.,1.),.PIECEWISE_BEZIER_KNOTS.);
#5548=B_SPLINE_CURVE_WITH_KNOTS('',2,(#12137,#12138,#12139),
 .UNSPECIFIED.,.F.,.F.,(3,3),(0.,1.),.PIECEWISE_BEZIER_KNOTS.);
#5549=EDGE_LOOP('',(#1601,#1602,#1603,#1604,#1605,#1606,#1607,#1608,#1609));
#5550=EDGE_LOOP('',(#1610,#1611,#1612,#1613,#1614,#1615,#1616,#1617,#1618,
#1619,#1620,#1621,#1622,#1623,#1624,#1625,#1626,#1627));
#5551=EDGE_LOOP('',(#1628,#1629,#1630,#1631,#1632,#1633,#1634,#1635,#1636,
#1637,#1638,#1639,#1640,#1641,#1642,#1643,#1644,#1645,#1646,#1647,#1648,
#1649,#1650,#1651,#1652));
#5552=EDGE_LOOP('',(#1653,#1654,#1655,#1656,#1657,#1658,#1659));
#5553=EDGE_LOOP('',(#1660,#1661,#1662,#1663,#1664,#1665,#1666,#1667,#1668,
#1669,#1670,#1671,#1672,#1673,#1674));
#5554=EDGE_LOOP('',(#1675,#1676,#1677,#1678,#1679,#1680,#1681,#1682,#1683,
#1684,#1685,#1686,#1687,#1688,#1689));
#5555=EDGE_LOOP('',(#1690,#1691,#1692,#1693,#1694,#1695,#1696,#1697,#1698,
#1699,#1700,#1701,#1702,#1703,#1704,#1705,#1706,#1707));
#5556=EDGE_LOOP('',(#1708,#1709,#1710,#1711,#1712,#1713,#1714,#1715,#1716));
#5557=EDGE_LOOP('',(#1717,#1718,#1719,#1720,#1721,#1722,#1723,#1724,#1725,
#1726));
#5558=EDGE_LOOP('',(#1727,#1728,#1729,#1730));
#5559=EDGE_LOOP('',(#1731,#1732,#1733,#1734,#1735,#1736,#1737,#1738));
#5560=EDGE_LOOP('',(#1739,#1740,#1741,#1742));
#5561=EDGE_LOOP('',(#1743,#1744,#1745,#1746));
#5562=EDGE_LOOP('',(#1747,#1748,#1749,#1750,#1751,#1752,#1753,#1754,#1755,
#1756,#1757,#1758));
#5563=EDGE_LOOP('',(#1759,#1760,#1761,#1762,#1763,#1764,#1765,#1766,#1767,
#1768,#1769,#1770,#1771,#1772,#1773));
#5564=EDGE_LOOP('',(#1774,#1775,#1776,#1777,#1778,#1779,#1780,#1781,#1782,
#1783,#1784,#1785,#1786,#1787,#1788));
#5565=EDGE_LOOP('',(#1789,#1790,#1791,#1792,#1793,#1794,#1795,#1796,#1797,
#1798,#1799,#1800,#1801,#1802,#1803,#1804));
#5566=EDGE_LOOP('',(#1805));
#5567=EDGE_LOOP('',(#1806,#1807,#1808,#1809,#1810,#1811));
#5568=EDGE_LOOP('',(#1812));
#5569=EDGE_LOOP('',(#1813,#1814,#1815,#1816,#1817,#1818));
#5570=EDGE_LOOP('',(#1819,#1820,#1821,#1822,#1823,#1824));
#5571=EDGE_LOOP('',(#1825));
#5572=EDGE_LOOP('',(#1826,#1827,#1828,#1829,#1830,#1831));
#5573=EDGE_LOOP('',(#1832));
#5574=EDGE_LOOP('',(#1833,#1834,#1835,#1836,#1837,#1838,#1839,#1840,#1841,
#1842,#1843,#1844));
#5575=EDGE_LOOP('',(#1845,#1846,#1847,#1848,#1849,#1850,#1851,#1852));
#5576=EDGE_LOOP('',(#1853,#1854,#1855,#1856,#1857,#1858,#1859,#1860));
#5577=EDGE_LOOP('',(#1861,#1862,#1863,#1864,#1865,#1866,#1867,#1868));
#5578=EDGE_LOOP('',(#1869,#1870,#1871,#1872,#1873,#1874,#1875,#1876));
#5579=EDGE_LOOP('',(#1877,#1878,#1879,#1880,#1881,#1882,#1883,#1884));
#5580=EDGE_LOOP('',(#1885,#1886,#1887,#1888,#1889,#1890,#1891,#1892));
#5581=EDGE_LOOP('',(#1893,#1894,#1895,#1896,#1897,#1898,#1899,#1900));
#5582=EDGE_LOOP('',(#1901));
#5583=EDGE_LOOP('',(#1902));
#5584=EDGE_LOOP('',(#1903,#1904,#1905,#1906,#1907,#1908,#1909,#1910));
#5585=EDGE_LOOP('',(#1911,#1912,#1913,#1914,#1915,#1916,#1917,#1918));
#5586=EDGE_LOOP('',(#1919,#1920,#1921,#1922,#1923,#1924,#1925,#1926));
#5587=EDGE_LOOP('',(#1927,#1928,#1929,#1930,#1931,#1932,#1933,#1934));
#5588=EDGE_LOOP('',(#1935,#1936,#1937,#1938,#1939,#1940,#1941,#1942));
#5589=EDGE_LOOP('',(#1943,#1944,#1945,#1946,#1947,#1948,#1949,#1950));
#5590=EDGE_LOOP('',(#1951,#1952,#1953,#1954,#1955,#1956,#1957,#1958));
#5591=EDGE_LOOP('',(#1959,#1960,#1961,#1962,#1963,#1964,#1965,#1966));
#5592=EDGE_LOOP('',(#1967));
#5593=EDGE_LOOP('',(#1968));
#5594=EDGE_LOOP('',(#1969,#1970,#1971,#1972));
#5595=EDGE_LOOP('',(#1973,#1974,#1975,#1976));
#5596=EDGE_LOOP('',(#1977,#1978,#1979,#1980));
#5597=EDGE_LOOP('',(#1981,#1982,#1983,#1984));
#5598=EDGE_LOOP('',(#1985,#1986,#1987,#1988));
#5599=EDGE_LOOP('',(#1989,#1990,#1991,#1992));
#5600=EDGE_LOOP('',(#1993,#1994,#1995,#1996));
#5601=EDGE_LOOP('',(#1997,#1998,#1999,#2000));
#5602=EDGE_LOOP('',(#2001,#2002,#2003,#2004));
#5603=EDGE_LOOP('',(#2005,#2006,#2007,#2008));
#5604=EDGE_LOOP('',(#2009,#2010,#2011,#2012));
#5605=EDGE_LOOP('',(#2013,#2014,#2015,#2016));
#5606=EDGE_LOOP('',(#2017,#2018,#2019,#2020));
#5607=EDGE_LOOP('',(#2021,#2022,#2023,#2024));
#5608=EDGE_LOOP('',(#2025,#2026,#2027,#2028));
#5609=EDGE_LOOP('',(#2029,#2030,#2031,#2032));
#5610=EDGE_LOOP('',(#2033,#2034,#2035,#2036));
#5611=EDGE_LOOP('',(#2037,#2038,#2039,#2040));
#5612=EDGE_LOOP('',(#2041,#2042,#2043,#2044));
#5613=EDGE_LOOP('',(#2045,#2046,#2047,#2048));
#5614=EDGE_LOOP('',(#2049,#2050,#2051,#2052));
#5615=EDGE_LOOP('',(#2053,#2054,#2055,#2056));
#5616=EDGE_LOOP('',(#2057,#2058,#2059,#2060));
#5617=EDGE_LOOP('',(#2061,#2062,#2063,#2064));
#5618=EDGE_LOOP('',(#2065,#2066,#2067,#2068));
#5619=EDGE_LOOP('',(#2069,#2070,#2071,#2072));
#5620=EDGE_LOOP('',(#2073,#2074,#2075,#2076));
#5621=EDGE_LOOP('',(#2077,#2078,#2079,#2080));
#5622=EDGE_LOOP('',(#2081,#2082,#2083,#2084));
#5623=EDGE_LOOP('',(#2085,#2086,#2087,#2088));
#5624=EDGE_LOOP('',(#2089,#2090,#2091,#2092));
#5625=EDGE_LOOP('',(#2093,#2094,#2095,#2096));
#5626=EDGE_LOOP('',(#2097,#2098,#2099,#2100));
#5627=EDGE_LOOP('',(#2101,#2102,#2103,#2104));
#5628=EDGE_LOOP('',(#2105,#2106,#2107,#2108));
#5629=EDGE_LOOP('',(#2109,#2110,#2111,#2112));
#5630=EDGE_LOOP('',(#2113,#2114,#2115,#2116));
#5631=EDGE_LOOP('',(#2117,#2118,#2119,#2120));
#5632=EDGE_LOOP('',(#2121,#2122,#2123,#2124));
#5633=EDGE_LOOP('',(#2125,#2126,#2127,#2128));
#5634=EDGE_LOOP('',(#2129,#2130,#2131,#2132));
#5635=EDGE_LOOP('',(#2133,#2134,#2135,#2136));
#5636=EDGE_LOOP('',(#2137,#2138,#2139,#2140));
#5637=EDGE_LOOP('',(#2141,#2142,#2143,#2144));
#5638=EDGE_LOOP('',(#2145,#2146,#2147,#2148));
#5639=EDGE_LOOP('',(#2149,#2150,#2151,#2152));
#5640=EDGE_LOOP('',(#2153,#2154,#2155,#2156));
#5641=EDGE_LOOP('',(#2157,#2158,#2159,#2160));
#5642=EDGE_LOOP('',(#2161,#2162,#2163,#2164));
#5643=EDGE_LOOP('',(#2165,#2166,#2167,#2168,#2169,#2170,#2171,#2172,#2173,
#2174,#2175));
#5644=EDGE_LOOP('',(#2176,#2177,#2178,#2179,#2180,#2181,#2182,#2183,#2184,
#2185,#2186));
#5645=EDGE_LOOP('',(#2187,#2188,#2189,#2190,#2191,#2192,#2193,#2194));
#5646=EDGE_LOOP('',(#2195,#2196,#2197,#2198));
#5647=EDGE_LOOP('',(#2199,#2200,#2201,#2202));
#5648=EDGE_LOOP('',(#2203,#2204,#2205,#2206));
#5649=EDGE_LOOP('',(#2207,#2208,#2209,#2210));
#5650=EDGE_LOOP('',(#2211,#2212,#2213,#2214));
#5651=EDGE_LOOP('',(#2215,#2216,#2217,#2218));
#5652=EDGE_LOOP('',(#2219,#2220,#2221,#2222,#2223,#2224,#2225,#2226));
#5653=EDGE_LOOP('',(#2227,#2228,#2229,#2230));
#5654=EDGE_LOOP('',(#2231));
#5655=EDGE_LOOP('',(#2232));
#5656=EDGE_LOOP('',(#2233));
#5657=EDGE_LOOP('',(#2234));
#5658=EDGE_LOOP('',(#2235));
#5659=EDGE_LOOP('',(#2236));
#5660=EDGE_LOOP('',(#2237));
#5661=EDGE_LOOP('',(#2238));
#5662=EDGE_LOOP('',(#2239,#2240,#2241,#2242));
#5663=EDGE_LOOP('',(#2243,#2244,#2245,#2246));
#5664=EDGE_LOOP('',(#2247,#2248,#2249,#2250));
#5665=EDGE_LOOP('',(#2251,#2252,#2253,#2254));
#5666=EDGE_LOOP('',(#2255,#2256,#2257,#2258));
#5667=EDGE_LOOP('',(#2259,#2260,#2261,#2262));
#5668=EDGE_LOOP('',(#2263,#2264,#2265,#2266));
#5669=EDGE_LOOP('',(#2267,#2268,#2269,#2270));
#5670=EDGE_LOOP('',(#2271,#2272,#2273,#2274));
#5671=EDGE_LOOP('',(#2275,#2276,#2277,#2278));
#5672=EDGE_LOOP('',(#2279,#2280,#2281,#2282));
#5673=EDGE_LOOP('',(#2283,#2284,#2285,#2286));
#5674=EDGE_LOOP('',(#2287,#2288,#2289,#2290));
#5675=EDGE_LOOP('',(#2291,#2292,#2293,#2294));
#5676=EDGE_LOOP('',(#2295,#2296,#2297,#2298));
#5677=EDGE_LOOP('',(#2299,#2300,#2301,#2302,#2303,#2304));
#5678=EDGE_LOOP('',(#2305,#2306,#2307,#2308));
#5679=EDGE_LOOP('',(#2309,#2310,#2311,#2312,#2313,#2314));
#5680=EDGE_LOOP('',(#2315,#2316,#2317,#2318));
#5681=EDGE_LOOP('',(#2319,#2320,#2321,#2322));
#5682=EDGE_LOOP('',(#2323,#2324,#2325,#2326,#2327,#2328,#2329,#2330,#2331,
#2332,#2333,#2334,#2335,#2336,#2337,#2338,#2339,#2340,#2341,#2342,#2343,
#2344,#2345,#2346));
#5683=EDGE_LOOP('',(#2347,#2348,#2349,#2350));
#5684=EDGE_LOOP('',(#2351,#2352,#2353,#2354));
#5685=EDGE_LOOP('',(#2355,#2356,#2357,#2358));
#5686=EDGE_LOOP('',(#2359,#2360,#2361,#2362));
#5687=EDGE_LOOP('',(#2363,#2364,#2365,#2366));
#5688=EDGE_LOOP('',(#2367,#2368,#2369,#2370));
#5689=EDGE_LOOP('',(#2371,#2372,#2373,#2374));
#5690=EDGE_LOOP('',(#2375,#2376,#2377,#2378));
#5691=EDGE_LOOP('',(#2379,#2380,#2381,#2382));
#5692=EDGE_LOOP('',(#2383,#2384,#2385));
#5693=EDGE_LOOP('',(#2386,#2387,#2388,#2389));
#5694=EDGE_LOOP('',(#2390,#2391,#2392,#2393));
#5695=EDGE_LOOP('',(#2394,#2395,#2396,#2397));
#5696=EDGE_LOOP('',(#2398,#2399,#2400,#2401));
#5697=EDGE_LOOP('',(#2402,#2403,#2404,#2405));
#5698=EDGE_LOOP('',(#2406,#2407,#2408,#2409));
#5699=EDGE_LOOP('',(#2410,#2411,#2412,#2413));
#5700=EDGE_LOOP('',(#2414,#2415,#2416,#2417));
#5701=EDGE_LOOP('',(#2418,#2419,#2420,#2421));
#5702=EDGE_LOOP('',(#2422,#2423,#2424,#2425));
#5703=EDGE_LOOP('',(#2426,#2427,#2428,#2429));
#5704=EDGE_LOOP('',(#2430,#2431,#2432,#2433));
#5705=EDGE_LOOP('',(#2434,#2435,#2436,#2437));
#5706=EDGE_LOOP('',(#2438,#2439,#2440,#2441));
#5707=EDGE_LOOP('',(#2442,#2443,#2444,#2445));
#5708=EDGE_LOOP('',(#2446,#2447,#2448,#2449));
#5709=EDGE_LOOP('',(#2450,#2451,#2452,#2453));
#5710=EDGE_LOOP('',(#2454,#2455,#2456,#2457));
#5711=EDGE_LOOP('',(#2458,#2459,#2460,#2461));
#5712=EDGE_LOOP('',(#2462,#2463,#2464,#2465));
#5713=EDGE_LOOP('',(#2466,#2467,#2468,#2469));
#5714=EDGE_LOOP('',(#2470,#2471,#2472,#2473));
#5715=EDGE_LOOP('',(#2474,#2475,#2476,#2477));
#5716=EDGE_LOOP('',(#2478,#2479,#2480,#2481));
#5717=EDGE_LOOP('',(#2482,#2483,#2484,#2485));
#5718=EDGE_LOOP('',(#2486,#2487,#2488,#2489));
#5719=EDGE_LOOP('',(#2490,#2491,#2492,#2493,#2494,#2495,#2496,#2497,#2498,
#2499,#2500,#2501,#2502,#2503,#2504,#2505,#2506,#2507,#2508,#2509,#2510,
#2511,#2512,#2513,#2514));
#5720=EDGE_LOOP('',(#2515,#2516,#2517,#2518));
#5721=EDGE_LOOP('',(#2519,#2520,#2521,#2522));
#5722=EDGE_LOOP('',(#2523,#2524,#2525,#2526));
#5723=EDGE_LOOP('',(#2527,#2528,#2529,#2530));
#5724=EDGE_LOOP('',(#2531,#2532,#2533,#2534));
#5725=EDGE_LOOP('',(#2535,#2536,#2537,#2538));
#5726=EDGE_LOOP('',(#2539,#2540,#2541,#2542));
#5727=EDGE_LOOP('',(#2543,#2544,#2545,#2546));
#5728=EDGE_LOOP('',(#2547,#2548,#2549,#2550));
#5729=EDGE_LOOP('',(#2551,#2552,#2553,#2554));
#5730=EDGE_LOOP('',(#2555,#2556,#2557,#2558));
#5731=EDGE_LOOP('',(#2559,#2560,#2561,#2562));
#5732=EDGE_LOOP('',(#2563,#2564,#2565,#2566));
#5733=EDGE_LOOP('',(#2567,#2568,#2569,#2570));
#5734=EDGE_LOOP('',(#2571,#2572,#2573,#2574));
#5735=EDGE_LOOP('',(#2575,#2576,#2577,#2578));
#5736=EDGE_LOOP('',(#2579,#2580,#2581,#2582));
#5737=EDGE_LOOP('',(#2583,#2584,#2585,#2586));
#5738=EDGE_LOOP('',(#2587,#2588,#2589,#2590));
#5739=EDGE_LOOP('',(#2591,#2592,#2593,#2594));
#5740=EDGE_LOOP('',(#2595,#2596,#2597,#2598));
#5741=EDGE_LOOP('',(#2599,#2600,#2601,#2602));
#5742=EDGE_LOOP('',(#2603,#2604,#2605,#2606));
#5743=EDGE_LOOP('',(#2607,#2608,#2609,#2610));
#5744=EDGE_LOOP('',(#2611,#2612,#2613,#2614,#2615,#2616,#2617,#2618,#2619,
#2620,#2621,#2622,#2623,#2624,#2625));
#5745=EDGE_LOOP('',(#2626,#2627,#2628,#2629,#2630,#2631,#2632,#2633,#2634));
#5746=EDGE_LOOP('',(#2635,#2636,#2637,#2638));
#5747=EDGE_LOOP('',(#2639,#2640,#2641,#2642));
#5748=EDGE_LOOP('',(#2643,#2644,#2645,#2646));
#5749=EDGE_LOOP('',(#2647,#2648,#2649,#2650));
#5750=EDGE_LOOP('',(#2651,#2652,#2653,#2654));
#5751=EDGE_LOOP('',(#2655,#2656,#2657,#2658));
#5752=EDGE_LOOP('',(#2659,#2660,#2661,#2662));
#5753=EDGE_LOOP('',(#2663,#2664,#2665,#2666));
#5754=EDGE_LOOP('',(#2667,#2668,#2669,#2670));
#5755=EDGE_LOOP('',(#2671,#2672,#2673,#2674));
#5756=EDGE_LOOP('',(#2675,#2676,#2677,#2678));
#5757=EDGE_LOOP('',(#2679,#2680,#2681,#2682));
#5758=EDGE_LOOP('',(#2683,#2684,#2685,#2686));
#5759=EDGE_LOOP('',(#2687,#2688,#2689,#2690));
#5760=EDGE_LOOP('',(#2691,#2692,#2693,#2694));
#5761=EDGE_LOOP('',(#2695,#2696,#2697,#2698));
#5762=EDGE_LOOP('',(#2699,#2700,#2701,#2702));
#5763=EDGE_LOOP('',(#2703,#2704,#2705,#2706));
#5764=EDGE_LOOP('',(#2707,#2708,#2709,#2710));
#5765=EDGE_LOOP('',(#2711,#2712,#2713,#2714));
#5766=EDGE_LOOP('',(#2715,#2716,#2717,#2718));
#5767=EDGE_LOOP('',(#2719,#2720,#2721,#2722));
#5768=EDGE_LOOP('',(#2723,#2724,#2725,#2726));
#5769=EDGE_LOOP('',(#2727,#2728,#2729,#2730));
#5770=EDGE_LOOP('',(#2731,#2732,#2733,#2734));
#5771=EDGE_LOOP('',(#2735,#2736,#2737,#2738));
#5772=EDGE_LOOP('',(#2739,#2740,#2741,#2742,#2743,#2744,#2745,#2746,#2747,
#2748,#2749,#2750,#2751,#2752,#2753,#2754,#2755,#2756));
#5773=EDGE_LOOP('',(#2757,#2758,#2759,#2760,#2761,#2762,#2763,#2764));
#5774=EDGE_LOOP('',(#2765,#2766,#2767,#2768));
#5775=EDGE_LOOP('',(#2769,#2770,#2771,#2772));
#5776=EDGE_LOOP('',(#2773,#2774,#2775,#2776));
#5777=EDGE_LOOP('',(#2777,#2778,#2779,#2780));
#5778=EDGE_LOOP('',(#2781,#2782,#2783,#2784));
#5779=EDGE_LOOP('',(#2785,#2786,#2787,#2788));
#5780=EDGE_LOOP('',(#2789,#2790,#2791,#2792));
#5781=EDGE_LOOP('',(#2793,#2794,#2795,#2796));
#5782=EDGE_LOOP('',(#2797,#2798,#2799,#2800));
#5783=EDGE_LOOP('',(#2801,#2802,#2803,#2804));
#5784=EDGE_LOOP('',(#2805,#2806,#2807,#2808));
#5785=EDGE_LOOP('',(#2809,#2810,#2811,#2812));
#5786=EDGE_LOOP('',(#2813,#2814,#2815,#2816));
#5787=EDGE_LOOP('',(#2817,#2818,#2819,#2820));
#5788=EDGE_LOOP('',(#2821,#2822,#2823,#2824));
#5789=EDGE_LOOP('',(#2825,#2826,#2827,#2828));
#5790=EDGE_LOOP('',(#2829,#2830,#2831,#2832));
#5791=EDGE_LOOP('',(#2833,#2834,#2835,#2836));
#5792=EDGE_LOOP('',(#2837,#2838,#2839,#2840));
#5793=EDGE_LOOP('',(#2841,#2842,#2843,#2844));
#5794=EDGE_LOOP('',(#2845,#2846,#2847,#2848));
#5795=EDGE_LOOP('',(#2849,#2850,#2851,#2852));
#5796=EDGE_LOOP('',(#2853,#2854,#2855,#2856));
#5797=EDGE_LOOP('',(#2857,#2858,#2859,#2860));
#5798=EDGE_LOOP('',(#2861,#2862,#2863,#2864,#2865,#2866,#2867,#2868,#2869,
#2870,#2871,#2872,#2873,#2874,#2875));
#5799=EDGE_LOOP('',(#2876,#2877,#2878,#2879,#2880,#2881,#2882,#2883,#2884));
#5800=EDGE_LOOP('',(#2885,#2886,#2887,#2888));
#5801=EDGE_LOOP('',(#2889,#2890,#2891,#2892));
#5802=EDGE_LOOP('',(#2893,#2894,#2895,#2896));
#5803=EDGE_LOOP('',(#2897,#2898,#2899,#2900));
#5804=EDGE_LOOP('',(#2901,#2902,#2903,#2904));
#5805=EDGE_LOOP('',(#2905,#2906,#2907,#2908));
#5806=EDGE_LOOP('',(#2909,#2910,#2911,#2912));
#5807=EDGE_LOOP('',(#2913,#2914,#2915,#2916));
#5808=EDGE_LOOP('',(#2917,#2918,#2919,#2920));
#5809=EDGE_LOOP('',(#2921,#2922,#2923,#2924));
#5810=EDGE_LOOP('',(#2925,#2926,#2927,#2928));
#5811=EDGE_LOOP('',(#2929,#2930,#2931,#2932));
#5812=EDGE_LOOP('',(#2933,#2934,#2935,#2936));
#5813=EDGE_LOOP('',(#2937,#2938,#2939,#2940));
#5814=EDGE_LOOP('',(#2941,#2942,#2943,#2944));
#5815=EDGE_LOOP('',(#2945,#2946,#2947,#2948));
#5816=EDGE_LOOP('',(#2949,#2950,#2951,#2952));
#5817=EDGE_LOOP('',(#2953,#2954,#2955,#2956,#2957,#2958,#2959,#2960,#2961));
#5818=EDGE_LOOP('',(#2962,#2963,#2964,#2965,#2966,#2967,#2968,#2969));
#5819=EDGE_LOOP('',(#2970,#2971,#2972,#2973));
#5820=EDGE_LOOP('',(#2974,#2975,#2976,#2977));
#5821=EDGE_LOOP('',(#2978,#2979,#2980,#2981));
#5822=EDGE_LOOP('',(#2982,#2983,#2984,#2985));
#5823=EDGE_LOOP('',(#2986,#2987,#2988,#2989));
#5824=EDGE_LOOP('',(#2990,#2991,#2992,#2993));
#5825=EDGE_LOOP('',(#2994,#2995,#2996,#2997));
#5826=EDGE_LOOP('',(#2998,#2999,#3000,#3001));
#5827=EDGE_LOOP('',(#3002,#3003,#3004,#3005));
#5828=EDGE_LOOP('',(#3006,#3007,#3008,#3009));
#5829=EDGE_LOOP('',(#3010,#3011,#3012,#3013));
#5830=EDGE_LOOP('',(#3014,#3015,#3016,#3017));
#5831=EDGE_LOOP('',(#3018,#3019,#3020,#3021));
#5832=EDGE_LOOP('',(#3022,#3023,#3024,#3025));
#5833=EDGE_LOOP('',(#3026,#3027,#3028,#3029));
#5834=EDGE_LOOP('',(#3030,#3031,#3032,#3033));
#5835=EDGE_LOOP('',(#3034,#3035,#3036,#3037));
#5836=EDGE_LOOP('',(#3038,#3039,#3040,#3041));
#5837=EDGE_LOOP('',(#3042,#3043,#3044,#3045));
#5838=EDGE_LOOP('',(#3046,#3047,#3048,#3049));
#5839=EDGE_LOOP('',(#3050,#3051,#3052,#3053));
#5840=EDGE_LOOP('',(#3054,#3055,#3056,#3057));
#5841=EDGE_LOOP('',(#3058,#3059,#3060,#3061));
#5842=EDGE_LOOP('',(#3062,#3063,#3064,#3065));
#5843=EDGE_LOOP('',(#3066,#3067,#3068,#3069));
#5844=EDGE_LOOP('',(#3070,#3071,#3072,#3073));
#5845=EDGE_LOOP('',(#3074,#3075,#3076,#3077,#3078,#3079,#3080,#3081,#3082,
#3083,#3084,#3085,#3086,#3087,#3088,#3089,#3090,#3091));
#5846=EDGE_LOOP('',(#3092,#3093,#3094,#3095,#3096,#3097,#3098,#3099));
#5847=EDGE_LOOP('',(#3100,#3101,#3102,#3103));
#5848=EDGE_LOOP('',(#3104,#3105,#3106,#3107));
#5849=EDGE_LOOP('',(#3108,#3109,#3110,#3111));
#5850=EDGE_LOOP('',(#3112,#3113,#3114,#3115));
#5851=EDGE_LOOP('',(#3116,#3117,#3118,#3119));
#5852=EDGE_LOOP('',(#3120,#3121,#3122,#3123));
#5853=EDGE_LOOP('',(#3124,#3125,#3126,#3127));
#5854=EDGE_LOOP('',(#3128,#3129,#3130,#3131));
#5855=EDGE_LOOP('',(#3132,#3133,#3134,#3135));
#5856=EDGE_LOOP('',(#3136,#3137,#3138,#3139,#3140,#3141,#3142,#3143,#3144));
#5857=EDGE_LOOP('',(#3145,#3146,#3147,#3148));
#5858=EDGE_LOOP('',(#3149,#3150,#3151,#3152));
#5859=EDGE_LOOP('',(#3153,#3154,#3155,#3156));
#5860=EDGE_LOOP('',(#3157,#3158,#3159,#3160));
#5861=EDGE_LOOP('',(#3161,#3162,#3163,#3164));
#5862=EDGE_LOOP('',(#3165,#3166,#3167,#3168));
#5863=EDGE_LOOP('',(#3169,#3170,#3171,#3172));
#5864=EDGE_LOOP('',(#3173,#3174,#3175,#3176));
#5865=EDGE_LOOP('',(#3177,#3178,#3179,#3180));
#5866=EDGE_LOOP('',(#3181,#3182,#3183,#3184));
#5867=EDGE_LOOP('',(#3185,#3186,#3187,#3188,#3189,#3190,#3191,#3192,#3193,
#3194));
#5868=EDGE_LOOP('',(#3195,#3196,#3197,#3198));
#5869=EDGE_LOOP('',(#3199,#3200,#3201,#3202));
#5870=EDGE_LOOP('',(#3203,#3204,#3205,#3206));
#5871=EDGE_LOOP('',(#3207,#3208,#3209,#3210));
#5872=EDGE_LOOP('',(#3211,#3212,#3213,#3214));
#5873=EDGE_LOOP('',(#3215,#3216,#3217,#3218));
#5874=EDGE_LOOP('',(#3219,#3220,#3221,#3222));
#5875=EDGE_LOOP('',(#3223,#3224,#3225,#3226));
#5876=EDGE_LOOP('',(#3227,#3228,#3229,#3230));
#5877=EDGE_LOOP('',(#3231,#3232,#3233,#3234));
#5878=EDGE_LOOP('',(#3235,#3236,#3237,#3238));
#5879=EDGE_LOOP('',(#3239,#3240,#3241,#3242));
#5880=EDGE_LOOP('',(#3243,#3244,#3245,#3246));
#5881=EDGE_LOOP('',(#3247,#3248,#3249,#3250,#3251,#3252,#3253,#3254));
#5882=EDGE_LOOP('',(#3255,#3256,#3257,#3258));
#5883=EDGE_LOOP('',(#3259,#3260,#3261,#3262));
#5884=EDGE_LOOP('',(#3263,#3264,#3265,#3266));
#5885=EDGE_LOOP('',(#3267,#3268,#3269,#3270));
#5886=EDGE_LOOP('',(#3271,#3272,#3273,#3274));
#5887=EDGE_LOOP('',(#3275,#3276,#3277,#3278));
#5888=EDGE_LOOP('',(#3279,#3280,#3281,#3282));
#5889=EDGE_LOOP('',(#3283,#3284,#3285,#3286));
#5890=EDGE_LOOP('',(#3287,#3288,#3289,#3290));
#5891=EDGE_LOOP('',(#3291,#3292,#3293,#3294));
#5892=EDGE_LOOP('',(#3295,#3296,#3297,#3298));
#5893=EDGE_LOOP('',(#3299,#3300,#3301,#3302));
#5894=EDGE_LOOP('',(#3303,#3304,#3305,#3306));
#5895=EDGE_LOOP('',(#3307,#3308,#3309,#3310));
#5896=EDGE_LOOP('',(#3311,#3312,#3313,#3314));
#5897=EDGE_LOOP('',(#3315,#3316,#3317,#3318));
#5898=EDGE_LOOP('',(#3319,#3320,#3321,#3322));
#5899=EDGE_LOOP('',(#3323,#3324,#3325,#3326));
#5900=EDGE_LOOP('',(#3327,#3328,#3329,#3330));
#5901=EDGE_LOOP('',(#3331,#3332,#3333,#3334));
#5902=EDGE_LOOP('',(#3335,#3336,#3337,#3338));
#5903=EDGE_LOOP('',(#3339,#3340,#3341,#3342));
#5904=EDGE_LOOP('',(#3343,#3344,#3345,#3346,#3347,#3348,#3349,#3350,#3351,
#3352,#3353,#3354));
#5905=EDGE_LOOP('',(#3355,#3356,#3357,#3358));
#5906=EDGE_LOOP('',(#3359,#3360,#3361,#3362));
#5907=EDGE_LOOP('',(#3363,#3364,#3365,#3366));
#5908=EDGE_LOOP('',(#3367,#3368,#3369,#3370));
#5909=EDGE_LOOP('',(#3371,#3372,#3373,#3374));
#5910=EDGE_LOOP('',(#3375,#3376,#3377,#3378));
#5911=EDGE_LOOP('',(#3379,#3380,#3381,#3382));
#5912=EDGE_LOOP('',(#3383,#3384,#3385,#3386));
#5913=EDGE_LOOP('',(#3387,#3388,#3389,#3390));
#5914=EDGE_LOOP('',(#3391,#3392,#3393,#3394));
#5915=EDGE_LOOP('',(#3395,#3396,#3397,#3398));
#5916=EDGE_LOOP('',(#3399,#3400,#3401,#3402));
#5917=EDGE_LOOP('',(#3403,#3404,#3405,#3406));
#5918=EDGE_LOOP('',(#3407,#3408,#3409,#3410));
#5919=EDGE_LOOP('',(#3411,#3412,#3413,#3414));
#5920=EDGE_LOOP('',(#3415,#3416,#3417,#3418,#3419,#3420,#3421,#3422,#3423,
#3424,#3425,#3426,#3427,#3428,#3429));
#5921=EDGE_LOOP('',(#3430,#3431,#3432,#3433));
#5922=EDGE_LOOP('',(#3434,#3435,#3436,#3437));
#5923=EDGE_LOOP('',(#3438,#3439,#3440,#3441));
#5924=EDGE_LOOP('',(#3442,#3443,#3444,#3445));
#5925=EDGE_LOOP('',(#3446,#3447,#3448,#3449));
#5926=EDGE_LOOP('',(#3450,#3451,#3452,#3453));
#5927=EDGE_LOOP('',(#3454,#3455,#3456,#3457));
#5928=EDGE_LOOP('',(#3458,#3459,#3460,#3461));
#5929=EDGE_LOOP('',(#3462,#3463,#3464,#3465));
#5930=EDGE_LOOP('',(#3466,#3467,#3468,#3469));
#5931=EDGE_LOOP('',(#3470,#3471,#3472,#3473));
#5932=EDGE_LOOP('',(#3474,#3475,#3476,#3477));
#5933=EDGE_LOOP('',(#3478,#3479,#3480,#3481));
#5934=EDGE_LOOP('',(#3482,#3483,#3484,#3485));
#5935=EDGE_LOOP('',(#3486,#3487,#3488,#3489));
#5936=EDGE_LOOP('',(#3490,#3491,#3492,#3493,#3494,#3495,#3496,#3497,#3498,
#3499,#3500,#3501,#3502,#3503,#3504));
#5937=EDGE_LOOP('',(#3505,#3506,#3507,#3508));
#5938=EDGE_LOOP('',(#3509,#3510,#3511,#3512));
#5939=EDGE_LOOP('',(#3513,#3514,#3515,#3516));
#5940=EDGE_LOOP('',(#3517,#3518,#3519,#3520));
#5941=EDGE_LOOP('',(#3521,#3522,#3523,#3524));
#5942=EDGE_LOOP('',(#3525,#3526,#3527,#3528));
#5943=EDGE_LOOP('',(#3529,#3530,#3531,#3532));
#5944=EDGE_LOOP('',(#3533,#3534,#3535,#3536));
#5945=EDGE_LOOP('',(#3537,#3538,#3539,#3540));
#5946=EDGE_LOOP('',(#3541,#3542,#3543,#3544));
#5947=EDGE_LOOP('',(#3545,#3546,#3547,#3548));
#5948=EDGE_LOOP('',(#3549,#3550,#3551,#3552));
#5949=EDGE_LOOP('',(#3553,#3554,#3555,#3556));
#5950=EDGE_LOOP('',(#3557,#3558,#3559,#3560));
#5951=EDGE_LOOP('',(#3561,#3562,#3563,#3564));
#5952=EDGE_LOOP('',(#3565,#3566,#3567,#3568));
#5953=EDGE_LOOP('',(#3569,#3570,#3571,#3572,#3573,#3574,#3575,#3576,#3577,
#3578,#3579,#3580,#3581,#3582,#3583,#3584));
#5954=EDGE_LOOP('',(#3585,#3586,#3587,#3588,#3589,#3590,#3591,#3592,#3593));
#5955=EDGE_LOOP('',(#3594,#3595,#3596,#3597,#3598,#3599,#3600,#3601));
#5956=EDGE_LOOP('',(#3602,#3603,#3604,#3605,#3606,#3607,#3608,#3609,#3610));
#5957=EDGE_LOOP('',(#3611,#3612,#3613,#3614,#3615,#3616,#3617,#3618));
#5958=EDGE_LOOP('',(#3619,#3620,#3621,#3622,#3623,#3624,#3625,#3626));
#5959=FACE_BOUND('',#5549,.T.);
#5960=FACE_BOUND('',#5550,.T.);
#5961=FACE_BOUND('',#5551,.T.);
#5962=FACE_BOUND('',#5552,.T.);
#5963=FACE_BOUND('',#5553,.T.);
#5964=FACE_BOUND('',#5554,.T.);
#5965=FACE_BOUND('',#5555,.T.);
#5966=FACE_BOUND('',#5556,.T.);
#5967=FACE_BOUND('',#5557,.T.);
#5968=FACE_BOUND('',#5558,.T.);
#5969=FACE_BOUND('',#5559,.T.);
#5970=FACE_BOUND('',#5560,.T.);
#5971=FACE_BOUND('',#5561,.T.);
#5972=FACE_BOUND('',#5562,.T.);
#5973=FACE_BOUND('',#5563,.T.);
#5974=FACE_BOUND('',#5564,.T.);
#5975=FACE_BOUND('',#5565,.T.);
#5976=FACE_BOUND('',#5566,.T.);
#5977=FACE_BOUND('',#5567,.T.);
#5978=FACE_BOUND('',#5568,.T.);
#5979=FACE_BOUND('',#5569,.T.);
#5980=FACE_BOUND('',#5570,.T.);
#5981=FACE_BOUND('',#5571,.T.);
#5982=FACE_BOUND('',#5572,.T.);
#5983=FACE_BOUND('',#5573,.T.);
#5984=FACE_BOUND('',#5574,.T.);
#5985=FACE_BOUND('',#5575,.T.);
#5986=FACE_BOUND('',#5576,.T.);
#5987=FACE_BOUND('',#5577,.T.);
#5988=FACE_BOUND('',#5578,.T.);
#5989=FACE_BOUND('',#5579,.T.);
#5990=FACE_BOUND('',#5580,.T.);
#5991=FACE_BOUND('',#5581,.T.);
#5992=FACE_BOUND('',#5582,.T.);
#5993=FACE_BOUND('',#5583,.T.);
#5994=FACE_BOUND('',#5584,.T.);
#5995=FACE_BOUND('',#5585,.T.);
#5996=FACE_BOUND('',#5586,.T.);
#5997=FACE_BOUND('',#5587,.T.);
#5998=FACE_BOUND('',#5588,.T.);
#5999=FACE_BOUND('',#5589,.T.);
#6000=FACE_BOUND('',#5590,.T.);
#6001=FACE_BOUND('',#5591,.T.);
#6002=FACE_BOUND('',#5592,.T.);
#6003=FACE_BOUND('',#5593,.T.);
#6004=FACE_BOUND('',#5594,.T.);
#6005=FACE_BOUND('',#5595,.T.);
#6006=FACE_BOUND('',#5596,.T.);
#6007=FACE_BOUND('',#5597,.T.);
#6008=FACE_BOUND('',#5598,.T.);
#6009=FACE_BOUND('',#5599,.T.);
#6010=FACE_BOUND('',#5600,.T.);
#6011=FACE_BOUND('',#5601,.T.);
#6012=FACE_BOUND('',#5602,.T.);
#6013=FACE_BOUND('',#5603,.T.);
#6014=FACE_BOUND('',#5604,.T.);
#6015=FACE_BOUND('',#5605,.T.);
#6016=FACE_BOUND('',#5606,.T.);
#6017=FACE_BOUND('',#5607,.T.);
#6018=FACE_BOUND('',#5608,.T.);
#6019=FACE_BOUND('',#5609,.T.);
#6020=FACE_BOUND('',#5610,.T.);
#6021=FACE_BOUND('',#5611,.T.);
#6022=FACE_BOUND('',#5612,.T.);
#6023=FACE_BOUND('',#5613,.T.);
#6024=FACE_BOUND('',#5614,.T.);
#6025=FACE_BOUND('',#5615,.T.);
#6026=FACE_BOUND('',#5616,.T.);
#6027=FACE_BOUND('',#5617,.T.);
#6028=FACE_BOUND('',#5618,.T.);
#6029=FACE_BOUND('',#5619,.T.);
#6030=FACE_BOUND('',#5620,.T.);
#6031=FACE_BOUND('',#5621,.T.);
#6032=FACE_BOUND('',#5622,.T.);
#6033=FACE_BOUND('',#5623,.T.);
#6034=FACE_BOUND('',#5624,.T.);
#6035=FACE_BOUND('',#5625,.T.);
#6036=FACE_BOUND('',#5626,.T.);
#6037=FACE_BOUND('',#5627,.T.);
#6038=FACE_BOUND('',#5628,.T.);
#6039=FACE_BOUND('',#5629,.T.);
#6040=FACE_BOUND('',#5630,.T.);
#6041=FACE_BOUND('',#5631,.T.);
#6042=FACE_BOUND('',#5632,.T.);
#6043=FACE_BOUND('',#5633,.T.);
#6044=FACE_BOUND('',#5634,.T.);
#6045=FACE_BOUND('',#5635,.T.);
#6046=FACE_BOUND('',#5636,.T.);
#6047=FACE_BOUND('',#5637,.T.);
#6048=FACE_BOUND('',#5638,.T.);
#6049=FACE_BOUND('',#5639,.T.);
#6050=FACE_BOUND('',#5640,.T.);
#6051=FACE_BOUND('',#5641,.T.);
#6052=FACE_BOUND('',#5642,.T.);
#6053=FACE_BOUND('',#5643,.T.);
#6054=FACE_BOUND('',#5644,.T.);
#6055=FACE_BOUND('',#5645,.T.);
#6056=FACE_BOUND('',#5646,.T.);
#6057=FACE_BOUND('',#5647,.T.);
#6058=FACE_BOUND('',#5648,.T.);
#6059=FACE_BOUND('',#5649,.T.);
#6060=FACE_BOUND('',#5650,.T.);
#6061=FACE_BOUND('',#5651,.T.);
#6062=FACE_BOUND('',#5652,.T.);
#6063=FACE_BOUND('',#5653,.T.);
#6064=FACE_BOUND('',#5654,.T.);
#6065=FACE_BOUND('',#5655,.T.);
#6066=FACE_BOUND('',#5656,.T.);
#6067=FACE_BOUND('',#5657,.T.);
#6068=FACE_BOUND('',#5658,.T.);
#6069=FACE_BOUND('',#5659,.T.);
#6070=FACE_BOUND('',#5660,.T.);
#6071=FACE_BOUND('',#5661,.T.);
#6072=FACE_BOUND('',#5662,.T.);
#6073=FACE_BOUND('',#5663,.T.);
#6074=FACE_BOUND('',#5664,.T.);
#6075=FACE_BOUND('',#5665,.T.);
#6076=FACE_BOUND('',#5666,.T.);
#6077=FACE_BOUND('',#5667,.T.);
#6078=FACE_BOUND('',#5668,.T.);
#6079=FACE_BOUND('',#5669,.T.);
#6080=FACE_BOUND('',#5670,.T.);
#6081=FACE_BOUND('',#5671,.T.);
#6082=FACE_BOUND('',#5672,.T.);
#6083=FACE_BOUND('',#5673,.T.);
#6084=FACE_BOUND('',#5674,.T.);
#6085=FACE_BOUND('',#5675,.T.);
#6086=FACE_BOUND('',#5676,.T.);
#6087=FACE_BOUND('',#5677,.T.);
#6088=FACE_BOUND('',#5678,.T.);
#6089=FACE_BOUND('',#5679,.T.);
#6090=FACE_BOUND('',#5680,.T.);
#6091=FACE_BOUND('',#5681,.T.);
#6092=FACE_BOUND('',#5682,.T.);
#6093=FACE_BOUND('',#5683,.T.);
#6094=FACE_BOUND('',#5684,.T.);
#6095=FACE_BOUND('',#5685,.T.);
#6096=FACE_BOUND('',#5686,.T.);
#6097=FACE_BOUND('',#5687,.T.);
#6098=FACE_BOUND('',#5688,.T.);
#6099=FACE_BOUND('',#5689,.T.);
#6100=FACE_BOUND('',#5690,.T.);
#6101=FACE_BOUND('',#5691,.T.);
#6102=FACE_BOUND('',#5692,.T.);
#6103=FACE_BOUND('',#5693,.T.);
#6104=FACE_BOUND('',#5694,.T.);
#6105=FACE_BOUND('',#5695,.T.);
#6106=FACE_BOUND('',#5696,.T.);
#6107=FACE_BOUND('',#5697,.T.);
#6108=FACE_BOUND('',#5698,.T.);
#6109=FACE_BOUND('',#5699,.T.);
#6110=FACE_BOUND('',#5700,.T.);
#6111=FACE_BOUND('',#5701,.T.);
#6112=FACE_BOUND('',#5702,.T.);
#6113=FACE_BOUND('',#5703,.T.);
#6114=FACE_BOUND('',#5704,.T.);
#6115=FACE_BOUND('',#5705,.T.);
#6116=FACE_BOUND('',#5706,.T.);
#6117=FACE_BOUND('',#5707,.T.);
#6118=FACE_BOUND('',#5708,.T.);
#6119=FACE_BOUND('',#5709,.T.);
#6120=FACE_BOUND('',#5710,.T.);
#6121=FACE_BOUND('',#5711,.T.);
#6122=FACE_BOUND('',#5712,.T.);
#6123=FACE_BOUND('',#5713,.T.);
#6124=FACE_BOUND('',#5714,.T.);
#6125=FACE_BOUND('',#5715,.T.);
#6126=FACE_BOUND('',#5716,.T.);
#6127=FACE_BOUND('',#5717,.T.);
#6128=FACE_BOUND('',#5718,.T.);
#6129=FACE_BOUND('',#5719,.T.);
#6130=FACE_BOUND('',#5720,.T.);
#6131=FACE_BOUND('',#5721,.T.);
#6132=FACE_BOUND('',#5722,.T.);
#6133=FACE_BOUND('',#5723,.T.);
#6134=FACE_BOUND('',#5724,.T.);
#6135=FACE_BOUND('',#5725,.T.);
#6136=FACE_BOUND('',#5726,.T.);
#6137=FACE_BOUND('',#5727,.T.);
#6138=FACE_BOUND('',#5728,.T.);
#6139=FACE_BOUND('',#5729,.T.);
#6140=FACE_BOUND('',#5730,.T.);
#6141=FACE_BOUND('',#5731,.T.);
#6142=FACE_BOUND('',#5732,.T.);
#6143=FACE_BOUND('',#5733,.T.);
#6144=FACE_BOUND('',#5734,.T.);
#6145=FACE_BOUND('',#5735,.T.);
#6146=FACE_BOUND('',#5736,.T.);
#6147=FACE_BOUND('',#5737,.T.);
#6148=FACE_BOUND('',#5738,.T.);
#6149=FACE_BOUND('',#5739,.T.);
#6150=FACE_BOUND('',#5740,.T.);
#6151=FACE_BOUND('',#5741,.T.);
#6152=FACE_BOUND('',#5742,.T.);
#6153=FACE_BOUND('',#5743,.T.);
#6154=FACE_BOUND('',#5744,.T.);
#6155=FACE_BOUND('',#5745,.T.);
#6156=FACE_BOUND('',#5746,.T.);
#6157=FACE_BOUND('',#5747,.T.);
#6158=FACE_BOUND('',#5748,.T.);
#6159=FACE_BOUND('',#5749,.T.);
#6160=FACE_BOUND('',#5750,.T.);
#6161=FACE_BOUND('',#5751,.T.);
#6162=FACE_BOUND('',#5752,.T.);
#6163=FACE_BOUND('',#5753,.T.);
#6164=FACE_BOUND('',#5754,.T.);
#6165=FACE_BOUND('',#5755,.T.);
#6166=FACE_BOUND('',#5756,.T.);
#6167=FACE_BOUND('',#5757,.T.);
#6168=FACE_BOUND('',#5758,.T.);
#6169=FACE_BOUND('',#5759,.T.);
#6170=FACE_BOUND('',#5760,.T.);
#6171=FACE_BOUND('',#5761,.T.);
#6172=FACE_BOUND('',#5762,.T.);
#6173=FACE_BOUND('',#5763,.T.);
#6174=FACE_BOUND('',#5764,.T.);
#6175=FACE_BOUND('',#5765,.T.);
#6176=FACE_BOUND('',#5766,.T.);
#6177=FACE_BOUND('',#5767,.T.);
#6178=FACE_BOUND('',#5768,.T.);
#6179=FACE_BOUND('',#5769,.T.);
#6180=FACE_BOUND('',#5770,.T.);
#6181=FACE_BOUND('',#5771,.T.);
#6182=FACE_BOUND('',#5772,.T.);
#6183=FACE_BOUND('',#5773,.T.);
#6184=FACE_BOUND('',#5774,.T.);
#6185=FACE_BOUND('',#5775,.T.);
#6186=FACE_BOUND('',#5776,.T.);
#6187=FACE_BOUND('',#5777,.T.);
#6188=FACE_BOUND('',#5778,.T.);
#6189=FACE_BOUND('',#5779,.T.);
#6190=FACE_BOUND('',#5780,.T.);
#6191=FACE_BOUND('',#5781,.T.);
#6192=FACE_BOUND('',#5782,.T.);
#6193=FACE_BOUND('',#5783,.T.);
#6194=FACE_BOUND('',#5784,.T.);
#6195=FACE_BOUND('',#5785,.T.);
#6196=FACE_BOUND('',#5786,.T.);
#6197=FACE_BOUND('',#5787,.T.);
#6198=FACE_BOUND('',#5788,.T.);
#6199=FACE_BOUND('',#5789,.T.);
#6200=FACE_BOUND('',#5790,.T.);
#6201=FACE_BOUND('',#5791,.T.);
#6202=FACE_BOUND('',#5792,.T.);
#6203=FACE_BOUND('',#5793,.T.);
#6204=FACE_BOUND('',#5794,.T.);
#6205=FACE_BOUND('',#5795,.T.);
#6206=FACE_BOUND('',#5796,.T.);
#6207=FACE_BOUND('',#5797,.T.);
#6208=FACE_BOUND('',#5798,.T.);
#6209=FACE_BOUND('',#5799,.T.);
#6210=FACE_BOUND('',#5800,.T.);
#6211=FACE_BOUND('',#5801,.T.);
#6212=FACE_BOUND('',#5802,.T.);
#6213=FACE_BOUND('',#5803,.T.);
#6214=FACE_BOUND('',#5804,.T.);
#6215=FACE_BOUND('',#5805,.T.);
#6216=FACE_BOUND('',#5806,.T.);
#6217=FACE_BOUND('',#5807,.T.);
#6218=FACE_BOUND('',#5808,.T.);
#6219=FACE_BOUND('',#5809,.T.);
#6220=FACE_BOUND('',#5810,.T.);
#6221=FACE_BOUND('',#5811,.T.);
#6222=FACE_BOUND('',#5812,.T.);
#6223=FACE_BOUND('',#5813,.T.);
#6224=FACE_BOUND('',#5814,.T.);
#6225=FACE_BOUND('',#5815,.T.);
#6226=FACE_BOUND('',#5816,.T.);
#6227=FACE_BOUND('',#5817,.T.);
#6228=FACE_BOUND('',#5818,.T.);
#6229=FACE_BOUND('',#5819,.T.);
#6230=FACE_BOUND('',#5820,.T.);
#6231=FACE_BOUND('',#5821,.T.);
#6232=FACE_BOUND('',#5822,.T.);
#6233=FACE_BOUND('',#5823,.T.);
#6234=FACE_BOUND('',#5824,.T.);
#6235=FACE_BOUND('',#5825,.T.);
#6236=FACE_BOUND('',#5826,.T.);
#6237=FACE_BOUND('',#5827,.T.);
#6238=FACE_BOUND('',#5828,.T.);
#6239=FACE_BOUND('',#5829,.T.);
#6240=FACE_BOUND('',#5830,.T.);
#6241=FACE_BOUND('',#5831,.T.);
#6242=FACE_BOUND('',#5832,.T.);
#6243=FACE_BOUND('',#5833,.T.);
#6244=FACE_BOUND('',#5834,.T.);
#6245=FACE_BOUND('',#5835,.T.);
#6246=FACE_BOUND('',#5836,.T.);
#6247=FACE_BOUND('',#5837,.T.);
#6248=FACE_BOUND('',#5838,.T.);
#6249=FACE_BOUND('',#5839,.T.);
#6250=FACE_BOUND('',#5840,.T.);
#6251=FACE_BOUND('',#5841,.T.);
#6252=FACE_BOUND('',#5842,.T.);
#6253=FACE_BOUND('',#5843,.T.);
#6254=FACE_BOUND('',#5844,.T.);
#6255=FACE_BOUND('',#5845,.T.);
#6256=FACE_BOUND('',#5846,.T.);
#6257=FACE_BOUND('',#5847,.T.);
#6258=FACE_BOUND('',#5848,.T.);
#6259=FACE_BOUND('',#5849,.T.);
#6260=FACE_BOUND('',#5850,.T.);
#6261=FACE_BOUND('',#5851,.T.);
#6262=FACE_BOUND('',#5852,.T.);
#6263=FACE_BOUND('',#5853,.T.);
#6264=FACE_BOUND('',#5854,.T.);
#6265=FACE_BOUND('',#5855,.T.);
#6266=FACE_BOUND('',#5856,.T.);
#6267=FACE_BOUND('',#5857,.T.);
#6268=FACE_BOUND('',#5858,.T.);
#6269=FACE_BOUND('',#5859,.T.);
#6270=FACE_BOUND('',#5860,.T.);
#6271=FACE_BOUND('',#5861,.T.);
#6272=FACE_BOUND('',#5862,.T.);
#6273=FACE_BOUND('',#5863,.T.);
#6274=FACE_BOUND('',#5864,.T.);
#6275=FACE_BOUND('',#5865,.T.);
#6276=FACE_BOUND('',#5866,.T.);
#6277=FACE_BOUND('',#5867,.T.);
#6278=FACE_BOUND('',#5868,.T.);
#6279=FACE_BOUND('',#5869,.T.);
#6280=FACE_BOUND('',#5870,.T.);
#6281=FACE_BOUND('',#5871,.T.);
#6282=FACE_BOUND('',#5872,.T.);
#6283=FACE_BOUND('',#5873,.T.);
#6284=FACE_BOUND('',#5874,.T.);
#6285=FACE_BOUND('',#5875,.T.);
#6286=FACE_BOUND('',#5876,.T.);
#6287=FACE_BOUND('',#5877,.T.);
#6288=FACE_BOUND('',#5878,.T.);
#6289=FACE_BOUND('',#5879,.T.);
#6290=FACE_BOUND('',#5880,.T.);
#6291=FACE_BOUND('',#5881,.T.);
#6292=FACE_BOUND('',#5882,.T.);
#6293=FACE_BOUND('',#5883,.T.);
#6294=FACE_BOUND('',#5884,.T.);
#6295=FACE_BOUND('',#5885,.T.);
#6296=FACE_BOUND('',#5886,.T.);
#6297=FACE_BOUND('',#5887,.T.);
#6298=FACE_BOUND('',#5888,.T.);
#6299=FACE_BOUND('',#5889,.T.);
#6300=FACE_BOUND('',#5890,.T.);
#6301=FACE_BOUND('',#5891,.T.);
#6302=FACE_BOUND('',#5892,.T.);
#6303=FACE_BOUND('',#5893,.T.);
#6304=FACE_BOUND('',#5894,.T.);
#6305=FACE_BOUND('',#5895,.T.);
#6306=FACE_BOUND('',#5896,.T.);
#6307=FACE_BOUND('',#5897,.T.);
#6308=FACE_BOUND('',#5898,.T.);
#6309=FACE_BOUND('',#5899,.T.);
#6310=FACE_BOUND('',#5900,.T.);
#6311=FACE_BOUND('',#5901,.T.);
#6312=FACE_BOUND('',#5902,.T.);
#6313=FACE_BOUND('',#5903,.T.);
#6314=FACE_BOUND('',#5904,.T.);
#6315=FACE_BOUND('',#5905,.T.);
#6316=FACE_BOUND('',#5906,.T.);
#6317=FACE_BOUND('',#5907,.T.);
#6318=FACE_BOUND('',#5908,.T.);
#6319=FACE_BOUND('',#5909,.T.);
#6320=FACE_BOUND('',#5910,.T.);
#6321=FACE_BOUND('',#5911,.T.);
#6322=FACE_BOUND('',#5912,.T.);
#6323=FACE_BOUND('',#5913,.T.);
#6324=FACE_BOUND('',#5914,.T.);
#6325=FACE_BOUND('',#5915,.T.);
#6326=FACE_BOUND('',#5916,.T.);
#6327=FACE_BOUND('',#5917,.T.);
#6328=FACE_BOUND('',#5918,.T.);
#6329=FACE_BOUND('',#5919,.T.);
#6330=FACE_BOUND('',#5920,.T.);
#6331=FACE_BOUND('',#5921,.T.);
#6332=FACE_BOUND('',#5922,.T.);
#6333=FACE_BOUND('',#5923,.T.);
#6334=FACE_BOUND('',#5924,.T.);
#6335=FACE_BOUND('',#5925,.T.);
#6336=FACE_BOUND('',#5926,.T.);
#6337=FACE_BOUND('',#5927,.T.);
#6338=FACE_BOUND('',#5928,.T.);
#6339=FACE_BOUND('',#5929,.T.);
#6340=FACE_BOUND('',#5930,.T.);
#6341=FACE_BOUND('',#5931,.T.);
#6342=FACE_BOUND('',#5932,.T.);
#6343=FACE_BOUND('',#5933,.T.);
#6344=FACE_BOUND('',#5934,.T.);
#6345=FACE_BOUND('',#5935,.T.);
#6346=FACE_BOUND('',#5936,.T.);
#6347=FACE_BOUND('',#5937,.T.);
#6348=FACE_BOUND('',#5938,.T.);
#6349=FACE_BOUND('',#5939,.T.);
#6350=FACE_BOUND('',#5940,.T.);
#6351=FACE_BOUND('',#5941,.T.);
#6352=FACE_BOUND('',#5942,.T.);
#6353=FACE_BOUND('',#5943,.T.);
#6354=FACE_BOUND('',#5944,.T.);
#6355=FACE_BOUND('',#5945,.T.);
#6356=FACE_BOUND('',#5946,.T.);
#6357=FACE_BOUND('',#5947,.T.);
#6358=FACE_BOUND('',#5948,.T.);
#6359=FACE_BOUND('',#5949,.T.);
#6360=FACE_BOUND('',#5950,.T.);
#6361=FACE_BOUND('',#5951,.T.);
#6362=FACE_BOUND('',#5952,.T.);
#6363=FACE_BOUND('',#5953,.T.);
#6364=FACE_BOUND('',#5954,.T.);
#6365=FACE_BOUND('',#5955,.T.);
#6366=FACE_BOUND('',#5956,.T.);
#6367=FACE_BOUND('',#5957,.T.);
#6368=FACE_BOUND('',#5958,.T.);
#6369=PLANE('',#6901);
#6370=PLANE('',#6938);
#6371=PLANE('',#6944);
#6372=PLANE('',#6950);
#6373=PLANE('',#6956);
#6374=PLANE('',#6962);
#6375=PLANE('',#6997);
#6376=PLANE('',#7035);
#6377=PLANE('',#7037);
#6378=PLANE('',#7039);
#6379=PLANE('',#7042);
#6380=PLANE('',#7044);
#6381=PLANE('',#7046);
#6382=PLANE('',#7049);
#6383=PLANE('',#7051);
#6384=PLANE('',#7053);
#6385=PLANE('',#7056);
#6386=PLANE('',#7058);
#6387=PLANE('',#7060);
#6388=PLANE('',#7063);
#6389=PLANE('',#7065);
#6390=PLANE('',#7067);
#6391=PLANE('',#7070);
#6392=PLANE('',#7072);
#6393=PLANE('',#7074);
#6394=PLANE('',#7077);
#6395=PLANE('',#7079);
#6396=PLANE('',#7081);
#6397=PLANE('',#7083);
#6398=PLANE('',#7085);
#6399=PLANE('',#7087);
#6400=PLANE('',#7088);
#6401=PLANE('',#7089);
#6402=PLANE('',#7090);
#6403=PLANE('',#7091);
#6404=PLANE('',#7092);
#6405=PLANE('',#7093);
#6406=PLANE('',#7094);
#6407=PLANE('',#7095);
#6408=PLANE('',#7113);
#6409=PLANE('',#7116);
#6410=PLANE('',#7119);
#6411=PLANE('',#7122);
#6412=PLANE('',#7125);
#6413=PLANE('',#7128);
#6414=PLANE('',#7129);
#6415=PLANE('',#7148);
#6416=PLANE('',#7153);
#6417=PLANE('',#7154);
#6418=PLANE('',#7155);
#6419=PLANE('',#7156);
#6420=PLANE('',#7157);
#6421=PLANE('',#7158);
#6422=PLANE('',#7159);
#6423=PLANE('',#7160);
#6424=PLANE('',#7161);
#6425=PLANE('',#7162);
#6426=PLANE('',#7163);
#6427=PLANE('',#7164);
#6428=PLANE('',#7165);
#6429=PLANE('',#7166);
#6430=PLANE('',#7167);
#6431=PLANE('',#7168);
#6432=PLANE('',#7169);
#6433=PLANE('',#7170);
#6434=PLANE('',#7175);
#6435=PLANE('',#7176);
#6436=PLANE('',#7177);
#6437=PLANE('',#7178);
#6438=PLANE('',#7182);
#6439=PLANE('',#7187);
#6440=PLANE('',#7188);
#6441=PLANE('',#7189);
#6442=PLANE('',#7190);
#6443=PLANE('',#7191);
#6444=PLANE('',#7194);
#6445=PLANE('',#7197);
#6446=PLANE('',#7202);
#6447=PLANE('',#7203);
#6448=PLANE('',#7204);
#6449=PLANE('',#7205);
#6450=PLANE('',#7206);
#6451=PLANE('',#7207);
#6452=PLANE('',#7212);
#6453=PLANE('',#7213);
#6454=PLANE('',#7214);
#6455=PLANE('',#7215);
#6456=PLANE('',#7216);
#6457=PLANE('',#7217);
#6458=PLANE('',#7218);
#6459=PLANE('',#7219);
#6460=PLANE('',#7220);
#6461=PLANE('',#7227);
#6462=PLANE('',#7228);
#6463=PLANE('',#7229);
#6464=PLANE('',#7230);
#6465=PLANE('',#7231);
#6466=PLANE('',#7232);
#6467=PLANE('',#7235);
#6468=PLANE('',#7236);
#6469=PLANE('',#7237);
#6470=PLANE('',#7238);
#6471=PLANE('',#7239);
#6472=PLANE('',#7240);
#6473=PLANE('',#7241);
#6474=PLANE('',#7242);
#6475=PLANE('',#7243);
#6476=PLANE('',#7252);
#6477=PLANE('',#7253);
#6478=PLANE('',#7254);
#6479=PLANE('',#7255);
#6480=PLANE('',#7256);
#6481=PLANE('',#7257);
#6482=PLANE('',#7258);
#6483=PLANE('',#7259);
#6484=PLANE('',#7260);
#6485=PLANE('',#7261);
#6486=PLANE('',#7262);
#6487=PLANE('',#7267);
#6488=PLANE('',#7268);
#6489=PLANE('',#7269);
#6490=PLANE('',#7270);
#6491=PLANE('',#7271);
#6492=PLANE('',#7274);
#6493=PLANE('',#7275);
#6494=PLANE('',#7276);
#6495=PLANE('',#7283);
#6496=PLANE('',#7288);
#6497=PLANE('',#7289);
#6498=PLANE('',#7290);
#6499=PLANE('',#7291);
#6500=PLANE('',#7294);
#6501=PLANE('',#7295);
#6502=PLANE('',#7296);
#6503=PLANE('',#7297);
#6504=PLANE('',#7298);
#6505=PLANE('',#7299);
#6506=PLANE('',#7300);
#6507=PLANE('',#7301);
#6508=PLANE('',#7302);
#6509=PLANE('',#7303);
#6510=PLANE('',#7306);
#6511=PLANE('',#7307);
#6512=PLANE('',#7308);
#6513=PLANE('',#7309);
#6514=PLANE('',#7312);
#6515=PLANE('',#7315);
#6516=PLANE('',#7316);
#6517=PLANE('',#7319);
#6518=PLANE('',#7320);
#6519=PLANE('',#7321);
#6520=PLANE('',#7322);
#6521=PLANE('',#7323);
#6522=PLANE('',#7324);
#6523=PLANE('',#7325);
#6524=PLANE('',#7326);
#6525=ADVANCED_FACE('',(#5959,#5960,#5961,#5962,#5963,#5964,#5965,#5966,
#5967,#5968,#5969,#5970,#5971,#5972,#5973,#5974,#5975),#6369,.T.);
#6526=ADVANCED_FACE('',(#5976,#5977),#6370,.T.);
#6527=ADVANCED_FACE('',(#5978,#5979),#6371,.T.);
#6528=ADVANCED_FACE('',(#5980,#5981),#6372,.T.);
#6529=ADVANCED_FACE('',(#5982,#5983),#6373,.T.);
#6530=ADVANCED_FACE('',(#5984,#5985,#5986,#5987,#5988,#5989,#5990,#5991),
#6374,.T.);
#6531=ADVANCED_FACE('',(#5992,#5993,#5994,#5995,#5996,#5997,#5998,#5999,
#6000,#6001,#6002,#6003),#6375,.F.);
#6532=ADVANCED_FACE('',(#6004),#131,.F.);
#6533=ADVANCED_FACE('',(#6005),#6376,.F.);
#6534=ADVANCED_FACE('',(#6006),#132,.F.);
#6535=ADVANCED_FACE('',(#6007),#6377,.F.);
#6536=ADVANCED_FACE('',(#6008),#133,.F.);
#6537=ADVANCED_FACE('',(#6009),#6378,.T.);
#6538=ADVANCED_FACE('',(#6010),#134,.F.);
#6539=ADVANCED_FACE('',(#6011),#135,.F.);
#6540=ADVANCED_FACE('',(#6012),#6379,.F.);
#6541=ADVANCED_FACE('',(#6013),#136,.F.);
#6542=ADVANCED_FACE('',(#6014),#6380,.F.);
#6543=ADVANCED_FACE('',(#6015),#137,.F.);
#6544=ADVANCED_FACE('',(#6016),#6381,.T.);
#6545=ADVANCED_FACE('',(#6017),#138,.F.);
#6546=ADVANCED_FACE('',(#6018),#139,.F.);
#6547=ADVANCED_FACE('',(#6019),#6382,.F.);
#6548=ADVANCED_FACE('',(#6020),#140,.F.);
#6549=ADVANCED_FACE('',(#6021),#6383,.F.);
#6550=ADVANCED_FACE('',(#6022),#141,.F.);
#6551=ADVANCED_FACE('',(#6023),#6384,.T.);
#6552=ADVANCED_FACE('',(#6024),#142,.F.);
#6553=ADVANCED_FACE('',(#6025),#143,.F.);
#6554=ADVANCED_FACE('',(#6026),#6385,.F.);
#6555=ADVANCED_FACE('',(#6027),#144,.F.);
#6556=ADVANCED_FACE('',(#6028),#6386,.F.);
#6557=ADVANCED_FACE('',(#6029),#145,.F.);
#6558=ADVANCED_FACE('',(#6030),#6387,.T.);
#6559=ADVANCED_FACE('',(#6031),#146,.F.);
#6560=ADVANCED_FACE('',(#6032),#147,.F.);
#6561=ADVANCED_FACE('',(#6033),#6388,.F.);
#6562=ADVANCED_FACE('',(#6034),#148,.F.);
#6563=ADVANCED_FACE('',(#6035),#6389,.F.);
#6564=ADVANCED_FACE('',(#6036),#149,.F.);
#6565=ADVANCED_FACE('',(#6037),#6390,.T.);
#6566=ADVANCED_FACE('',(#6038),#150,.F.);
#6567=ADVANCED_FACE('',(#6039),#151,.F.);
#6568=ADVANCED_FACE('',(#6040),#6391,.F.);
#6569=ADVANCED_FACE('',(#6041),#152,.F.);
#6570=ADVANCED_FACE('',(#6042),#6392,.F.);
#6571=ADVANCED_FACE('',(#6043),#153,.F.);
#6572=ADVANCED_FACE('',(#6044),#6393,.T.);
#6573=ADVANCED_FACE('',(#6045),#154,.F.);
#6574=ADVANCED_FACE('',(#6046),#155,.F.);
#6575=ADVANCED_FACE('',(#6047),#6394,.F.);
#6576=ADVANCED_FACE('',(#6048),#156,.F.);
#6577=ADVANCED_FACE('',(#6049),#6395,.T.);
#6578=ADVANCED_FACE('',(#6050),#157,.F.);
#6579=ADVANCED_FACE('',(#6051),#6396,.T.);
#6580=ADVANCED_FACE('',(#6052),#158,.F.);
#6581=ADVANCED_FACE('',(#6053),#6397,.T.);
#6582=ADVANCED_FACE('',(#6054),#6398,.F.);
#6583=ADVANCED_FACE('',(#6055),#6399,.F.);
#6584=ADVANCED_FACE('',(#6056),#6400,.T.);
#6585=ADVANCED_FACE('',(#6057),#6401,.T.);
#6586=ADVANCED_FACE('',(#6058),#6402,.T.);
#6587=ADVANCED_FACE('',(#6059),#6403,.T.);
#6588=ADVANCED_FACE('',(#6060),#6404,.T.);
#6589=ADVANCED_FACE('',(#6061),#6405,.F.);
#6590=ADVANCED_FACE('',(#6062),#6406,.T.);
#6591=ADVANCED_FACE('',(#6063),#6407,.T.);
#6592=ADVANCED_FACE('',(#6064,#6065),#159,.F.);
#6593=ADVANCED_FACE('',(#6066,#6067),#160,.F.);
#6594=ADVANCED_FACE('',(#6068,#6069),#161,.F.);
#6595=ADVANCED_FACE('',(#6070,#6071),#162,.F.);
#6596=ADVANCED_FACE('',(#6072),#163,.T.);
#6597=ADVANCED_FACE('',(#6073),#164,.T.);
#6598=ADVANCED_FACE('',(#6074),#165,.T.);
#6599=ADVANCED_FACE('',(#6075),#166,.T.);
#6600=ADVANCED_FACE('',(#6076),#167,.F.);
#6601=ADVANCED_FACE('',(#6077),#168,.F.);
#6602=ADVANCED_FACE('',(#6078),#169,.F.);
#6603=ADVANCED_FACE('',(#6079),#170,.F.);
#6604=ADVANCED_FACE('',(#6080),#171,.F.);
#6605=ADVANCED_FACE('',(#6081),#6408,.F.);
#6606=ADVANCED_FACE('',(#6082),#172,.F.);
#6607=ADVANCED_FACE('',(#6083),#6409,.T.);
#6608=ADVANCED_FACE('',(#6084),#173,.F.);
#6609=ADVANCED_FACE('',(#6085),#6410,.T.);
#6610=ADVANCED_FACE('',(#6086),#174,.F.);
#6611=ADVANCED_FACE('',(#6087),#6411,.F.);
#6612=ADVANCED_FACE('',(#6088),#175,.T.);
#6613=ADVANCED_FACE('',(#6089),#6412,.T.);
#6614=ADVANCED_FACE('',(#6090),#176,.F.);
#6615=ADVANCED_FACE('',(#6091),#6413,.F.);
#6616=ADVANCED_FACE('',(#6092),#6414,.T.);
#6617=ADVANCED_FACE('',(#6093),#177,.T.);
#6618=ADVANCED_FACE('',(#6094),#178,.T.);
#6619=ADVANCED_FACE('',(#6095),#179,.T.);
#6620=ADVANCED_FACE('',(#6096),#180,.T.);
#6621=ADVANCED_FACE('',(#6097),#181,.T.);
#6622=ADVANCED_FACE('',(#6098),#182,.T.);
#6623=ADVANCED_FACE('',(#6099),#183,.T.);
#6624=ADVANCED_FACE('',(#6100),#184,.T.);
#6625=ADVANCED_FACE('',(#6101),#185,.T.);
#6626=ADVANCED_FACE('',(#6102),#128,.T.);
#6627=ADVANCED_FACE('',(#6103),#186,.T.);
#6628=ADVANCED_FACE('',(#6104),#12,.T.);
#6629=ADVANCED_FACE('',(#6105),#13,.T.);
#6630=ADVANCED_FACE('',(#6106),#14,.T.);
#6631=ADVANCED_FACE('',(#6107),#15,.T.);
#6632=ADVANCED_FACE('',(#6108),#16,.T.);
#6633=ADVANCED_FACE('',(#6109),#17,.T.);
#6634=ADVANCED_FACE('',(#6110),#18,.T.);
#6635=ADVANCED_FACE('',(#6111),#19,.T.);
#6636=ADVANCED_FACE('',(#6112),#20,.T.);
#6637=ADVANCED_FACE('',(#6113),#6415,.T.);
#6638=ADVANCED_FACE('',(#6114),#21,.T.);
#6639=ADVANCED_FACE('',(#6115),#22,.T.);
#6640=ADVANCED_FACE('',(#6116),#23,.T.);
#6641=ADVANCED_FACE('',(#6117),#24,.T.);
#6642=ADVANCED_FACE('',(#6118),#25,.T.);
#6643=ADVANCED_FACE('',(#6119),#26,.T.);
#6644=ADVANCED_FACE('',(#6120),#27,.T.);
#6645=ADVANCED_FACE('',(#6121),#28,.T.);
#6646=ADVANCED_FACE('',(#6122),#29,.T.);
#6647=ADVANCED_FACE('',(#6123),#30,.T.);
#6648=ADVANCED_FACE('',(#6124),#187,.T.);
#6649=ADVANCED_FACE('',(#6125),#188,.T.);
#6650=ADVANCED_FACE('',(#6126),#6416,.T.);
#6651=ADVANCED_FACE('',(#6127),#31,.T.);
#6652=ADVANCED_FACE('',(#6128),#32,.T.);
#6653=ADVANCED_FACE('',(#6129),#6417,.T.);
#6654=ADVANCED_FACE('',(#6130),#33,.T.);
#6655=ADVANCED_FACE('',(#6131),#34,.T.);
#6656=ADVANCED_FACE('',(#6132),#35,.T.);
#6657=ADVANCED_FACE('',(#6133),#36,.T.);
#6658=ADVANCED_FACE('',(#6134),#37,.T.);
#6659=ADVANCED_FACE('',(#6135),#38,.T.);
#6660=ADVANCED_FACE('',(#6136),#39,.T.);
#6661=ADVANCED_FACE('',(#6137),#6418,.T.);
#6662=ADVANCED_FACE('',(#6138),#6419,.T.);
#6663=ADVANCED_FACE('',(#6139),#6420,.T.);
#6664=ADVANCED_FACE('',(#6140),#6421,.T.);
#6665=ADVANCED_FACE('',(#6141),#6422,.T.);
#6666=ADVANCED_FACE('',(#6142),#6423,.T.);
#6667=ADVANCED_FACE('',(#6143),#6424,.T.);
#6668=ADVANCED_FACE('',(#6144),#6425,.T.);
#6669=ADVANCED_FACE('',(#6145),#6426,.T.);
#6670=ADVANCED_FACE('',(#6146),#6427,.T.);
#6671=ADVANCED_FACE('',(#6147),#40,.T.);
#6672=ADVANCED_FACE('',(#6148),#41,.T.);
#6673=ADVANCED_FACE('',(#6149),#42,.T.);
#6674=ADVANCED_FACE('',(#6150),#43,.T.);
#6675=ADVANCED_FACE('',(#6151),#44,.T.);
#6676=ADVANCED_FACE('',(#6152),#45,.T.);
#6677=ADVANCED_FACE('',(#6153),#46,.T.);
#6678=ADVANCED_FACE('',(#6154,#6155),#6428,.T.);
#6679=ADVANCED_FACE('',(#6156),#47,.T.);
#6680=ADVANCED_FACE('',(#6157),#48,.T.);
#6681=ADVANCED_FACE('',(#6158),#49,.T.);
#6682=ADVANCED_FACE('',(#6159),#50,.T.);
#6683=ADVANCED_FACE('',(#6160),#51,.T.);
#6684=ADVANCED_FACE('',(#6161),#6429,.T.);
#6685=ADVANCED_FACE('',(#6162),#6430,.T.);
#6686=ADVANCED_FACE('',(#6163),#6431,.T.);
#6687=ADVANCED_FACE('',(#6164),#6432,.T.);
#6688=ADVANCED_FACE('',(#6165),#6433,.T.);
#6689=ADVANCED_FACE('',(#6166),#52,.T.);
#6690=ADVANCED_FACE('',(#6167),#53,.T.);
#6691=ADVANCED_FACE('',(#6168),#189,.F.);
#6692=ADVANCED_FACE('',(#6169),#190,.F.);
#6693=ADVANCED_FACE('',(#6170),#6434,.T.);
#6694=ADVANCED_FACE('',(#6171),#54,.T.);
#6695=ADVANCED_FACE('',(#6172),#55,.T.);
#6696=ADVANCED_FACE('',(#6173),#56,.T.);
#6697=ADVANCED_FACE('',(#6174),#6435,.T.);
#6698=ADVANCED_FACE('',(#6175),#6436,.T.);
#6699=ADVANCED_FACE('',(#6176),#57,.T.);
#6700=ADVANCED_FACE('',(#6177),#58,.T.);
#6701=ADVANCED_FACE('',(#6178),#59,.T.);
#6702=ADVANCED_FACE('',(#6179),#60,.T.);
#6703=ADVANCED_FACE('',(#6180),#61,.T.);
#6704=ADVANCED_FACE('',(#6181),#62,.T.);
#6705=ADVANCED_FACE('',(#6182,#6183),#6437,.T.);
#6706=ADVANCED_FACE('',(#6184),#63,.T.);
#6707=ADVANCED_FACE('',(#6185),#64,.T.);
#6708=ADVANCED_FACE('',(#6186),#65,.T.);
#6709=ADVANCED_FACE('',(#6187),#66,.T.);
#6710=ADVANCED_FACE('',(#6188),#191,.T.);
#6711=ADVANCED_FACE('',(#6189),#67,.T.);
#6712=ADVANCED_FACE('',(#6190),#68,.T.);
#6713=ADVANCED_FACE('',(#6191),#6438,.T.);
#6714=ADVANCED_FACE('',(#6192),#192,.F.);
#6715=ADVANCED_FACE('',(#6193),#69,.T.);
#6716=ADVANCED_FACE('',(#6194),#70,.T.);
#6717=ADVANCED_FACE('',(#6195),#71,.T.);
#6718=ADVANCED_FACE('',(#6196),#72,.T.);
#6719=ADVANCED_FACE('',(#6197),#193,.F.);
#6720=ADVANCED_FACE('',(#6198),#73,.T.);
#6721=ADVANCED_FACE('',(#6199),#6439,.T.);
#6722=ADVANCED_FACE('',(#6200),#6440,.T.);
#6723=ADVANCED_FACE('',(#6201),#6441,.T.);
#6724=ADVANCED_FACE('',(#6202),#6442,.T.);
#6725=ADVANCED_FACE('',(#6203),#6443,.T.);
#6726=ADVANCED_FACE('',(#6204),#194,.F.);
#6727=ADVANCED_FACE('',(#6205),#6444,.T.);
#6728=ADVANCED_FACE('',(#6206),#195,.F.);
#6729=ADVANCED_FACE('',(#6207),#74,.T.);
#6730=ADVANCED_FACE('',(#6208,#6209),#6445,.T.);
#6731=ADVANCED_FACE('',(#6210),#75,.T.);
#6732=ADVANCED_FACE('',(#6211),#76,.T.);
#6733=ADVANCED_FACE('',(#6212),#77,.T.);
#6734=ADVANCED_FACE('',(#6213),#78,.T.);
#6735=ADVANCED_FACE('',(#6214),#79,.T.);
#6736=ADVANCED_FACE('',(#6215),#80,.T.);
#6737=ADVANCED_FACE('',(#6216),#81,.T.);
#6738=ADVANCED_FACE('',(#6217),#82,.T.);
#6739=ADVANCED_FACE('',(#6218),#83,.T.);
#6740=ADVANCED_FACE('',(#6219),#84,.T.);
#6741=ADVANCED_FACE('',(#6220),#85,.T.);
#6742=ADVANCED_FACE('',(#6221),#86,.T.);
#6743=ADVANCED_FACE('',(#6222),#87,.T.);
#6744=ADVANCED_FACE('',(#6223),#196,.F.);
#6745=ADVANCED_FACE('',(#6224),#197,.F.);
#6746=ADVANCED_FACE('',(#6225),#88,.T.);
#6747=ADVANCED_FACE('',(#6226),#89,.T.);
#6748=ADVANCED_FACE('',(#6227,#6228),#6446,.T.);
#6749=ADVANCED_FACE('',(#6229),#90,.T.);
#6750=ADVANCED_FACE('',(#6230),#91,.T.);
#6751=ADVANCED_FACE('',(#6231),#92,.T.);
#6752=ADVANCED_FACE('',(#6232),#93,.T.);
#6753=ADVANCED_FACE('',(#6233),#94,.T.);
#6754=ADVANCED_FACE('',(#6234),#6447,.T.);
#6755=ADVANCED_FACE('',(#6235),#6448,.T.);
#6756=ADVANCED_FACE('',(#6236),#6449,.T.);
#6757=ADVANCED_FACE('',(#6237),#6450,.T.);
#6758=ADVANCED_FACE('',(#6238),#6451,.T.);
#6759=ADVANCED_FACE('',(#6239),#95,.T.);
#6760=ADVANCED_FACE('',(#6240),#96,.T.);
#6761=ADVANCED_FACE('',(#6241),#198,.F.);
#6762=ADVANCED_FACE('',(#6242),#199,.F.);
#6763=ADVANCED_FACE('',(#6243),#6452,.T.);
#6764=ADVANCED_FACE('',(#6244),#97,.T.);
#6765=ADVANCED_FACE('',(#6245),#98,.T.);
#6766=ADVANCED_FACE('',(#6246),#99,.T.);
#6767=ADVANCED_FACE('',(#6247),#6453,.T.);
#6768=ADVANCED_FACE('',(#6248),#6454,.T.);
#6769=ADVANCED_FACE('',(#6249),#100,.T.);
#6770=ADVANCED_FACE('',(#6250),#101,.T.);
#6771=ADVANCED_FACE('',(#6251),#102,.T.);
#6772=ADVANCED_FACE('',(#6252),#103,.T.);
#6773=ADVANCED_FACE('',(#6253),#104,.T.);
#6774=ADVANCED_FACE('',(#6254),#105,.T.);
#6775=ADVANCED_FACE('',(#6255,#6256),#6455,.T.);
#6776=ADVANCED_FACE('',(#6257),#6456,.T.);
#6777=ADVANCED_FACE('',(#6258),#6457,.T.);
#6778=ADVANCED_FACE('',(#6259),#6458,.T.);
#6779=ADVANCED_FACE('',(#6260),#6459,.T.);
#6780=ADVANCED_FACE('',(#6261),#6460,.T.);
#6781=ADVANCED_FACE('',(#6262),#200,.F.);
#6782=ADVANCED_FACE('',(#6263),#201,.F.);
#6783=ADVANCED_FACE('',(#6264),#202,.F.);
#6784=ADVANCED_FACE('',(#6265),#6461,.T.);
#6785=ADVANCED_FACE('',(#6266),#6462,.T.);
#6786=ADVANCED_FACE('',(#6267),#6463,.T.);
#6787=ADVANCED_FACE('',(#6268),#6464,.T.);
#6788=ADVANCED_FACE('',(#6269),#6465,.T.);
#6789=ADVANCED_FACE('',(#6270),#6466,.T.);
#6790=ADVANCED_FACE('',(#6271),#203,.F.);
#6791=ADVANCED_FACE('',(#6272),#106,.T.);
#6792=ADVANCED_FACE('',(#6273),#6467,.T.);
#6793=ADVANCED_FACE('',(#6274),#107,.T.);
#6794=ADVANCED_FACE('',(#6275),#6468,.T.);
#6795=ADVANCED_FACE('',(#6276),#6469,.T.);
#6796=ADVANCED_FACE('',(#6277),#6470,.T.);
#6797=ADVANCED_FACE('',(#6278),#6471,.T.);
#6798=ADVANCED_FACE('',(#6279),#6472,.T.);
#6799=ADVANCED_FACE('',(#6280),#6473,.T.);
#6800=ADVANCED_FACE('',(#6281),#6474,.T.);
#6801=ADVANCED_FACE('',(#6282),#6475,.T.);
#6802=ADVANCED_FACE('',(#6283),#108,.T.);
#6803=ADVANCED_FACE('',(#6284),#109,.T.);
#6804=ADVANCED_FACE('',(#6285),#204,.F.);
#6805=ADVANCED_FACE('',(#6286),#205,.F.);
#6806=ADVANCED_FACE('',(#6287),#110,.T.);
#6807=ADVANCED_FACE('',(#6288),#111,.T.);
#6808=ADVANCED_FACE('',(#6289),#206,.F.);
#6809=ADVANCED_FACE('',(#6290),#207,.F.);
#6810=ADVANCED_FACE('',(#6291),#6476,.T.);
#6811=ADVANCED_FACE('',(#6292),#6477,.T.);
#6812=ADVANCED_FACE('',(#6293),#6478,.T.);
#6813=ADVANCED_FACE('',(#6294),#6479,.T.);
#6814=ADVANCED_FACE('',(#6295),#6480,.T.);
#6815=ADVANCED_FACE('',(#6296),#6481,.T.);
#6816=ADVANCED_FACE('',(#6297),#6482,.T.);
#6817=ADVANCED_FACE('',(#6298),#6483,.T.);
#6818=ADVANCED_FACE('',(#6299),#6484,.T.);
#6819=ADVANCED_FACE('',(#6300),#6485,.T.);
#6820=ADVANCED_FACE('',(#6301),#6486,.T.);
#6821=ADVANCED_FACE('',(#6302),#208,.F.);
#6822=ADVANCED_FACE('',(#6303),#209,.F.);
#6823=ADVANCED_FACE('',(#6304),#112,.T.);
#6824=ADVANCED_FACE('',(#6305),#6487,.T.);
#6825=ADVANCED_FACE('',(#6306),#6488,.T.);
#6826=ADVANCED_FACE('',(#6307),#6489,.T.);
#6827=ADVANCED_FACE('',(#6308),#6490,.T.);
#6828=ADVANCED_FACE('',(#6309),#6491,.T.);
#6829=ADVANCED_FACE('',(#6310),#113,.T.);
#6830=ADVANCED_FACE('',(#6311),#114,.T.);
#6831=ADVANCED_FACE('',(#6312),#210,.T.);
#6832=ADVANCED_FACE('',(#6313),#6492,.T.);
#6833=ADVANCED_FACE('',(#6314),#6493,.T.);
#6834=ADVANCED_FACE('',(#6315),#115,.T.);
#6835=ADVANCED_FACE('',(#6316),#116,.T.);
#6836=ADVANCED_FACE('',(#6317),#6494,.T.);
#6837=ADVANCED_FACE('',(#6318),#211,.T.);
#6838=ADVANCED_FACE('',(#6319),#117,.T.);
#6839=ADVANCED_FACE('',(#6320),#118,.T.);
#6840=ADVANCED_FACE('',(#6321),#119,.T.);
#6841=ADVANCED_FACE('',(#6322),#212,.T.);
#6842=ADVANCED_FACE('',(#6323),#213,.T.);
#6843=ADVANCED_FACE('',(#6324),#6495,.T.);
#6844=ADVANCED_FACE('',(#6325),#214,.F.);
#6845=ADVANCED_FACE('',(#6326),#215,.F.);
#6846=ADVANCED_FACE('',(#6327),#120,.T.);
#6847=ADVANCED_FACE('',(#6328),#121,.T.);
#6848=ADVANCED_FACE('',(#6329),#122,.T.);
#6849=ADVANCED_FACE('',(#6330),#6496,.T.);
#6850=ADVANCED_FACE('',(#6331),#6497,.T.);
#6851=ADVANCED_FACE('',(#6332),#6498,.T.);
#6852=ADVANCED_FACE('',(#6333),#6499,.T.);
#6853=ADVANCED_FACE('',(#6334),#216,.F.);
#6854=ADVANCED_FACE('',(#6335),#6500,.T.);
#6855=ADVANCED_FACE('',(#6336),#6501,.T.);
#6856=ADVANCED_FACE('',(#6337),#6502,.T.);
#6857=ADVANCED_FACE('',(#6338),#6503,.T.);
#6858=ADVANCED_FACE('',(#6339),#6504,.T.);
#6859=ADVANCED_FACE('',(#6340),#6505,.T.);
#6860=ADVANCED_FACE('',(#6341),#6506,.T.);
#6861=ADVANCED_FACE('',(#6342),#6507,.T.);
#6862=ADVANCED_FACE('',(#6343),#6508,.T.);
#6863=ADVANCED_FACE('',(#6344),#6509,.T.);
#6864=ADVANCED_FACE('',(#6345),#217,.F.);
#6865=ADVANCED_FACE('',(#6346),#6510,.T.);
#6866=ADVANCED_FACE('',(#6347),#6511,.T.);
#6867=ADVANCED_FACE('',(#6348),#6512,.T.);
#6868=ADVANCED_FACE('',(#6349),#6513,.T.);
#6869=ADVANCED_FACE('',(#6350),#123,.T.);
#6870=ADVANCED_FACE('',(#6351),#218,.T.);
#6871=ADVANCED_FACE('',(#6352),#6514,.T.);
#6872=ADVANCED_FACE('',(#6353),#219,.F.);
#6873=ADVANCED_FACE('',(#6354),#124,.T.);
#6874=ADVANCED_FACE('',(#6355),#125,.T.);
#6875=ADVANCED_FACE('',(#6356),#6515,.T.);
#6876=ADVANCED_FACE('',(#6357),#6516,.T.);
#6877=ADVANCED_FACE('',(#6358),#126,.T.);
#6878=ADVANCED_FACE('',(#6359),#220,.F.);
#6879=ADVANCED_FACE('',(#6360),#6517,.T.);
#6880=ADVANCED_FACE('',(#6361),#127,.T.);
#6881=ADVANCED_FACE('',(#6362),#6518,.T.);
#6882=ADVANCED_FACE('',(#6363),#6519,.T.);
#6883=ADVANCED_FACE('',(#6364),#6520,.T.);
#6884=ADVANCED_FACE('',(#6365),#6521,.T.);
#6885=ADVANCED_FACE('',(#6366),#6522,.T.);
#6886=ADVANCED_FACE('',(#6367),#6523,.T.);
#6887=ADVANCED_FACE('',(#6368),#6524,.T.);
#6888=CLOSED_SHELL('',(#6525,#6526,#6527,#6528,#6529,#6530,#6531,#6532,
#6533,#6534,#6535,#6536,#6537,#6538,#6539,#6540,#6541,#6542,#6543,#6544,
#6545,#6546,#6547,#6548,#6549,#6550,#6551,#6552,#6553,#6554,#6555,#6556,
#6557,#6558,#6559,#6560,#6561,#6562,#6563,#6564,#6565,#6566,#6567,#6568,
#6569,#6570,#6571,#6572,#6573,#6574,#6575,#6576,#6577,#6578,#6579,#6580,
#6581,#6582,#6583,#6584,#6585,#6586,#6587,#6588,#6589,#6590,#6591,#6592,
#6593,#6594,#6595,#6596,#6597,#6598,#6599,#6600,#6601,#6602,#6603,#6604,
#6605,#6606,#6607,#6608,#6609,#6610,#6611,#6612,#6613,#6614,#6615,#6616,
#6617,#6618,#6619,#6620,#6621,#6622,#6623,#6624,#6625,#6626,#6627,#6628,
#6629,#6630,#6631,#6632,#6633,#6634,#6635,#6636,#6637,#6638,#6639,#6640,
#6641,#6642,#6643,#6644,#6645,#6646,#6647,#6648,#6649,#6650,#6651,#6652,
#6653,#6654,#6655,#6656,#6657,#6658,#6659,#6660,#6661,#6662,#6663,#6664,
#6665,#6666,#6667,#6668,#6669,#6670,#6671,#6672,#6673,#6674,#6675,#6676,
#6677,#6678,#6679,#6680,#6681,#6682,#6683,#6684,#6685,#6686,#6687,#6688,
#6689,#6690,#6691,#6692,#6693,#6694,#6695,#6696,#6697,#6698,#6699,#6700,
#6701,#6702,#6703,#6704,#6705,#6706,#6707,#6708,#6709,#6710,#6711,#6712,
#6713,#6714,#6715,#6716,#6717,#6718,#6719,#6720,#6721,#6722,#6723,#6724,
#6725,#6726,#6727,#6728,#6729,#6730,#6731,#6732,#6733,#6734,#6735,#6736,
#6737,#6738,#6739,#6740,#6741,#6742,#6743,#6744,#6745,#6746,#6747,#6748,
#6749,#6750,#6751,#6752,#6753,#6754,#6755,#6756,#6757,#6758,#6759,#6760,
#6761,#6762,#6763,#6764,#6765,#6766,#6767,#6768,#6769,#6770,#6771,#6772,
#6773,#6774,#6775,#6776,#6777,#6778,#6779,#6780,#6781,#6782,#6783,#6784,
#6785,#6786,#6787,#6788,#6789,#6790,#6791,#6792,#6793,#6794,#6795,#6796,
#6797,#6798,#6799,#6800,#6801,#6802,#6803,#6804,#6805,#6806,#6807,#6808,
#6809,#6810,#6811,#6812,#6813,#6814,#6815,#6816,#6817,#6818,#6819,#6820,
#6821,#6822,#6823,#6824,#6825,#6826,#6827,#6828,#6829,#6830,#6831,#6832,
#6833,#6834,#6835,#6836,#6837,#6838,#6839,#6840,#6841,#6842,#6843,#6844,
#6845,#6846,#6847,#6848,#6849,#6850,#6851,#6852,#6853,#6854,#6855,#6856,
#6857,#6858,#6859,#6860,#6861,#6862,#6863,#6864,#6865,#6866,#6867,#6868,
#6869,#6870,#6871,#6872,#6873,#6874,#6875,#6876,#6877,#6878,#6879,#6880,
#6881,#6882,#6883,#6884,#6885,#6886,#6887));
#6889=STYLED_ITEM('',(#6890),#6897);
#6890=PRESENTATION_STYLE_ASSIGNMENT((#6891));
#6891=SURFACE_STYLE_USAGE(.BOTH.,#6892);
#6892=SURFACE_SIDE_STYLE('',(#6893));
#6893=SURFACE_STYLE_FILL_AREA(#6894);
#6894=FILL_AREA_STYLE('',(#6895));
#6895=FILL_AREA_STYLE_COLOUR('',#6896);
#6896=COLOUR_RGB('',0.301960784313725,0.301960784313725,0.301960784313725);
#6897=MANIFOLD_SOLID_BREP('plate',#6888);
#6898=SHAPE_DEFINITION_REPRESENTATION(#12154,#6899);
#6899=SHAPE_REPRESENTATION('plate',(#6900),#12149);
#6900=AXIS2_PLACEMENT_3D('',#8782,#7327,#7328);
#6901=AXIS2_PLACEMENT_3D('',#8783,#7329,#7330);
#6902=AXIS2_PLACEMENT_3D('',#8797,#7331,#7332);
#6903=AXIS2_PLACEMENT_3D('',#8799,#7333,#7334);
#6904=AXIS2_PLACEMENT_3D('',#8861,#7340,#7341);
#6905=AXIS2_PLACEMENT_3D('',#8863,#7342,#7343);
#6906=AXIS2_PLACEMENT_3D('',#8893,#7346,#7347);
#6907=AXIS2_PLACEMENT_3D('',#8895,#7348,#7349);
#6908=AXIS2_PLACEMENT_3D('',#8973,#7354,#7355);
#6909=AXIS2_PLACEMENT_3D('',#8975,#7356,#7357);
#6910=AXIS2_PLACEMENT_3D('',#8977,#7358,#7359);
#6911=AXIS2_PLACEMENT_3D('',#9031,#7371,#7372);
#6912=AXIS2_PLACEMENT_3D('',#9049,#7373,#7374);
#6913=AXIS2_PLACEMENT_3D('',#9051,#7375,#7376);
#6914=AXIS2_PLACEMENT_3D('',#9055,#7378,#7379);
#6915=AXIS2_PLACEMENT_3D('',#9109,#7389,#7390);
#6916=AXIS2_PLACEMENT_3D('',#9111,#7391,#7392);
#6917=AXIS2_PLACEMENT_3D('',#9129,#7397,#7398);
#6918=AXIS2_PLACEMENT_3D('',#9131,#7399,#7400);
#6919=AXIS2_PLACEMENT_3D('',#9133,#7401,#7402);
#6920=AXIS2_PLACEMENT_3D('',#9159,#7411,#7412);
#6921=AXIS2_PLACEMENT_3D('',#9181,#7419,#7420);
#6922=AXIS2_PLACEMENT_3D('',#9183,#7421,#7422);
#6923=AXIS2_PLACEMENT_3D('',#9193,#7423,#7424);
#6924=AXIS2_PLACEMENT_3D('',#9195,#7425,#7426);
#6925=AXIS2_PLACEMENT_3D('',#9221,#7436,#7437);
#6926=AXIS2_PLACEMENT_3D('',#9223,#7438,#7439);
#6927=AXIS2_PLACEMENT_3D('',#9227,#7441,#7442);
#6928=AXIS2_PLACEMENT_3D('',#9265,#7447,#7448);
#6929=AXIS2_PLACEMENT_3D('',#9267,#7449,#7450);
#6930=AXIS2_PLACEMENT_3D('',#9271,#7452,#7453);
#6931=AXIS2_PLACEMENT_3D('',#9273,#7454,#7455);
#6932=AXIS2_PLACEMENT_3D('',#9287,#7456,#7457);
#6933=AXIS2_PLACEMENT_3D('',#9303,#7465,#7466);
#6934=AXIS2_PLACEMENT_3D('',#9311,#7470,#7471);
#6935=AXIS2_PLACEMENT_3D('',#9333,#7480,#7481);
#6936=AXIS2_PLACEMENT_3D('',#9351,#7484,#7485);
#6937=AXIS2_PLACEMENT_3D('',#9355,#7487,#7488);
#6938=AXIS2_PLACEMENT_3D('',#9362,#7490,#7491);
#6939=AXIS2_PLACEMENT_3D('',#9363,#7492,#7493);
#6940=AXIS2_PLACEMENT_3D('',#9368,#7495,#7496);
#6941=AXIS2_PLACEMENT_3D('',#9370,#7497,#7498);
#6942=AXIS2_PLACEMENT_3D('',#9372,#7499,#7500);
#6943=AXIS2_PLACEMENT_3D('',#9376,#7502,#7503);
#6944=AXIS2_PLACEMENT_3D('',#9377,#7504,#7505);
#6945=AXIS2_PLACEMENT_3D('',#9378,#7506,#7507);
#6946=AXIS2_PLACEMENT_3D('',#9383,#7509,#7510);
#6947=AXIS2_PLACEMENT_3D('',#9385,#7511,#7512);
#6948=AXIS2_PLACEMENT_3D('',#9387,#7513,#7514);
#6949=AXIS2_PLACEMENT_3D('',#9391,#7516,#7517);
#6950=AXIS2_PLACEMENT_3D('',#9392,#7518,#7519);
#6951=AXIS2_PLACEMENT_3D('',#9393,#7520,#7521);
#6952=AXIS2_PLACEMENT_3D('',#9396,#7522,#7523);
#6953=AXIS2_PLACEMENT_3D('',#9400,#7525,#7526);
#6954=AXIS2_PLACEMENT_3D('',#9404,#7528,#7529);
#6955=AXIS2_PLACEMENT_3D('',#9405,#7530,#7531);
#6956=AXIS2_PLACEMENT_3D('',#9407,#7532,#7533);
#6957=AXIS2_PLACEMENT_3D('',#9408,#7534,#7535);
#6958=AXIS2_PLACEMENT_3D('',#9411,#7536,#7537);
#6959=AXIS2_PLACEMENT_3D('',#9415,#7539,#7540);
#6960=AXIS2_PLACEMENT_3D('',#9419,#7542,#7543);
#6961=AXIS2_PLACEMENT_3D('',#9420,#7544,#7545);
#6962=AXIS2_PLACEMENT_3D('',#9422,#7546,#7547);
#6963=AXIS2_PLACEMENT_3D('',#9423,#7548,#7549);
#6964=AXIS2_PLACEMENT_3D('',#9428,#7551,#7552);
#6965=AXIS2_PLACEMENT_3D('',#9432,#7554,#7555);
#6966=AXIS2_PLACEMENT_3D('',#9436,#7557,#7558);
#6967=AXIS2_PLACEMENT_3D('',#9440,#7560,#7561);
#6968=AXIS2_PLACEMENT_3D('',#9444,#7563,#7564);
#6969=AXIS2_PLACEMENT_3D('',#9447,#7566,#7567);
#6970=AXIS2_PLACEMENT_3D('',#9452,#7569,#7570);
#6971=AXIS2_PLACEMENT_3D('',#9456,#7572,#7573);
#6972=AXIS2_PLACEMENT_3D('',#9460,#7575,#7576);
#6973=AXIS2_PLACEMENT_3D('',#9463,#7578,#7579);
#6974=AXIS2_PLACEMENT_3D('',#9468,#7581,#7582);
#6975=AXIS2_PLACEMENT_3D('',#9472,#7584,#7585);
#6976=AXIS2_PLACEMENT_3D('',#9476,#7587,#7588);
#6977=AXIS2_PLACEMENT_3D('',#9479,#7590,#7591);
#6978=AXIS2_PLACEMENT_3D('',#9484,#7593,#7594);
#6979=AXIS2_PLACEMENT_3D('',#9488,#7596,#7597);
#6980=AXIS2_PLACEMENT_3D('',#9492,#7599,#7600);
#6981=AXIS2_PLACEMENT_3D('',#9495,#7602,#7603);
#6982=AXIS2_PLACEMENT_3D('',#9500,#7605,#7606);
#6983=AXIS2_PLACEMENT_3D('',#9504,#7608,#7609);
#6984=AXIS2_PLACEMENT_3D('',#9508,#7611,#7612);
#6985=AXIS2_PLACEMENT_3D('',#9511,#7614,#7615);
#6986=AXIS2_PLACEMENT_3D('',#9516,#7617,#7618);
#6987=AXIS2_PLACEMENT_3D('',#9520,#7620,#7621);
#6988=AXIS2_PLACEMENT_3D('',#9524,#7623,#7624);
#6989=AXIS2_PLACEMENT_3D('',#9527,#7626,#7627);
#6990=AXIS2_PLACEMENT_3D('',#9532,#7629,#7630);
#6991=AXIS2_PLACEMENT_3D('',#9536,#7632,#7633);
#6992=AXIS2_PLACEMENT_3D('',#9540,#7635,#7636);
#6993=AXIS2_PLACEMENT_3D('',#9543,#7638,#7639);
#6994=AXIS2_PLACEMENT_3D('',#9548,#7641,#7642);
#6995=AXIS2_PLACEMENT_3D('',#9552,#7644,#7645);
#6996=AXIS2_PLACEMENT_3D('',#9556,#7647,#7648);
#6997=AXIS2_PLACEMENT_3D('',#9559,#7650,#7651);
#6998=AXIS2_PLACEMENT_3D('',#9560,#7652,#7653);
#6999=AXIS2_PLACEMENT_3D('',#9562,#7654,#7655);
#7000=AXIS2_PLACEMENT_3D('',#9567,#7657,#7658);
#7001=AXIS2_PLACEMENT_3D('',#9571,#7660,#7661);
#7002=AXIS2_PLACEMENT_3D('',#9575,#7663,#7664);
#7003=AXIS2_PLACEMENT_3D('',#9579,#7666,#7667);
#7004=AXIS2_PLACEMENT_3D('',#9580,#7668,#7669);
#7005=AXIS2_PLACEMENT_3D('',#9585,#7671,#7672);
#7006=AXIS2_PLACEMENT_3D('',#9589,#7674,#7675);
#7007=AXIS2_PLACEMENT_3D('',#9593,#7677,#7678);
#7008=AXIS2_PLACEMENT_3D('',#9596,#7680,#7681);
#7009=AXIS2_PLACEMENT_3D('',#9601,#7683,#7684);
#7010=AXIS2_PLACEMENT_3D('',#9605,#7686,#7687);
#7011=AXIS2_PLACEMENT_3D('',#9609,#7689,#7690);
#7012=AXIS2_PLACEMENT_3D('',#9612,#7692,#7693);
#7013=AXIS2_PLACEMENT_3D('',#9617,#7695,#7696);
#7014=AXIS2_PLACEMENT_3D('',#9621,#7698,#7699);
#7015=AXIS2_PLACEMENT_3D('',#9625,#7701,#7702);
#7016=AXIS2_PLACEMENT_3D('',#9628,#7704,#7705);
#7017=AXIS2_PLACEMENT_3D('',#9633,#7707,#7708);
#7018=AXIS2_PLACEMENT_3D('',#9637,#7710,#7711);
#7019=AXIS2_PLACEMENT_3D('',#9641,#7713,#7714);
#7020=AXIS2_PLACEMENT_3D('',#9644,#7716,#7717);
#7021=AXIS2_PLACEMENT_3D('',#9649,#7719,#7720);
#7022=AXIS2_PLACEMENT_3D('',#9653,#7722,#7723);
#7023=AXIS2_PLACEMENT_3D('',#9657,#7725,#7726);
#7024=AXIS2_PLACEMENT_3D('',#9660,#7728,#7729);
#7025=AXIS2_PLACEMENT_3D('',#9665,#7731,#7732);
#7026=AXIS2_PLACEMENT_3D('',#9669,#7734,#7735);
#7027=AXIS2_PLACEMENT_3D('',#9673,#7737,#7738);
#7028=AXIS2_PLACEMENT_3D('',#9676,#7740,#7741);
#7029=AXIS2_PLACEMENT_3D('',#9681,#7743,#7744);
#7030=AXIS2_PLACEMENT_3D('',#9685,#7746,#7747);
#7031=AXIS2_PLACEMENT_3D('',#9689,#7749,#7750);
#7032=AXIS2_PLACEMENT_3D('',#9692,#7752,#7753);
#7033=AXIS2_PLACEMENT_3D('',#9694,#7754,#7755);
#7034=AXIS2_PLACEMENT_3D('',#9696,#7756,#7757);
#7035=AXIS2_PLACEMENT_3D('',#9699,#7760,#7761);
#7036=AXIS2_PLACEMENT_3D('',#9701,#7763,#7764);
#7037=AXIS2_PLACEMENT_3D('',#9703,#7766,#7767);
#7038=AXIS2_PLACEMENT_3D('',#9705,#7769,#7770);
#7039=AXIS2_PLACEMENT_3D('',#9707,#7772,#7773);
#7040=AXIS2_PLACEMENT_3D('',#9709,#7775,#7776);
#7041=AXIS2_PLACEMENT_3D('',#9711,#7778,#7779);
#7042=AXIS2_PLACEMENT_3D('',#9714,#7782,#7783);
#7043=AXIS2_PLACEMENT_3D('',#9716,#7785,#7786);
#7044=AXIS2_PLACEMENT_3D('',#9718,#7788,#7789);
#7045=AXIS2_PLACEMENT_3D('',#9720,#7791,#7792);
#7046=AXIS2_PLACEMENT_3D('',#9722,#7794,#7795);
#7047=AXIS2_PLACEMENT_3D('',#9724,#7797,#7798);
#7048=AXIS2_PLACEMENT_3D('',#9726,#7800,#7801);
#7049=AXIS2_PLACEMENT_3D('',#9729,#7804,#7805);
#7050=AXIS2_PLACEMENT_3D('',#9731,#7807,#7808);
#7051=AXIS2_PLACEMENT_3D('',#9733,#7810,#7811);
#7052=AXIS2_PLACEMENT_3D('',#9735,#7813,#7814);
#7053=AXIS2_PLACEMENT_3D('',#9737,#7816,#7817);
#7054=AXIS2_PLACEMENT_3D('',#9739,#7819,#7820);
#7055=AXIS2_PLACEMENT_3D('',#9741,#7822,#7823);
#7056=AXIS2_PLACEMENT_3D('',#9744,#7826,#7827);
#7057=AXIS2_PLACEMENT_3D('',#9746,#7829,#7830);
#7058=AXIS2_PLACEMENT_3D('',#9748,#7832,#7833);
#7059=AXIS2_PLACEMENT_3D('',#9750,#7835,#7836);
#7060=AXIS2_PLACEMENT_3D('',#9752,#7838,#7839);
#7061=AXIS2_PLACEMENT_3D('',#9754,#7841,#7842);
#7062=AXIS2_PLACEMENT_3D('',#9756,#7844,#7845);
#7063=AXIS2_PLACEMENT_3D('',#9759,#7848,#7849);
#7064=AXIS2_PLACEMENT_3D('',#9761,#7851,#7852);
#7065=AXIS2_PLACEMENT_3D('',#9763,#7854,#7855);
#7066=AXIS2_PLACEMENT_3D('',#9765,#7857,#7858);
#7067=AXIS2_PLACEMENT_3D('',#9767,#7860,#7861);
#7068=AXIS2_PLACEMENT_3D('',#9769,#7863,#7864);
#7069=AXIS2_PLACEMENT_3D('',#9771,#7866,#7867);
#7070=AXIS2_PLACEMENT_3D('',#9774,#7870,#7871);
#7071=AXIS2_PLACEMENT_3D('',#9776,#7873,#7874);
#7072=AXIS2_PLACEMENT_3D('',#9778,#7876,#7877);
#7073=AXIS2_PLACEMENT_3D('',#9780,#7879,#7880);
#7074=AXIS2_PLACEMENT_3D('',#9782,#7882,#7883);
#7075=AXIS2_PLACEMENT_3D('',#9784,#7885,#7886);
#7076=AXIS2_PLACEMENT_3D('',#9786,#7888,#7889);
#7077=AXIS2_PLACEMENT_3D('',#9789,#7892,#7893);
#7078=AXIS2_PLACEMENT_3D('',#9791,#7895,#7896);
#7079=AXIS2_PLACEMENT_3D('',#9793,#7898,#7899);
#7080=AXIS2_PLACEMENT_3D('',#9795,#7901,#7902);
#7081=AXIS2_PLACEMENT_3D('',#9797,#7904,#7905);
#7082=AXIS2_PLACEMENT_3D('',#9799,#7907,#7908);
#7083=AXIS2_PLACEMENT_3D('',#9801,#7910,#7911);
#7084=AXIS2_PLACEMENT_3D('',#9802,#7912,#7913);
#7085=AXIS2_PLACEMENT_3D('',#9812,#7920,#7921);
#7086=AXIS2_PLACEMENT_3D('',#9816,#7923,#7924);
#7087=AXIS2_PLACEMENT_3D('',#9823,#7930,#7931);
#7088=AXIS2_PLACEMENT_3D('',#9831,#7937,#7938);
#7089=AXIS2_PLACEMENT_3D('',#9832,#7939,#7940);
#7090=AXIS2_PLACEMENT_3D('',#9833,#7941,#7942);
#7091=AXIS2_PLACEMENT_3D('',#9834,#7943,#7944);
#7092=AXIS2_PLACEMENT_3D('',#9835,#7945,#7946);
#7093=AXIS2_PLACEMENT_3D('',#9836,#7947,#7948);
#7094=AXIS2_PLACEMENT_3D('',#9837,#7949,#7950);
#7095=AXIS2_PLACEMENT_3D('',#9845,#7956,#7957);
#7096=AXIS2_PLACEMENT_3D('',#9846,#7958,#7959);
#7097=AXIS2_PLACEMENT_3D('',#9847,#7960,#7961);
#7098=AXIS2_PLACEMENT_3D('',#9848,#7962,#7963);
#7099=AXIS2_PLACEMENT_3D('',#9849,#7964,#7965);
#7100=AXIS2_PLACEMENT_3D('',#9850,#7966,#7967);
#7101=AXIS2_PLACEMENT_3D('',#9851,#7968,#7969);
#7102=AXIS2_PLACEMENT_3D('',#9852,#7970,#7971);
#7103=AXIS2_PLACEMENT_3D('',#9853,#7972,#7973);
#7104=AXIS2_PLACEMENT_3D('',#9854,#7974,#7975);
#7105=AXIS2_PLACEMENT_3D('',#9855,#7976,#7977);
#7106=AXIS2_PLACEMENT_3D('',#9860,#7980,#7981);
#7107=AXIS2_PLACEMENT_3D('',#9863,#7983,#7984);
#7108=AXIS2_PLACEMENT_3D('',#9866,#7986,#7987);
#7109=AXIS2_PLACEMENT_3D('',#9869,#7990,#7991);
#7110=AXIS2_PLACEMENT_3D('',#9872,#7993,#7994);
#7111=AXIS2_PLACEMENT_3D('',#9875,#7996,#7997);
#7112=AXIS2_PLACEMENT_3D('',#9878,#7999,#8000);
#7113=AXIS2_PLACEMENT_3D('',#9881,#8002,#8003);
#7114=AXIS2_PLACEMENT_3D('',#9885,#8006,#8007);
#7115=AXIS2_PLACEMENT_3D('',#9888,#8009,#8010);
#7116=AXIS2_PLACEMENT_3D('',#9889,#8011,#8012);
#7117=AXIS2_PLACEMENT_3D('',#9893,#8015,#8016);
#7118=AXIS2_PLACEMENT_3D('',#9896,#8018,#8019);
#7119=AXIS2_PLACEMENT_3D('',#9897,#8020,#8021);
#7120=AXIS2_PLACEMENT_3D('',#9901,#8024,#8025);
#7121=AXIS2_PLACEMENT_3D('',#9904,#8027,#8028);
#7122=AXIS2_PLACEMENT_3D('',#9905,#8029,#8030);
#7123=AXIS2_PLACEMENT_3D('',#9910,#8034,#8035);
#7124=AXIS2_PLACEMENT_3D('',#9913,#8037,#8038);
#7125=AXIS2_PLACEMENT_3D('',#9914,#8039,#8040);
#7126=AXIS2_PLACEMENT_3D('',#9919,#8044,#8045);
#7127=AXIS2_PLACEMENT_3D('',#9922,#8047,#8048);
#7128=AXIS2_PLACEMENT_3D('',#9923,#8049,#8050);
#7129=AXIS2_PLACEMENT_3D('',#9925,#8052,#8053);
#7130=AXIS2_PLACEMENT_3D('',#9926,#8054,#8055);
#7131=AXIS2_PLACEMENT_3D('',#9927,#8056,#8057);
#7132=AXIS2_PLACEMENT_3D('',#9928,#8058,#8059);
#7133=AXIS2_PLACEMENT_3D('',#9929,#8060,#8061);
#7134=AXIS2_PLACEMENT_3D('',#9930,#8062,#8063);
#7135=AXIS2_PLACEMENT_3D('',#9931,#8064,#8065);
#7136=AXIS2_PLACEMENT_3D('',#9932,#8066,#8067);
#7137=AXIS2_PLACEMENT_3D('',#9933,#8068,#8069);
#7138=AXIS2_PLACEMENT_3D('',#9934,#8070,#8071);
#7139=AXIS2_PLACEMENT_3D('',#9935,#8072,#8073);
#7140=AXIS2_PLACEMENT_3D('',#9936,#8074,#8075);
#7141=AXIS2_PLACEMENT_3D('',#9937,#8076,#8077);
#7142=AXIS2_PLACEMENT_3D('',#9938,#8078,#8079);
#7143=AXIS2_PLACEMENT_3D('',#9939,#8080,#8081);
#7144=AXIS2_PLACEMENT_3D('',#9940,#8082,#8083);
#7145=AXIS2_PLACEMENT_3D('',#9941,#8084,#8085);
#7146=AXIS2_PLACEMENT_3D('',#9963,#8086,#8087);
#7147=AXIS2_PLACEMENT_3D('',#9964,#8088,#8089);
#7148=AXIS2_PLACEMENT_3D('',#10084,#8100,#8101);
#7149=AXIS2_PLACEMENT_3D('',#10218,#8114,#8115);
#7150=AXIS2_PLACEMENT_3D('',#10221,#8117,#8118);
#7151=AXIS2_PLACEMENT_3D('',#10222,#8119,#8120);
#7152=AXIS2_PLACEMENT_3D('',#10225,#8122,#8123);
#7153=AXIS2_PLACEMENT_3D('',#10226,#8124,#8125);
#7154=AXIS2_PLACEMENT_3D('',#10254,#8129,#8130);
#7155=AXIS2_PLACEMENT_3D('',#10377,#8139,#8140);
#7156=AXIS2_PLACEMENT_3D('',#10383,#8144,#8145);
#7157=AXIS2_PLACEMENT_3D('',#10389,#8149,#8150);
#7158=AXIS2_PLACEMENT_3D('',#10393,#8153,#8154);
#7159=AXIS2_PLACEMENT_3D('',#10397,#8157,#8158);
#7160=AXIS2_PLACEMENT_3D('',#10401,#8161,#8162);
#7161=AXIS2_PLACEMENT_3D('',#10405,#8165,#8166);
#7162=AXIS2_PLACEMENT_3D('',#10409,#8169,#8170);
#7163=AXIS2_PLACEMENT_3D('',#10413,#8173,#8174);
#7164=AXIS2_PLACEMENT_3D('',#10417,#8177,#8178);
#7165=AXIS2_PLACEMENT_3D('',#10511,#8186,#8187);
#7166=AXIS2_PLACEMENT_3D('',#10600,#8194,#8195);
#7167=AXIS2_PLACEMENT_3D('',#10606,#8199,#8200);
#7168=AXIS2_PLACEMENT_3D('',#10612,#8204,#8205);
#7169=AXIS2_PLACEMENT_3D('',#10618,#8209,#8210);
#7170=AXIS2_PLACEMENT_3D('',#10622,#8213,#8214);
#7171=AXIS2_PLACEMENT_3D('',#10652,#8219,#8220);
#7172=AXIS2_PLACEMENT_3D('',#10655,#8222,#8223);
#7173=AXIS2_PLACEMENT_3D('',#10656,#8224,#8225);
#7174=AXIS2_PLACEMENT_3D('',#10659,#8227,#8228);
#7175=AXIS2_PLACEMENT_3D('',#10660,#8229,#8230);
#7176=AXIS2_PLACEMENT_3D('',#10703,#8236,#8237);
#7177=AXIS2_PLACEMENT_3D('',#10707,#8240,#8241);
#7178=AXIS2_PLACEMENT_3D('',#10790,#8248,#8249);
#7179=AXIS2_PLACEMENT_3D('',#10862,#8255,#8256);
#7180=AXIS2_PLACEMENT_3D('',#10863,#8257,#8258);
#7181=AXIS2_PLACEMENT_3D('',#10867,#8260,#8261);
#7182=AXIS2_PLACEMENT_3D('',#10902,#8264,#8265);
#7183=AXIS2_PLACEMENT_3D('',#10908,#8269,#8270);
#7184=AXIS2_PLACEMENT_3D('',#10911,#8272,#8273);
#7185=AXIS2_PLACEMENT_3D('',#10966,#8279,#8280);
#7186=AXIS2_PLACEMENT_3D('',#10969,#8282,#8283);
#7187=AXIS2_PLACEMENT_3D('',#10985,#8285,#8286);
#7188=AXIS2_PLACEMENT_3D('',#10989,#8289,#8290);
#7189=AXIS2_PLACEMENT_3D('',#10993,#8293,#8294);
#7190=AXIS2_PLACEMENT_3D('',#10997,#8297,#8298);
#7191=AXIS2_PLACEMENT_3D('',#11001,#8301,#8302);
#7192=AXIS2_PLACEMENT_3D('',#11005,#8305,#8306);
#7193=AXIS2_PLACEMENT_3D('',#11008,#8308,#8309);
#7194=AXIS2_PLACEMENT_3D('',#11009,#8310,#8311);
#7195=AXIS2_PLACEMENT_3D('',#11013,#8314,#8315);
#7196=AXIS2_PLACEMENT_3D('',#11014,#8316,#8317);
#7197=AXIS2_PLACEMENT_3D('',#11029,#8318,#8319);
#7198=AXIS2_PLACEMENT_3D('',#11232,#8335,#8336);
#7199=AXIS2_PLACEMENT_3D('',#11235,#8338,#8339);
#7200=AXIS2_PLACEMENT_3D('',#11236,#8340,#8341);
#7201=AXIS2_PLACEMENT_3D('',#11239,#8343,#8344);
#7202=AXIS2_PLACEMENT_3D('',#11265,#8345,#8346);
#7203=AXIS2_PLACEMENT_3D('',#11354,#8353,#8354);
#7204=AXIS2_PLACEMENT_3D('',#11360,#8358,#8359);
#7205=AXIS2_PLACEMENT_3D('',#11366,#8363,#8364);
#7206=AXIS2_PLACEMENT_3D('',#11372,#8368,#8369);
#7207=AXIS2_PLACEMENT_3D('',#11376,#8372,#8373);
#7208=AXIS2_PLACEMENT_3D('',#11406,#8378,#8379);
#7209=AXIS2_PLACEMENT_3D('',#11409,#8381,#8382);
#7210=AXIS2_PLACEMENT_3D('',#11410,#8383,#8384);
#7211=AXIS2_PLACEMENT_3D('',#11413,#8386,#8387);
#7212=AXIS2_PLACEMENT_3D('',#11414,#8388,#8389);
#7213=AXIS2_PLACEMENT_3D('',#11457,#8395,#8396);
#7214=AXIS2_PLACEMENT_3D('',#11461,#8399,#8400);
#7215=AXIS2_PLACEMENT_3D('',#11544,#8407,#8408);
#7216=AXIS2_PLACEMENT_3D('',#11545,#8409,#8410);
#7217=AXIS2_PLACEMENT_3D('',#11551,#8414,#8415);
#7218=AXIS2_PLACEMENT_3D('',#11555,#8418,#8419);
#7219=AXIS2_PLACEMENT_3D('',#11559,#8422,#8423);
#7220=AXIS2_PLACEMENT_3D('',#11563,#8426,#8427);
#7221=AXIS2_PLACEMENT_3D('',#11567,#8430,#8431);
#7222=AXIS2_PLACEMENT_3D('',#11570,#8433,#8434);
#7223=AXIS2_PLACEMENT_3D('',#11571,#8435,#8436);
#7224=AXIS2_PLACEMENT_3D('',#11574,#8438,#8439);
#7225=AXIS2_PLACEMENT_3D('',#11575,#8440,#8441);
#7226=AXIS2_PLACEMENT_3D('',#11578,#8443,#8444);
#7227=AXIS2_PLACEMENT_3D('',#11579,#8445,#8446);
#7228=AXIS2_PLACEMENT_3D('',#11581,#8448,#8449);
#7229=AXIS2_PLACEMENT_3D('',#11582,#8450,#8451);
#7230=AXIS2_PLACEMENT_3D('',#11588,#8455,#8456);
#7231=AXIS2_PLACEMENT_3D('',#11592,#8459,#8460);
#7232=AXIS2_PLACEMENT_3D('',#11596,#8463,#8464);
#7233=AXIS2_PLACEMENT_3D('',#11600,#8467,#8468);
#7234=AXIS2_PLACEMENT_3D('',#11603,#8470,#8471);
#7235=AXIS2_PLACEMENT_3D('',#11617,#8473,#8474);
#7236=AXIS2_PLACEMENT_3D('',#11634,#8478,#8479);
#7237=AXIS2_PLACEMENT_3D('',#11638,#8482,#8483);
#7238=AXIS2_PLACEMENT_3D('',#11640,#8485,#8486);
#7239=AXIS2_PLACEMENT_3D('',#11641,#8487,#8488);
#7240=AXIS2_PLACEMENT_3D('',#11647,#8492,#8493);
#7241=AXIS2_PLACEMENT_3D('',#11651,#8496,#8497);
#7242=AXIS2_PLACEMENT_3D('',#11655,#8500,#8501);
#7243=AXIS2_PLACEMENT_3D('',#11657,#8503,#8504);
#7244=AXIS2_PLACEMENT_3D('',#11686,#8508,#8509);
#7245=AXIS2_PLACEMENT_3D('',#11689,#8511,#8512);
#7246=AXIS2_PLACEMENT_3D('',#11690,#8513,#8514);
#7247=AXIS2_PLACEMENT_3D('',#11693,#8516,#8517);
#7248=AXIS2_PLACEMENT_3D('',#11720,#8520,#8521);
#7249=AXIS2_PLACEMENT_3D('',#11723,#8523,#8524);
#7250=AXIS2_PLACEMENT_3D('',#11724,#8525,#8526);
#7251=AXIS2_PLACEMENT_3D('',#11725,#8527,#8528);
#7252=AXIS2_PLACEMENT_3D('',#11726,#8529,#8530);
#7253=AXIS2_PLACEMENT_3D('',#11727,#8531,#8532);
#7254=AXIS2_PLACEMENT_3D('',#11733,#8536,#8537);
#7255=AXIS2_PLACEMENT_3D('',#11737,#8540,#8541);
#7256=AXIS2_PLACEMENT_3D('',#11741,#8544,#8545);
#7257=AXIS2_PLACEMENT_3D('',#11743,#8547,#8548);
#7258=AXIS2_PLACEMENT_3D('',#11744,#8549,#8550);
#7259=AXIS2_PLACEMENT_3D('',#11750,#8554,#8555);
#7260=AXIS2_PLACEMENT_3D('',#11754,#8558,#8559);
#7261=AXIS2_PLACEMENT_3D('',#11758,#8562,#8563);
#7262=AXIS2_PLACEMENT_3D('',#11760,#8565,#8566);
#7263=AXIS2_PLACEMENT_3D('',#11761,#8567,#8568);
#7264=AXIS2_PLACEMENT_3D('',#11764,#8570,#8571);
#7265=AXIS2_PLACEMENT_3D('',#11767,#8573,#8574);
#7266=AXIS2_PLACEMENT_3D('',#11770,#8576,#8577);
#7267=AXIS2_PLACEMENT_3D('',#11786,#8579,#8580);
#7268=AXIS2_PLACEMENT_3D('',#11790,#8583,#8584);
#7269=AXIS2_PLACEMENT_3D('',#11794,#8587,#8588);
#7270=AXIS2_PLACEMENT_3D('',#11798,#8591,#8592);
#7271=AXIS2_PLACEMENT_3D('',#11802,#8595,#8596);
#7272=AXIS2_PLACEMENT_3D('',#11832,#8601,#8602);
#7273=AXIS2_PLACEMENT_3D('',#11835,#8604,#8605);
#7274=AXIS2_PLACEMENT_3D('',#11836,#8606,#8607);
#7275=AXIS2_PLACEMENT_3D('',#11838,#8609,#8610);
#7276=AXIS2_PLACEMENT_3D('',#11867,#8614,#8615);
#7277=AXIS2_PLACEMENT_3D('',#11871,#8618,#8619);
#7278=AXIS2_PLACEMENT_3D('',#11874,#8621,#8622);
#7279=AXIS2_PLACEMENT_3D('',#11914,#8626,#8627);
#7280=AXIS2_PLACEMENT_3D('',#11917,#8629,#8630);
#7281=AXIS2_PLACEMENT_3D('',#11918,#8631,#8632);
#7282=AXIS2_PLACEMENT_3D('',#11921,#8634,#8635);
#7283=AXIS2_PLACEMENT_3D('',#11922,#8636,#8637);
#7284=AXIS2_PLACEMENT_3D('',#11926,#8640,#8641);
#7285=AXIS2_PLACEMENT_3D('',#11929,#8643,#8644);
#7286=AXIS2_PLACEMENT_3D('',#11930,#8645,#8646);
#7287=AXIS2_PLACEMENT_3D('',#11933,#8648,#8649);
#7288=AXIS2_PLACEMENT_3D('',#11971,#8652,#8653);
#7289=AXIS2_PLACEMENT_3D('',#11972,#8654,#8655);
#7290=AXIS2_PLACEMENT_3D('',#11978,#8659,#8660);
#7291=AXIS2_PLACEMENT_3D('',#11982,#8663,#8664);
#7292=AXIS2_PLACEMENT_3D('',#11986,#8667,#8668);
#7293=AXIS2_PLACEMENT_3D('',#11989,#8670,#8671);
#7294=AXIS2_PLACEMENT_3D('',#11990,#8672,#8673);
#7295=AXIS2_PLACEMENT_3D('',#11994,#8676,#8677);
#7296=AXIS2_PLACEMENT_3D('',#11998,#8680,#8681);
#7297=AXIS2_PLACEMENT_3D('',#12002,#8684,#8685);
#7298=AXIS2_PLACEMENT_3D('',#12006,#8688,#8689);
#7299=AXIS2_PLACEMENT_3D('',#12010,#8692,#8693);
#7300=AXIS2_PLACEMENT_3D('',#12014,#8696,#8697);
#7301=AXIS2_PLACEMENT_3D('',#12018,#8700,#8701);
#7302=AXIS2_PLACEMENT_3D('',#12022,#8704,#8705);
#7303=AXIS2_PLACEMENT_3D('',#12026,#8708,#8709);
#7304=AXIS2_PLACEMENT_3D('',#12030,#8712,#8713);
#7305=AXIS2_PLACEMENT_3D('',#12031,#8714,#8715);
#7306=AXIS2_PLACEMENT_3D('',#12032,#8716,#8717);
#7307=AXIS2_PLACEMENT_3D('',#12033,#8718,#8719);
#7308=AXIS2_PLACEMENT_3D('',#12039,#8723,#8724);
#7309=AXIS2_PLACEMENT_3D('',#12043,#8727,#8728);
#7310=AXIS2_PLACEMENT_3D('',#12060,#8732,#8733);
#7311=AXIS2_PLACEMENT_3D('',#12063,#8735,#8736);
#7312=AXIS2_PLACEMENT_3D('',#12064,#8737,#8738);
#7313=AXIS2_PLACEMENT_3D('',#12068,#8741,#8742);
#7314=AXIS2_PLACEMENT_3D('',#12071,#8744,#8745);
#7315=AXIS2_PLACEMENT_3D('',#12098,#8748,#8749);
#7316=AXIS2_PLACEMENT_3D('',#12102,#8752,#8753);
#7317=AXIS2_PLACEMENT_3D('',#12119,#8757,#8758);
#7318=AXIS2_PLACEMENT_3D('',#12122,#8760,#8761);
#7319=AXIS2_PLACEMENT_3D('',#12123,#8762,#8763);
#7320=AXIS2_PLACEMENT_3D('',#12140,#8767,#8768);
#7321=AXIS2_PLACEMENT_3D('',#12142,#8770,#8771);
#7322=AXIS2_PLACEMENT_3D('',#12143,#8772,#8773);
#7323=AXIS2_PLACEMENT_3D('',#12144,#8774,#8775);
#7324=AXIS2_PLACEMENT_3D('',#12145,#8776,#8777);
#7325=AXIS2_PLACEMENT_3D('',#12146,#8778,#8779);
#7326=AXIS2_PLACEMENT_3D('',#12147,#8780,#8781);
#7327=DIRECTION('',(0.,0.,1.));
#7328=DIRECTION('',(1.,0.,0.));
#7329=DIRECTION('',(0.,0.,1.));
#7330=DIRECTION('',(1.,0.,0.));
#7331=DIRECTION('',(0.,0.,1.));
#7332=DIRECTION('',(1.,0.,0.));
#7333=DIRECTION('',(0.,0.,1.));
#7334=DIRECTION('',(1.,0.,0.));
#7335=DIRECTION('',(-1.,0.,0.));
#7336=DIRECTION('',(-0.206515694015232,0.978443288149807,0.));
#7337=DIRECTION('',(0.99946571033396,0.032684765053957,0.));
#7338=DIRECTION('',(0.,1.,0.));
#7339=DIRECTION('',(-0.373806269003022,0.927506804963737,0.));
#7340=DIRECTION('',(0.,0.,1.));
#7341=DIRECTION('',(1.,0.,0.));
#7342=DIRECTION('',(0.,0.,1.));
#7343=DIRECTION('',(1.,0.,0.));
#7344=DIRECTION('',(0.,-1.,0.));
#7345=DIRECTION('',(0.,1.,0.));
#7346=DIRECTION('',(0.,0.,1.));
#7347=DIRECTION('',(1.,0.,0.));
#7348=DIRECTION('',(0.,0.,1.));
#7349=DIRECTION('',(1.,0.,0.));
#7350=DIRECTION('',(-0.338142350146591,-0.941094974504349,0.));
#7351=DIRECTION('',(-1.,0.,0.));
#7352=DIRECTION('',(0.,1.,0.));
#7353=DIRECTION('',(-1.,0.,0.));
#7354=DIRECTION('',(0.,0.,1.));
#7355=DIRECTION('',(1.,0.,0.));
#7356=DIRECTION('',(0.,0.,1.));
#7357=DIRECTION('',(1.,0.,0.));
#7358=DIRECTION('',(0.,0.,1.));
#7359=DIRECTION('',(1.,0.,0.));
#7360=DIRECTION('',(0.,1.,0.));
#7361=DIRECTION('',(-0.148656500420878,0.988888894104195,0.));
#7362=DIRECTION('',(-1.,0.,0.));
#7363=DIRECTION('',(1.,0.,0.));
#7364=DIRECTION('',(-0.0887176113534409,0.996056818377215,0.));
#7365=DIRECTION('',(-0.0538636013802248,0.998548302510376,0.));
#7366=DIRECTION('',(0.,1.,0.));
#7367=DIRECTION('',(1.,0.,0.));
#7368=DIRECTION('',(0.,-1.,0.));
#7369=DIRECTION('',(-1.,0.,0.));
#7370=DIRECTION('',(0.151740441420699,-0.988420375365386,0.));
#7371=DIRECTION('',(0.,0.,1.));
#7372=DIRECTION('',(1.,0.,0.));
#7373=DIRECTION('',(0.,0.,1.));
#7374=DIRECTION('',(1.,0.,0.));
#7375=DIRECTION('',(0.,0.,1.));
#7376=DIRECTION('',(1.,0.,0.));
#7377=DIRECTION('',(-1.,0.,0.));
#7378=DIRECTION('',(0.,0.,1.));
#7379=DIRECTION('',(1.,0.,0.));
#7380=DIRECTION('',(0.,-1.,0.));
#7381=DIRECTION('',(-1.,0.,0.));
#7382=DIRECTION('',(0.,1.,0.));
#7383=DIRECTION('',(1.,0.,0.));
#7384=DIRECTION('',(-1.,0.,0.));
#7385=DIRECTION('',(-0.206515694015232,0.978443288149807,0.));
#7386=DIRECTION('',(0.99946571033396,0.0326847650539567,0.));
#7387=DIRECTION('',(0.,1.,0.));
#7388=DIRECTION('',(-0.373806269003031,0.927506804963734,0.));
#7389=DIRECTION('',(0.,0.,1.));
#7390=DIRECTION('',(1.,0.,0.));
#7391=DIRECTION('',(0.,0.,1.));
#7392=DIRECTION('',(1.,0.,0.));
#7393=DIRECTION('',(0.,-1.,0.));
#7394=DIRECTION('',(0.,-1.,0.));
#7395=DIRECTION('',(-1.,0.,0.));
#7396=DIRECTION('',(0.,1.,0.));
#7397=DIRECTION('',(0.,0.,1.));
#7398=DIRECTION('',(1.,0.,0.));
#7399=DIRECTION('',(0.,0.,1.));
#7400=DIRECTION('',(1.,0.,0.));
#7401=DIRECTION('',(0.,0.,1.));
#7402=DIRECTION('',(1.,0.,0.));
#7403=DIRECTION('',(-0.611320958518847,0.791382768118942,0.));
#7404=DIRECTION('',(0.791040318797426,0.611764018259383,0.));
#7405=DIRECTION('',(1.,0.,0.));
#7406=DIRECTION('',(-1.,0.,0.));
#7407=DIRECTION('',(-0.354859945559003,0.934919471953527,0.));
#7408=DIRECTION('',(1.,0.,0.));
#7409=DIRECTION('',(0.341520115884439,-0.939874465259207,0.));
#7410=DIRECTION('',(1.,0.,0.));
#7411=DIRECTION('',(0.,0.,1.));
#7412=DIRECTION('',(1.,0.,0.));
#7413=DIRECTION('',(1.,0.,0.));
#7414=DIRECTION('',(-0.354859945559003,-0.934919471953527,0.));
#7415=DIRECTION('',(0.,-1.,0.));
#7416=DIRECTION('',(-1.,0.,0.));
#7417=DIRECTION('',(0.,1.,0.));
#7418=DIRECTION('',(1.,0.,0.));
#7419=DIRECTION('',(0.,0.,1.));
#7420=DIRECTION('',(1.,0.,0.));
#7421=DIRECTION('',(0.,0.,1.));
#7422=DIRECTION('',(1.,0.,0.));
#7423=DIRECTION('',(0.,0.,1.));
#7424=DIRECTION('',(1.,0.,0.));
#7425=DIRECTION('',(0.,0.,1.));
#7426=DIRECTION('',(1.,0.,0.));
#7427=DIRECTION('',(0.,-1.,0.));
#7428=DIRECTION('',(-1.,0.,0.));
#7429=DIRECTION('',(0.,1.,0.));
#7430=DIRECTION('',(1.,0.,0.));
#7431=DIRECTION('',(0.,-1.,0.));
#7432=DIRECTION('',(-1.,0.,0.));
#7433=DIRECTION('',(0.,1.,0.));
#7434=DIRECTION('',(1.,0.,0.));
#7435=DIRECTION('',(0.0942162544409216,-0.995551755258924,0.));
#7436=DIRECTION('',(0.,0.,1.));
#7437=DIRECTION('',(1.,0.,0.));
#7438=DIRECTION('',(0.,0.,1.));
#7439=DIRECTION('',(1.,0.,0.));
#7440=DIRECTION('',(-0.148038818446022,-0.988981551007452,0.));
#7441=DIRECTION('',(0.,0.,1.));
#7442=DIRECTION('',(1.,0.,0.));
#7443=DIRECTION('',(0.,-1.,0.));
#7444=DIRECTION('',(-1.,0.,0.));
#7445=DIRECTION('',(0.,1.,0.));
#7446=DIRECTION('',(1.,0.,0.));
#7447=DIRECTION('',(0.,0.,1.));
#7448=DIRECTION('',(1.,0.,0.));
#7449=DIRECTION('',(0.,0.,1.));
#7450=DIRECTION('',(1.,0.,0.));
#7451=DIRECTION('',(-0.339854552780057,-0.940478007693251,0.));
#7452=DIRECTION('',(0.,0.,1.));
#7453=DIRECTION('',(1.,0.,0.));
#7454=DIRECTION('',(0.,0.,1.));
#7455=DIRECTION('',(1.,0.,0.));
#7456=DIRECTION('',(0.,0.,1.));
#7457=DIRECTION('',(1.,0.,0.));
#7458=DIRECTION('',(0.,-1.,0.));
#7459=DIRECTION('',(0.358414677639013,-0.933562487920826,0.));
#7460=DIRECTION('',(0.361001044035784,0.932565411220615,0.));
#7461=DIRECTION('',(1.,0.,0.));
#7462=DIRECTION('',(0.,-1.,0.));
#7463=DIRECTION('',(-1.,0.,0.));
#7464=DIRECTION('',(0.,1.,0.));
#7465=DIRECTION('',(0.,0.,1.));
#7466=DIRECTION('',(1.,0.,0.));
#7467=DIRECTION('',(-0.360508745614238,-0.932755833182323,0.));
#7468=DIRECTION('',(-1.,0.,0.));
#7469=DIRECTION('',(-0.357433315245118,0.93393866241466,0.));
#7470=DIRECTION('',(0.,0.,1.));
#7471=DIRECTION('',(1.,0.,0.));
#7472=DIRECTION('',(0.,-1.,0.));
#7473=DIRECTION('',(-1.,0.,0.));
#7474=DIRECTION('',(0.,1.,0.));
#7475=DIRECTION('',(1.,0.,0.));
#7476=DIRECTION('',(-0.372412592757258,0.928067271675829,0.));
#7477=DIRECTION('',(1.,0.,0.));
#7478=DIRECTION('',(0.358498569744847,-0.933530275615579,0.));
#7479=DIRECTION('',(1.,0.,0.));
#7480=DIRECTION('',(0.,0.,1.));
#7481=DIRECTION('',(1.,0.,0.));
#7482=DIRECTION('',(1.,0.,0.));
#7483=DIRECTION('',(-0.353120644642651,-0.935577794909199,0.));
#7484=DIRECTION('',(0.,0.,1.));
#7485=DIRECTION('',(1.,0.,0.));
#7486=DIRECTION('',(0.,1.,0.));
#7487=DIRECTION('',(0.,0.,1.));
#7488=DIRECTION('',(1.,0.,0.));
#7489=DIRECTION('',(0.365120015360239,0.930960458012766,0.));
#7490=DIRECTION('',(0.,0.,1.));
#7491=DIRECTION('',(1.,0.,0.));
#7492=DIRECTION('',(0.,0.,-1.));
#7493=DIRECTION('',(1.,0.,0.));
#7494=DIRECTION('',(0.,-1.,0.));
#7495=DIRECTION('',(0.,0.,1.));
#7496=DIRECTION('',(1.,0.,0.));
#7497=DIRECTION('',(0.,0.,1.));
#7498=DIRECTION('',(1.,0.,0.));
#7499=DIRECTION('',(0.,0.,1.));
#7500=DIRECTION('',(1.,0.,0.));
#7501=DIRECTION('',(1.,0.,0.));
#7502=DIRECTION('',(0.,0.,1.));
#7503=DIRECTION('',(1.,0.,0.));
#7504=DIRECTION('',(0.,0.,1.));
#7505=DIRECTION('',(1.,0.,0.));
#7506=DIRECTION('',(0.,0.,-1.));
#7507=DIRECTION('',(1.,0.,0.));
#7508=DIRECTION('',(0.,-1.,0.));
#7509=DIRECTION('',(0.,0.,1.));
#7510=DIRECTION('',(1.,0.,0.));
#7511=DIRECTION('',(0.,0.,1.));
#7512=DIRECTION('',(1.,0.,0.));
#7513=DIRECTION('',(0.,0.,1.));
#7514=DIRECTION('',(1.,0.,0.));
#7515=DIRECTION('',(1.,0.,0.));
#7516=DIRECTION('',(0.,0.,1.));
#7517=DIRECTION('',(1.,0.,0.));
#7518=DIRECTION('',(0.,0.,1.));
#7519=DIRECTION('',(1.,0.,0.));
#7520=DIRECTION('',(0.,0.,-1.));
#7521=DIRECTION('',(1.,0.,0.));
#7522=DIRECTION('',(0.,0.,1.));
#7523=DIRECTION('',(1.,0.,0.));
#7524=DIRECTION('',(0.,-1.,0.));
#7525=DIRECTION('',(0.,0.,1.));
#7526=DIRECTION('',(1.,0.,0.));
#7527=DIRECTION('',(1.,0.,0.));
#7528=DIRECTION('',(0.,0.,1.));
#7529=DIRECTION('',(1.,0.,0.));
#7530=DIRECTION('',(0.,0.,1.));
#7531=DIRECTION('',(1.,0.,0.));
#7532=DIRECTION('',(0.,0.,1.));
#7533=DIRECTION('',(1.,0.,0.));
#7534=DIRECTION('',(0.,0.,-1.));
#7535=DIRECTION('',(1.,0.,0.));
#7536=DIRECTION('',(0.,0.,1.));
#7537=DIRECTION('',(1.,0.,0.));
#7538=DIRECTION('',(0.,-1.,0.));
#7539=DIRECTION('',(0.,0.,1.));
#7540=DIRECTION('',(1.,0.,0.));
#7541=DIRECTION('',(1.,0.,0.));
#7542=DIRECTION('',(0.,0.,1.));
#7543=DIRECTION('',(1.,0.,0.));
#7544=DIRECTION('',(0.,0.,1.));
#7545=DIRECTION('',(1.,0.,0.));
#7546=DIRECTION('',(0.,0.,1.));
#7547=DIRECTION('',(1.,0.,0.));
#7548=DIRECTION('',(0.,0.,1.));
#7549=DIRECTION('',(1.,0.,0.));
#7550=DIRECTION('',(1.,0.,0.));
#7551=DIRECTION('',(0.,0.,1.));
#7552=DIRECTION('',(1.,0.,0.));
#7553=DIRECTION('',(0.,-1.,0.));
#7554=DIRECTION('',(0.,0.,1.));
#7555=DIRECTION('',(1.,0.,0.));
#7556=DIRECTION('',(1.,0.,0.));
#7557=DIRECTION('',(0.,0.,1.));
#7558=DIRECTION('',(1.,0.,0.));
#7559=DIRECTION('',(0.,-1.,0.));
#7560=DIRECTION('',(0.,0.,1.));
#7561=DIRECTION('',(1.,0.,0.));
#7562=DIRECTION('',(1.,0.,0.));
#7563=DIRECTION('',(0.,0.,1.));
#7564=DIRECTION('',(1.,0.,0.));
#7565=DIRECTION('',(0.,-1.,0.));
#7566=DIRECTION('',(0.,0.,1.));
#7567=DIRECTION('',(1.,0.,0.));
#7568=DIRECTION('',(0.,-1.,0.));
#7569=DIRECTION('',(0.,0.,1.));
#7570=DIRECTION('',(1.,0.,0.));
#7571=DIRECTION('',(1.,0.,0.));
#7572=DIRECTION('',(0.,0.,1.));
#7573=DIRECTION('',(1.,0.,0.));
#7574=DIRECTION('',(0.,-1.,0.));
#7575=DIRECTION('',(0.,0.,1.));
#7576=DIRECTION('',(1.,0.,0.));
#7577=DIRECTION('',(1.,0.,0.));
#7578=DIRECTION('',(0.,0.,1.));
#7579=DIRECTION('',(1.,0.,0.));
#7580=DIRECTION('',(1.,0.,0.));
#7581=DIRECTION('',(0.,0.,1.));
#7582=DIRECTION('',(1.,0.,0.));
#7583=DIRECTION('',(0.,-1.,0.));
#7584=DIRECTION('',(0.,0.,1.));
#7585=DIRECTION('',(1.,0.,0.));
#7586=DIRECTION('',(1.,0.,0.));
#7587=DIRECTION('',(0.,0.,1.));
#7588=DIRECTION('',(1.,0.,0.));
#7589=DIRECTION('',(0.,-1.,0.));
#7590=DIRECTION('',(0.,0.,1.));
#7591=DIRECTION('',(1.,0.,0.));
#7592=DIRECTION('',(1.,0.,0.));
#7593=DIRECTION('',(0.,0.,1.));
#7594=DIRECTION('',(1.,0.,0.));
#7595=DIRECTION('',(0.,-1.,0.));
#7596=DIRECTION('',(0.,0.,1.));
#7597=DIRECTION('',(1.,0.,0.));
#7598=DIRECTION('',(1.,0.,0.));
#7599=DIRECTION('',(0.,0.,1.));
#7600=DIRECTION('',(1.,0.,0.));
#7601=DIRECTION('',(0.,-1.,0.));
#7602=DIRECTION('',(0.,0.,1.));
#7603=DIRECTION('',(1.,0.,0.));
#7604=DIRECTION('',(1.,0.,0.));
#7605=DIRECTION('',(0.,0.,1.));
#7606=DIRECTION('',(1.,0.,0.));
#7607=DIRECTION('',(0.,-1.,0.));
#7608=DIRECTION('',(0.,0.,1.));
#7609=DIRECTION('',(1.,0.,0.));
#7610=DIRECTION('',(1.,0.,0.));
#7611=DIRECTION('',(0.,0.,1.));
#7612=DIRECTION('',(1.,0.,0.));
#7613=DIRECTION('',(0.,-1.,0.));
#7614=DIRECTION('',(0.,0.,1.));
#7615=DIRECTION('',(1.,0.,0.));
#7616=DIRECTION('',(1.,0.,0.));
#7617=DIRECTION('',(0.,0.,1.));
#7618=DIRECTION('',(1.,0.,0.));
#7619=DIRECTION('',(0.,-1.,0.));
#7620=DIRECTION('',(0.,0.,1.));
#7621=DIRECTION('',(1.,0.,0.));
#7622=DIRECTION('',(1.,0.,0.));
#7623=DIRECTION('',(0.,0.,1.));
#7624=DIRECTION('',(1.,0.,0.));
#7625=DIRECTION('',(0.,-1.,0.));
#7626=DIRECTION('',(0.,0.,1.));
#7627=DIRECTION('',(1.,0.,0.));
#7628=DIRECTION('',(1.,0.,0.));
#7629=DIRECTION('',(0.,0.,1.));
#7630=DIRECTION('',(1.,0.,0.));
#7631=DIRECTION('',(0.,-1.,0.));
#7632=DIRECTION('',(0.,0.,1.));
#7633=DIRECTION('',(1.,0.,0.));
#7634=DIRECTION('',(1.,0.,0.));
#7635=DIRECTION('',(0.,0.,1.));
#7636=DIRECTION('',(1.,0.,0.));
#7637=DIRECTION('',(0.,-1.,0.));
#7638=DIRECTION('',(0.,0.,1.));
#7639=DIRECTION('',(1.,0.,0.));
#7640=DIRECTION('',(1.,0.,0.));
#7641=DIRECTION('',(0.,0.,1.));
#7642=DIRECTION('',(1.,0.,0.));
#7643=DIRECTION('',(0.,-1.,0.));
#7644=DIRECTION('',(0.,0.,1.));
#7645=DIRECTION('',(1.,0.,0.));
#7646=DIRECTION('',(1.,0.,0.));
#7647=DIRECTION('',(0.,0.,1.));
#7648=DIRECTION('',(1.,0.,0.));
#7649=DIRECTION('',(0.,-1.,0.));
#7650=DIRECTION('',(0.,0.,1.));
#7651=DIRECTION('',(1.,0.,0.));
#7652=DIRECTION('',(0.,0.,1.));
#7653=DIRECTION('',(1.,0.,0.));
#7654=DIRECTION('',(0.,0.,1.));
#7655=DIRECTION('',(1.,0.,0.));
#7656=DIRECTION('',(0.,-1.,0.));
#7657=DIRECTION('',(0.,0.,1.));
#7658=DIRECTION('',(1.,0.,0.));
#7659=DIRECTION('',(1.,0.,0.));
#7660=DIRECTION('',(0.,0.,1.));
#7661=DIRECTION('',(1.,0.,0.));
#7662=DIRECTION('',(0.,-1.,0.));
#7663=DIRECTION('',(0.,0.,1.));
#7664=DIRECTION('',(1.,0.,0.));
#7665=DIRECTION('',(1.,0.,0.));
#7666=DIRECTION('',(0.,0.,1.));
#7667=DIRECTION('',(1.,0.,0.));
#7668=DIRECTION('',(0.,0.,1.));
#7669=DIRECTION('',(1.,0.,0.));
#7670=DIRECTION('',(1.,0.,0.));
#7671=DIRECTION('',(0.,0.,1.));
#7672=DIRECTION('',(1.,0.,0.));
#7673=DIRECTION('',(0.,-1.,0.));
#7674=DIRECTION('',(0.,0.,1.));
#7675=DIRECTION('',(1.,0.,0.));
#7676=DIRECTION('',(1.,0.,0.));
#7677=DIRECTION('',(0.,0.,1.));
#7678=DIRECTION('',(1.,0.,0.));
#7679=DIRECTION('',(0.,-1.,0.));
#7680=DIRECTION('',(0.,0.,1.));
#7681=DIRECTION('',(1.,0.,0.));
#7682=DIRECTION('',(0.,-1.,0.));
#7683=DIRECTION('',(0.,0.,1.));
#7684=DIRECTION('',(1.,0.,0.));
#7685=DIRECTION('',(1.,0.,0.));
#7686=DIRECTION('',(0.,0.,1.));
#7687=DIRECTION('',(1.,0.,0.));
#7688=DIRECTION('',(0.,-1.,0.));
#7689=DIRECTION('',(0.,0.,1.));
#7690=DIRECTION('',(1.,0.,0.));
#7691=DIRECTION('',(1.,0.,0.));
#7692=DIRECTION('',(0.,0.,1.));
#7693=DIRECTION('',(1.,0.,0.));
#7694=DIRECTION('',(0.,-1.,0.));
#7695=DIRECTION('',(0.,0.,1.));
#7696=DIRECTION('',(1.,0.,0.));
#7697=DIRECTION('',(1.,0.,0.));
#7698=DIRECTION('',(0.,0.,1.));
#7699=DIRECTION('',(1.,0.,0.));
#7700=DIRECTION('',(0.,-1.,0.));
#7701=DIRECTION('',(0.,0.,1.));
#7702=DIRECTION('',(1.,0.,0.));
#7703=DIRECTION('',(1.,0.,0.));
#7704=DIRECTION('',(0.,0.,1.));
#7705=DIRECTION('',(1.,0.,0.));
#7706=DIRECTION('',(0.,-1.,0.));
#7707=DIRECTION('',(0.,0.,1.));
#7708=DIRECTION('',(1.,0.,0.));
#7709=DIRECTION('',(1.,0.,0.));
#7710=DIRECTION('',(0.,0.,1.));
#7711=DIRECTION('',(1.,0.,0.));
#7712=DIRECTION('',(0.,-1.,0.));
#7713=DIRECTION('',(0.,0.,1.));
#7714=DIRECTION('',(1.,0.,0.));
#7715=DIRECTION('',(1.,0.,0.));
#7716=DIRECTION('',(0.,0.,1.));
#7717=DIRECTION('',(1.,0.,0.));
#7718=DIRECTION('',(0.,-1.,0.));
#7719=DIRECTION('',(0.,0.,1.));
#7720=DIRECTION('',(1.,0.,0.));
#7721=DIRECTION('',(1.,0.,0.));
#7722=DIRECTION('',(0.,0.,1.));
#7723=DIRECTION('',(1.,0.,0.));
#7724=DIRECTION('',(0.,-1.,0.));
#7725=DIRECTION('',(0.,0.,1.));
#7726=DIRECTION('',(1.,0.,0.));
#7727=DIRECTION('',(1.,0.,0.));
#7728=DIRECTION('',(0.,0.,1.));
#7729=DIRECTION('',(1.,0.,0.));
#7730=DIRECTION('',(0.,-1.,0.));
#7731=DIRECTION('',(0.,0.,1.));
#7732=DIRECTION('',(1.,0.,0.));
#7733=DIRECTION('',(1.,0.,0.));
#7734=DIRECTION('',(0.,0.,1.));
#7735=DIRECTION('',(1.,0.,0.));
#7736=DIRECTION('',(0.,-1.,0.));
#7737=DIRECTION('',(0.,0.,1.));
#7738=DIRECTION('',(1.,0.,0.));
#7739=DIRECTION('',(1.,0.,0.));
#7740=DIRECTION('',(0.,0.,1.));
#7741=DIRECTION('',(1.,0.,0.));
#7742=DIRECTION('',(0.,-1.,0.));
#7743=DIRECTION('',(0.,0.,1.));
#7744=DIRECTION('',(1.,0.,0.));
#7745=DIRECTION('',(1.,0.,0.));
#7746=DIRECTION('',(0.,0.,1.));
#7747=DIRECTION('',(1.,0.,0.));
#7748=DIRECTION('',(0.,-1.,0.));
#7749=DIRECTION('',(0.,0.,1.));
#7750=DIRECTION('',(1.,0.,0.));
#7751=DIRECTION('',(1.,0.,0.));
#7752=DIRECTION('',(0.,0.,1.));
#7753=DIRECTION('',(1.,0.,0.));
#7754=DIRECTION('',(0.,0.,1.));
#7755=DIRECTION('',(1.,0.,0.));
#7756=DIRECTION('',(0.,0.,-1.));
#7757=DIRECTION('',(-1.,0.,0.));
#7758=DIRECTION('',(0.,0.,-1.));
#7759=DIRECTION('',(0.,0.,-1.));
#7760=DIRECTION('',(0.,1.,0.));
#7761=DIRECTION('',(0.,0.,1.));
#7762=DIRECTION('',(0.,0.,-1.));
#7763=DIRECTION('',(0.,0.,-1.));
#7764=DIRECTION('',(-1.,0.,0.));
#7765=DIRECTION('',(0.,0.,-1.));
#7766=DIRECTION('',(1.,0.,0.));
#7767=DIRECTION('',(0.,0.,-1.));
#7768=DIRECTION('',(0.,0.,-1.));
#7769=DIRECTION('',(0.,0.,-1.));
#7770=DIRECTION('',(-1.,0.,0.));
#7771=DIRECTION('',(0.,0.,-1.));
#7772=DIRECTION('',(0.,1.,0.));
#7773=DIRECTION('',(0.,0.,1.));
#7774=DIRECTION('',(0.,0.,-1.));
#7775=DIRECTION('',(0.,0.,-1.));
#7776=DIRECTION('',(-1.,0.,0.));
#7777=DIRECTION('',(0.,0.,-1.));
#7778=DIRECTION('',(0.,0.,-1.));
#7779=DIRECTION('',(-1.,0.,0.));
#7780=DIRECTION('',(0.,0.,-1.));
#7781=DIRECTION('',(0.,0.,-1.));
#7782=DIRECTION('',(0.,1.,0.));
#7783=DIRECTION('',(0.,0.,1.));
#7784=DIRECTION('',(0.,0.,-1.));
#7785=DIRECTION('',(0.,0.,-1.));
#7786=DIRECTION('',(-1.,0.,0.));
#7787=DIRECTION('',(0.,0.,-1.));
#7788=DIRECTION('',(1.,0.,0.));
#7789=DIRECTION('',(0.,0.,-1.));
#7790=DIRECTION('',(0.,0.,-1.));
#7791=DIRECTION('',(0.,0.,-1.));
#7792=DIRECTION('',(-1.,0.,0.));
#7793=DIRECTION('',(0.,0.,-1.));
#7794=DIRECTION('',(0.,1.,0.));
#7795=DIRECTION('',(0.,0.,1.));
#7796=DIRECTION('',(0.,0.,-1.));
#7797=DIRECTION('',(0.,0.,-1.));
#7798=DIRECTION('',(-1.,0.,0.));
#7799=DIRECTION('',(0.,0.,-1.));
#7800=DIRECTION('',(0.,0.,-1.));
#7801=DIRECTION('',(-1.,0.,0.));
#7802=DIRECTION('',(0.,0.,-1.));
#7803=DIRECTION('',(0.,0.,-1.));
#7804=DIRECTION('',(0.,1.,0.));
#7805=DIRECTION('',(0.,0.,1.));
#7806=DIRECTION('',(0.,0.,-1.));
#7807=DIRECTION('',(0.,0.,-1.));
#7808=DIRECTION('',(-1.,0.,0.));
#7809=DIRECTION('',(0.,0.,-1.));
#7810=DIRECTION('',(1.,0.,0.));
#7811=DIRECTION('',(0.,0.,-1.));
#7812=DIRECTION('',(0.,0.,-1.));
#7813=DIRECTION('',(0.,0.,-1.));
#7814=DIRECTION('',(-1.,0.,0.));
#7815=DIRECTION('',(0.,0.,-1.));
#7816=DIRECTION('',(0.,1.,0.));
#7817=DIRECTION('',(0.,0.,1.));
#7818=DIRECTION('',(0.,0.,-1.));
#7819=DIRECTION('',(0.,0.,-1.));
#7820=DIRECTION('',(-1.,0.,0.));
#7821=DIRECTION('',(0.,0.,-1.));
#7822=DIRECTION('',(0.,0.,-1.));
#7823=DIRECTION('',(-1.,0.,0.));
#7824=DIRECTION('',(0.,0.,-1.));
#7825=DIRECTION('',(0.,0.,-1.));
#7826=DIRECTION('',(0.,1.,0.));
#7827=DIRECTION('',(0.,0.,1.));
#7828=DIRECTION('',(0.,0.,-1.));
#7829=DIRECTION('',(0.,0.,-1.));
#7830=DIRECTION('',(-1.,0.,0.));
#7831=DIRECTION('',(0.,0.,-1.));
#7832=DIRECTION('',(1.,0.,0.));
#7833=DIRECTION('',(0.,0.,-1.));
#7834=DIRECTION('',(0.,0.,-1.));
#7835=DIRECTION('',(0.,0.,-1.));
#7836=DIRECTION('',(-1.,0.,0.));
#7837=DIRECTION('',(0.,0.,-1.));
#7838=DIRECTION('',(0.,1.,0.));
#7839=DIRECTION('',(0.,0.,1.));
#7840=DIRECTION('',(0.,0.,-1.));
#7841=DIRECTION('',(0.,0.,-1.));
#7842=DIRECTION('',(-1.,0.,0.));
#7843=DIRECTION('',(0.,0.,-1.));
#7844=DIRECTION('',(0.,0.,-1.));
#7845=DIRECTION('',(-1.,0.,0.));
#7846=DIRECTION('',(0.,0.,-1.));
#7847=DIRECTION('',(0.,0.,-1.));
#7848=DIRECTION('',(0.,1.,0.));
#7849=DIRECTION('',(0.,0.,1.));
#7850=DIRECTION('',(0.,0.,-1.));
#7851=DIRECTION('',(0.,0.,-1.));
#7852=DIRECTION('',(-1.,0.,0.));
#7853=DIRECTION('',(0.,0.,-1.));
#7854=DIRECTION('',(1.,0.,0.));
#7855=DIRECTION('',(0.,0.,-1.));
#7856=DIRECTION('',(0.,0.,-1.));
#7857=DIRECTION('',(0.,0.,-1.));
#7858=DIRECTION('',(-1.,0.,0.));
#7859=DIRECTION('',(0.,0.,-1.));
#7860=DIRECTION('',(0.,1.,0.));
#7861=DIRECTION('',(0.,0.,1.));
#7862=DIRECTION('',(0.,0.,-1.));
#7863=DIRECTION('',(0.,0.,-1.));
#7864=DIRECTION('',(-1.,0.,0.));
#7865=DIRECTION('',(0.,0.,-1.));
#7866=DIRECTION('',(0.,0.,-1.));
#7867=DIRECTION('',(-1.,0.,0.));
#7868=DIRECTION('',(0.,0.,-1.));
#7869=DIRECTION('',(0.,0.,-1.));
#7870=DIRECTION('',(0.,1.,0.));
#7871=DIRECTION('',(0.,0.,1.));
#7872=DIRECTION('',(0.,0.,-1.));
#7873=DIRECTION('',(0.,0.,-1.));
#7874=DIRECTION('',(-1.,0.,0.));
#7875=DIRECTION('',(0.,0.,-1.));
#7876=DIRECTION('',(1.,0.,0.));
#7877=DIRECTION('',(0.,0.,-1.));
#7878=DIRECTION('',(0.,0.,-1.));
#7879=DIRECTION('',(0.,0.,-1.));
#7880=DIRECTION('',(-1.,0.,0.));
#7881=DIRECTION('',(0.,0.,-1.));
#7882=DIRECTION('',(0.,1.,0.));
#7883=DIRECTION('',(0.,0.,1.));
#7884=DIRECTION('',(0.,0.,-1.));
#7885=DIRECTION('',(0.,0.,-1.));
#7886=DIRECTION('',(-1.,0.,0.));
#7887=DIRECTION('',(0.,0.,-1.));
#7888=DIRECTION('',(0.,0.,-1.));
#7889=DIRECTION('',(-1.,0.,0.));
#7890=DIRECTION('',(0.,0.,-1.));
#7891=DIRECTION('',(0.,0.,-1.));
#7892=DIRECTION('',(1.,0.,0.));
#7893=DIRECTION('',(0.,0.,-1.));
#7894=DIRECTION('',(0.,0.,-1.));
#7895=DIRECTION('',(0.,0.,-1.));
#7896=DIRECTION('',(-1.,0.,0.));
#7897=DIRECTION('',(0.,0.,-1.));
#7898=DIRECTION('',(0.,1.,0.));
#7899=DIRECTION('',(0.,0.,1.));
#7900=DIRECTION('',(0.,0.,-1.));
#7901=DIRECTION('',(0.,0.,-1.));
#7902=DIRECTION('',(-1.,0.,0.));
#7903=DIRECTION('',(0.,0.,-1.));
#7904=DIRECTION('',(1.,0.,0.));
#7905=DIRECTION('',(0.,0.,-1.));
#7906=DIRECTION('',(0.,0.,-1.));
#7907=DIRECTION('',(0.,0.,-1.));
#7908=DIRECTION('',(-1.,0.,0.));
#7909=DIRECTION('',(0.,0.,-1.));
#7910=DIRECTION('',(0.,1.,0.));
#7911=DIRECTION('',(0.,0.,1.));
#7912=DIRECTION('',(0.,1.,0.));
#7913=DIRECTION('',(0.,0.,1.));
#7914=DIRECTION('',(0.,0.,-1.));
#7915=DIRECTION('',(-1.,0.,0.));
#7916=DIRECTION('',(0.,0.,1.));
#7917=DIRECTION('',(0.,0.,-1.));
#7918=DIRECTION('',(0.,0.,-1.));
#7919=DIRECTION('',(0.,0.,-1.));
#7920=DIRECTION('',(1.,0.,0.));
#7921=DIRECTION('',(0.,0.,-1.));
#7922=DIRECTION('',(0.,0.,-1.));
#7923=DIRECTION('',(1.,0.,0.));
#7924=DIRECTION('',(0.,0.,-1.));
#7925=DIRECTION('',(0.,0.,1.));
#7926=DIRECTION('',(0.,0.,-1.));
#7927=DIRECTION('',(0.,0.,-1.));
#7928=DIRECTION('',(0.,0.,-1.));
#7929=DIRECTION('',(0.,-1.,0.));
#7930=DIRECTION('',(0.,1.,0.));
#7931=DIRECTION('',(0.,0.,1.));
#7932=DIRECTION('',(0.,0.,1.));
#7933=DIRECTION('',(1.,0.,0.));
#7934=DIRECTION('',(0.,0.,-1.));
#7935=DIRECTION('',(0.,0.,-1.));
#7936=DIRECTION('',(0.,0.,-1.));
#7937=DIRECTION('',(1.,0.,0.));
#7938=DIRECTION('',(0.,0.,-1.));
#7939=DIRECTION('',(1.,0.,0.));
#7940=DIRECTION('',(0.,0.,-1.));
#7941=DIRECTION('',(1.,0.,0.));
#7942=DIRECTION('',(0.,0.,-1.));
#7943=DIRECTION('',(1.,0.,0.));
#7944=DIRECTION('',(0.,0.,-1.));
#7945=DIRECTION('',(1.,0.,0.));
#7946=DIRECTION('',(0.,0.,-1.));
#7947=DIRECTION('',(0.,1.,0.));
#7948=DIRECTION('',(0.,0.,1.));
#7949=DIRECTION('',(1.,0.,0.));
#7950=DIRECTION('',(0.,0.,-1.));
#7951=DIRECTION('',(0.,0.,1.));
#7952=DIRECTION('',(0.,1.,0.));
#7953=DIRECTION('',(0.,0.,-1.));
#7954=DIRECTION('',(0.,0.,-1.));
#7955=DIRECTION('',(0.,0.,-1.));
#7956=DIRECTION('',(1.,0.,0.));
#7957=DIRECTION('',(0.,0.,-1.));
#7958=DIRECTION('',(0.,0.,1.));
#7959=DIRECTION('',(1.,0.,0.));
#7960=DIRECTION('',(0.,0.,1.));
#7961=DIRECTION('',(1.,0.,0.));
#7962=DIRECTION('',(0.,0.,1.));
#7963=DIRECTION('',(1.,0.,0.));
#7964=DIRECTION('',(0.,0.,1.));
#7965=DIRECTION('',(1.,0.,0.));
#7966=DIRECTION('',(0.,0.,1.));
#7967=DIRECTION('',(1.,0.,0.));
#7968=DIRECTION('',(0.,0.,-1.));
#7969=DIRECTION('',(-1.,0.,0.));
#7970=DIRECTION('',(0.,0.,1.));
#7971=DIRECTION('',(1.,0.,0.));
#7972=DIRECTION('',(0.,0.,-1.));
#7973=DIRECTION('',(-1.,0.,0.));
#7974=DIRECTION('',(0.,0.,-1.));
#7975=DIRECTION('',(-1.,0.,0.));
#7976=DIRECTION('',(0.,0.,1.));
#7977=DIRECTION('',(1.,0.,0.));
#7978=DIRECTION('',(0.,0.,-1.));
#7979=DIRECTION('',(0.,0.,-1.));
#7980=DIRECTION('',(0.,0.,-1.));
#7981=DIRECTION('',(-1.,0.,0.));
#7982=DIRECTION('',(0.,0.,-1.));
#7983=DIRECTION('',(0.,0.,-1.));
#7984=DIRECTION('',(1.,0.,0.));
#7985=DIRECTION('',(0.,0.,-1.));
#7986=DIRECTION('',(0.,0.,-1.));
#7987=DIRECTION('',(-1.,0.,0.));
#7988=DIRECTION('',(0.,0.,-1.));
#7989=DIRECTION('',(0.,0.,-1.));
#7990=DIRECTION('',(0.,0.,-1.));
#7991=DIRECTION('',(-1.,0.,0.));
#7992=DIRECTION('',(0.,0.,-1.));
#7993=DIRECTION('',(0.,0.,-1.));
#7994=DIRECTION('',(1.,0.,0.));
#7995=DIRECTION('',(0.,0.,-1.));
#7996=DIRECTION('',(0.,0.,-1.));
#7997=DIRECTION('',(-1.,0.,0.));
#7998=DIRECTION('',(0.,0.,-1.));
#7999=DIRECTION('',(0.,0.,1.));
#8000=DIRECTION('',(1.,0.,0.));
#8001=DIRECTION('',(0.,0.,-1.));
#8002=DIRECTION('',(1.,0.,0.));
#8003=DIRECTION('',(0.,0.,-1.));
#8004=DIRECTION('',(0.,0.,-1.));
#8005=DIRECTION('',(0.,-1.,0.));
#8006=DIRECTION('',(0.,0.,-1.));
#8007=DIRECTION('',(-1.,0.,0.));
#8008=DIRECTION('',(0.,0.,-1.));
#8009=DIRECTION('',(0.,0.,1.));
#8010=DIRECTION('',(1.,0.,0.));
#8011=DIRECTION('',(0.,1.,0.));
#8012=DIRECTION('',(0.,0.,1.));
#8013=DIRECTION('',(0.,0.,-1.));
#8014=DIRECTION('',(1.,0.,0.));
#8015=DIRECTION('',(0.,0.,-1.));
#8016=DIRECTION('',(-1.,0.,0.));
#8017=DIRECTION('',(0.,0.,-1.));
#8018=DIRECTION('',(0.,0.,1.));
#8019=DIRECTION('',(1.,0.,0.));
#8020=DIRECTION('',(1.,0.,0.));
#8021=DIRECTION('',(0.,0.,-1.));
#8022=DIRECTION('',(0.,0.,-1.));
#8023=DIRECTION('',(0.,-1.,0.));
#8024=DIRECTION('',(0.,0.,-1.));
#8025=DIRECTION('',(-1.,0.,0.));
#8026=DIRECTION('',(0.,0.,-1.));
#8027=DIRECTION('',(0.,0.,1.));
#8028=DIRECTION('',(1.,0.,0.));
#8029=DIRECTION('',(0.,1.,0.));
#8030=DIRECTION('',(0.,0.,1.));
#8031=DIRECTION('',(0.,0.,-1.));
#8032=DIRECTION('',(-1.,0.,0.));
#8033=DIRECTION('',(-1.,0.,0.));
#8034=DIRECTION('',(0.,0.,-1.));
#8035=DIRECTION('',(-1.,0.,0.));
#8036=DIRECTION('',(0.,0.,-1.));
#8037=DIRECTION('',(0.,0.,-1.));
#8038=DIRECTION('',(-1.,0.,0.));
#8039=DIRECTION('',(1.,0.,0.));
#8040=DIRECTION('',(0.,0.,-1.));
#8041=DIRECTION('',(0.,1.,0.));
#8042=DIRECTION('',(0.,0.,-1.));
#8043=DIRECTION('',(0.,1.,0.));
#8044=DIRECTION('',(0.,0.,-1.));
#8045=DIRECTION('',(-1.,0.,0.));
#8046=DIRECTION('',(0.,0.,-1.));
#8047=DIRECTION('',(0.,0.,1.));
#8048=DIRECTION('',(1.,0.,0.));
#8049=DIRECTION('',(0.,1.,0.));
#8050=DIRECTION('',(0.,0.,1.));
#8051=DIRECTION('',(1.,0.,0.));
#8052=DIRECTION('',(0.,0.,1.));
#8053=DIRECTION('',(1.,0.,0.));
#8054=DIRECTION('',(0.,0.,1.));
#8055=DIRECTION('',(1.,0.,0.));
#8056=DIRECTION('',(0.,0.,1.));
#8057=DIRECTION('',(1.,0.,0.));
#8058=DIRECTION('',(0.,0.,1.));
#8059=DIRECTION('',(1.,0.,0.));
#8060=DIRECTION('',(0.,0.,1.));
#8061=DIRECTION('',(1.,0.,0.));
#8062=DIRECTION('',(0.,0.,1.));
#8063=DIRECTION('',(1.,0.,0.));
#8064=DIRECTION('',(0.,0.,1.));
#8065=DIRECTION('',(1.,0.,0.));
#8066=DIRECTION('',(0.,0.,-1.));
#8067=DIRECTION('',(-1.,0.,0.));
#8068=DIRECTION('',(0.,0.,-1.));
#8069=DIRECTION('',(-1.,0.,0.));
#8070=DIRECTION('',(0.,0.,-1.));
#8071=DIRECTION('',(-1.,0.,0.));
#8072=DIRECTION('',(0.,0.,-1.));
#8073=DIRECTION('',(-1.,0.,0.));
#8074=DIRECTION('',(0.,0.,-1.));
#8075=DIRECTION('',(-1.,0.,0.));
#8076=DIRECTION('',(0.,0.,-1.));
#8077=DIRECTION('',(-1.,0.,0.));
#8078=DIRECTION('',(0.,0.,-1.));
#8079=DIRECTION('',(-1.,0.,0.));
#8080=DIRECTION('',(0.,0.,-1.));
#8081=DIRECTION('',(-1.,0.,0.));
#8082=DIRECTION('',(1.,0.,0.));
#8083=DIRECTION('',(0.,0.,-1.));
#8084=DIRECTION('',(-0.900348952841944,-0.435168660540273,0.));
#8085=DIRECTION('',(-0.435168660540273,0.900348952841944,0.));
#8086=DIRECTION('',(-0.435168660540272,-0.900348952841944,0.));
#8087=DIRECTION('',(-0.900348952841944,0.435168660540272,0.));
#8088=DIRECTION('',(0.,1.,0.));
#8089=DIRECTION('',(0.,0.,1.));
#8090=DIRECTION('',(0.,0.,1.));
#8091=DIRECTION('',(0.,0.,1.));
#8092=DIRECTION('',(0.,0.,1.));
#8093=DIRECTION('',(0.,0.,1.));
#8094=DIRECTION('',(0.,0.,1.));
#8095=DIRECTION('',(0.,0.,1.));
#8096=DIRECTION('',(0.,0.,1.));
#8097=DIRECTION('',(0.,0.,1.));
#8098=DIRECTION('',(0.,0.,1.));
#8099=DIRECTION('',(0.,0.,1.));
#8100=DIRECTION('',(-0.941094974504349,0.338142350146591,0.));
#8101=DIRECTION('',(-0.338142350146591,-0.941094974504349,0.));
#8102=DIRECTION('',(0.,0.,1.));
#8103=DIRECTION('',(-0.338142350146591,-0.941094974504349,0.));
#8104=DIRECTION('',(0.,0.,1.));
#8105=DIRECTION('',(0.,0.,1.));
#8106=DIRECTION('',(0.,0.,1.));
#8107=DIRECTION('',(0.,0.,1.));
#8108=DIRECTION('',(0.,0.,1.));
#8109=DIRECTION('',(0.,0.,1.));
#8110=DIRECTION('',(0.,0.,1.));
#8111=DIRECTION('',(0.,0.,1.));
#8112=DIRECTION('',(0.,0.,1.));
#8113=DIRECTION('',(0.,0.,1.));
#8114=DIRECTION('',(0.,0.,1.));
#8115=DIRECTION('',(-0.103930416659274,-0.994584570809858,0.));
#8116=DIRECTION('',(0.,0.,1.));
#8117=DIRECTION('',(0.,0.,1.));
#8118=DIRECTION('',(1.,0.,0.));
#8119=DIRECTION('',(0.,0.,1.));
#8120=DIRECTION('',(-0.293310951628147,-0.956017094854998,0.));
#8121=DIRECTION('',(0.,0.,1.));
#8122=DIRECTION('',(0.,0.,1.));
#8123=DIRECTION('',(1.,0.,0.));
#8124=DIRECTION('',(1.,0.,0.));
#8125=DIRECTION('',(0.,0.,-1.));
#8126=DIRECTION('',(0.,0.,1.));
#8127=DIRECTION('',(0.,1.,0.));
#8128=DIRECTION('',(0.,0.,1.));
#8129=DIRECTION('',(0.,0.,1.));
#8130=DIRECTION('',(1.,0.,0.));
#8131=DIRECTION('',(0.,0.,1.));
#8132=DIRECTION('',(0.,0.,1.));
#8133=DIRECTION('',(0.,0.,1.));
#8134=DIRECTION('',(0.,0.,1.));
#8135=DIRECTION('',(0.,0.,1.));
#8136=DIRECTION('',(0.,0.,1.));
#8137=DIRECTION('',(0.,0.,1.));
#8138=DIRECTION('',(0.,0.,1.));
#8139=DIRECTION('',(1.,0.,0.));
#8140=DIRECTION('',(0.,0.,-1.));
#8141=DIRECTION('',(0.,1.,0.));
#8142=DIRECTION('',(0.,0.,1.));
#8143=DIRECTION('',(0.,1.,0.));
#8144=DIRECTION('',(0.,1.,0.));
#8145=DIRECTION('',(0.,0.,1.));
#8146=DIRECTION('',(0.,0.,1.));
#8147=DIRECTION('',(-1.,0.,0.));
#8148=DIRECTION('',(0.,0.,1.));
#8149=DIRECTION('',(0.988888894104195,0.148656500420878,0.));
#8150=DIRECTION('',(-0.148656500420878,0.988888894104195,0.));
#8151=DIRECTION('',(0.,0.,1.));
#8152=DIRECTION('',(-0.148656500420878,0.988888894104195,0.));
#8153=DIRECTION('',(0.,1.,0.));
#8154=DIRECTION('',(0.,0.,1.));
#8155=DIRECTION('',(0.,0.,1.));
#8156=DIRECTION('',(-1.,0.,0.));
#8157=DIRECTION('',(-1.,0.,0.));
#8158=DIRECTION('',(0.,0.,1.));
#8159=DIRECTION('',(0.,0.,1.));
#8160=DIRECTION('',(0.,-1.,0.));
#8161=DIRECTION('',(0.,-1.,0.));
#8162=DIRECTION('',(0.,0.,-1.));
#8163=DIRECTION('',(0.,0.,1.));
#8164=DIRECTION('',(1.,0.,0.));
#8165=DIRECTION('',(1.,0.,0.));
#8166=DIRECTION('',(0.,0.,-1.));
#8167=DIRECTION('',(0.,0.,1.));
#8168=DIRECTION('',(0.,1.,0.));
#8169=DIRECTION('',(0.998548302510375,0.0538636013802248,0.));
#8170=DIRECTION('',(-0.0538636013802248,0.998548302510376,0.));
#8171=DIRECTION('',(0.,0.,1.));
#8172=DIRECTION('',(-0.0538636013802248,0.998548302510376,0.));
#8173=DIRECTION('',(0.996056818377215,0.0887176113534409,0.));
#8174=DIRECTION('',(-0.0887176113534409,0.996056818377215,0.));
#8175=DIRECTION('',(0.,0.,1.));
#8176=DIRECTION('',(-0.0887176113534409,0.996056818377215,0.));
#8177=DIRECTION('',(0.,-1.,0.));
#8178=DIRECTION('',(0.,0.,-1.));
#8179=DIRECTION('',(0.,0.,1.));
#8180=DIRECTION('',(1.,0.,0.));
#8181=DIRECTION('',(0.,0.,1.));
#8182=DIRECTION('',(0.,0.,1.));
#8183=DIRECTION('',(0.,0.,1.));
#8184=DIRECTION('',(0.,0.,1.));
#8185=DIRECTION('',(0.,0.,1.));
#8186=DIRECTION('',(0.,0.,1.));
#8187=DIRECTION('',(1.,0.,0.));
#8188=DIRECTION('',(0.,0.,1.));
#8189=DIRECTION('',(0.,0.,1.));
#8190=DIRECTION('',(0.,0.,1.));
#8191=DIRECTION('',(0.,0.,1.));
#8192=DIRECTION('',(0.,0.,1.));
#8193=DIRECTION('',(0.,0.,1.));
#8194=DIRECTION('',(-0.0404293456554324,0.999182399769869,0.));
#8195=DIRECTION('',(-0.999182399769869,-0.0404293456554324,0.));
#8196=DIRECTION('',(-0.999182399769869,-0.0404293456554324,0.));
#8197=DIRECTION('',(0.,0.,1.));
#8198=DIRECTION('',(-0.999182399769869,-0.0404293456554324,0.));
#8199=DIRECTION('',(1.,0.,0.));
#8200=DIRECTION('',(0.,0.,-1.));
#8201=DIRECTION('',(0.,1.,0.));
#8202=DIRECTION('',(0.,0.,1.));
#8203=DIRECTION('',(0.,1.,0.));
#8204=DIRECTION('',(0.978443288149807,0.206515694015232,0.));
#8205=DIRECTION('',(-0.206515694015232,0.978443288149807,0.));
#8206=DIRECTION('',(0.,0.,1.));
#8207=DIRECTION('',(-0.206515694015232,0.978443288149807,0.));
#8208=DIRECTION('',(0.,0.,1.));
#8209=DIRECTION('',(0.,1.,0.));
#8210=DIRECTION('',(0.,0.,1.));
#8211=DIRECTION('',(0.,0.,1.));
#8212=DIRECTION('',(-1.,0.,0.));
#8213=DIRECTION('',(-1.,0.,0.));
#8214=DIRECTION('',(0.,0.,1.));
#8215=DIRECTION('',(0.,0.,1.));
#8216=DIRECTION('',(0.,-1.,0.));
#8217=DIRECTION('',(0.,0.,1.));
#8218=DIRECTION('',(0.,0.,1.));
#8219=DIRECTION('',(0.,0.,1.));
#8220=DIRECTION('',(-0.127254001219811,0.991870162457541,0.));
#8221=DIRECTION('',(0.,0.,1.));
#8222=DIRECTION('',(0.,0.,1.));
#8223=DIRECTION('',(1.,0.,0.));
#8224=DIRECTION('',(0.,0.,1.));
#8225=DIRECTION('',(-0.363016395587756,0.931782751790606,0.));
#8226=DIRECTION('',(0.,0.,1.));
#8227=DIRECTION('',(0.,0.,1.));
#8228=DIRECTION('',(1.,0.,0.));
#8229=DIRECTION('',(0.927506804963737,0.373806269003022,0.));
#8230=DIRECTION('',(-0.373806269003022,0.927506804963737,0.));
#8231=DIRECTION('',(0.,0.,1.));
#8232=DIRECTION('',(-0.373806269003022,0.927506804963737,0.));
#8233=DIRECTION('',(0.,0.,1.));
#8234=DIRECTION('',(0.,0.,1.));
#8235=DIRECTION('',(0.,0.,1.));
#8236=DIRECTION('',(1.,0.,0.));
#8237=DIRECTION('',(0.,0.,-1.));
#8238=DIRECTION('',(0.,0.,1.));
#8239=DIRECTION('',(0.,1.,0.));
#8240=DIRECTION('',(0.032684765053957,-0.99946571033396,0.));
#8241=DIRECTION('',(0.99946571033396,0.032684765053957,0.));
#8242=DIRECTION('',(0.,0.,1.));
#8243=DIRECTION('',(0.99946571033396,0.032684765053957,0.));
#8244=DIRECTION('',(0.,0.,1.));
#8245=DIRECTION('',(0.,0.,1.));
#8246=DIRECTION('',(0.,0.,1.));
#8247=DIRECTION('',(0.,0.,1.));
#8248=DIRECTION('',(0.,0.,1.));
#8249=DIRECTION('',(1.,0.,0.));
#8250=DIRECTION('',(0.,0.,1.));
#8251=DIRECTION('',(0.,0.,1.));
#8252=DIRECTION('',(0.,0.,1.));
#8253=DIRECTION('',(0.,0.,1.));
#8254=DIRECTION('',(0.,0.,1.));
#8255=DIRECTION('',(0.,0.,1.));
#8256=DIRECTION('',(0.460266956461374,-0.887780563421944,0.));
#8257=DIRECTION('',(0.,0.,1.));
#8258=DIRECTION('',(1.,0.,0.));
#8259=DIRECTION('',(0.,0.,1.));
#8260=DIRECTION('',(0.,0.,1.));
#8261=DIRECTION('',(1.,0.,0.));
#8262=DIRECTION('',(0.,0.,1.));
#8263=DIRECTION('',(0.,0.,1.));
#8264=DIRECTION('',(-1.,0.,0.));
#8265=DIRECTION('',(0.,0.,1.));
#8266=DIRECTION('',(0.,-1.,0.));
#8267=DIRECTION('',(0.,0.,1.));
#8268=DIRECTION('',(0.,-1.,0.));
#8269=DIRECTION('',(0.,0.,1.));
#8270=DIRECTION('',(-0.201554764423479,-0.979477246769008,0.));
#8271=DIRECTION('',(0.,0.,1.));
#8272=DIRECTION('',(0.,0.,1.));
#8273=DIRECTION('',(1.,0.,0.));
#8274=DIRECTION('',(0.,0.,1.));
#8275=DIRECTION('',(0.,0.,1.));
#8276=DIRECTION('',(0.,0.,1.));
#8277=DIRECTION('',(0.,0.,1.));
#8278=DIRECTION('',(0.,0.,1.));
#8279=DIRECTION('',(0.,0.,1.));
#8280=DIRECTION('',(-0.206808521295667,0.978381436618408,0.));
#8281=DIRECTION('',(0.,0.,1.));
#8282=DIRECTION('',(0.,0.,1.));
#8283=DIRECTION('',(1.,0.,0.));
#8284=DIRECTION('',(0.,0.,1.));
#8285=DIRECTION('',(-0.988420375365386,-0.151740441420699,0.));
#8286=DIRECTION('',(0.151740441420699,-0.988420375365386,0.));
#8287=DIRECTION('',(0.,0.,1.));
#8288=DIRECTION('',(0.151740441420699,-0.988420375365386,0.));
#8289=DIRECTION('',(0.,-1.,0.));
#8290=DIRECTION('',(0.,0.,-1.));
#8291=DIRECTION('',(0.,0.,1.));
#8292=DIRECTION('',(1.,0.,0.));
#8293=DIRECTION('',(1.,0.,0.));
#8294=DIRECTION('',(0.,0.,-1.));
#8295=DIRECTION('',(0.,0.,1.));
#8296=DIRECTION('',(0.,1.,0.));
#8297=DIRECTION('',(0.,1.,0.));
#8298=DIRECTION('',(0.,0.,1.));
#8299=DIRECTION('',(0.,0.,1.));
#8300=DIRECTION('',(-1.,0.,0.));
#8301=DIRECTION('',(-1.,0.,0.));
#8302=DIRECTION('',(0.,0.,1.));
#8303=DIRECTION('',(0.,0.,1.));
#8304=DIRECTION('',(0.,-1.,0.));
#8305=DIRECTION('',(0.,0.,1.));
#8306=DIRECTION('',(0.997857743373007,0.0654211280132743,0.));
#8307=DIRECTION('',(0.,0.,1.));
#8308=DIRECTION('',(0.,0.,1.));
#8309=DIRECTION('',(1.,0.,0.));
#8310=DIRECTION('',(0.,1.,0.));
#8311=DIRECTION('',(0.,0.,1.));
#8312=DIRECTION('',(0.,0.,1.));
#8313=DIRECTION('',(-1.,0.,0.));
#8314=DIRECTION('',(0.,0.,1.));
#8315=DIRECTION('',(-0.632771373895155,-0.774338678085267,0.));
#8316=DIRECTION('',(0.,0.,1.));
#8317=DIRECTION('',(1.,0.,0.));
#8318=DIRECTION('',(0.,0.,1.));
#8319=DIRECTION('',(1.,0.,0.));
#8320=DIRECTION('',(0.,0.,1.));
#8321=DIRECTION('',(0.,0.,1.));
#8322=DIRECTION('',(0.,0.,1.));
#8323=DIRECTION('',(0.,0.,1.));
#8324=DIRECTION('',(0.,0.,1.));
#8325=DIRECTION('',(0.,0.,1.));
#8326=DIRECTION('',(0.,0.,1.));
#8327=DIRECTION('',(0.,0.,1.));
#8328=DIRECTION('',(0.,0.,1.));
#8329=DIRECTION('',(0.,0.,1.));
#8330=DIRECTION('',(0.,0.,1.));
#8331=DIRECTION('',(0.,0.,1.));
#8332=DIRECTION('',(0.,0.,1.));
#8333=DIRECTION('',(0.,0.,1.));
#8334=DIRECTION('',(0.,0.,1.));
#8335=DIRECTION('',(0.,0.,1.));
#8336=DIRECTION('',(-0.745061830612244,-0.666995403705852,0.));
#8337=DIRECTION('',(0.,0.,1.));
#8338=DIRECTION('',(0.,0.,1.));
#8339=DIRECTION('',(1.,0.,0.));
#8340=DIRECTION('',(0.,0.,1.));
#8341=DIRECTION('',(-0.260578159722011,-0.96545275527904,0.));
#8342=DIRECTION('',(0.,0.,1.));
#8343=DIRECTION('',(0.,0.,1.));
#8344=DIRECTION('',(1.,0.,0.));
#8345=DIRECTION('',(0.,0.,1.));
#8346=DIRECTION('',(1.,0.,0.));
#8347=DIRECTION('',(0.,0.,1.));
#8348=DIRECTION('',(0.,0.,1.));
#8349=DIRECTION('',(0.,0.,1.));
#8350=DIRECTION('',(0.,0.,1.));
#8351=DIRECTION('',(0.,0.,1.));
#8352=DIRECTION('',(0.,0.,1.));
#8353=DIRECTION('',(-0.0404293456554327,0.999182399769869,0.));
#8354=DIRECTION('',(-0.999182399769869,-0.0404293456554327,0.));
#8355=DIRECTION('',(-0.999182399769869,-0.0404293456554327,0.));
#8356=DIRECTION('',(0.,0.,1.));
#8357=DIRECTION('',(-0.999182399769869,-0.0404293456554327,0.));
#8358=DIRECTION('',(1.,0.,0.));
#8359=DIRECTION('',(0.,0.,-1.));
#8360=DIRECTION('',(0.,1.,0.));
#8361=DIRECTION('',(0.,0.,1.));
#8362=DIRECTION('',(0.,1.,0.));
#8363=DIRECTION('',(0.978443288149807,0.206515694015232,0.));
#8364=DIRECTION('',(-0.206515694015232,0.978443288149807,0.));
#8365=DIRECTION('',(0.,0.,1.));
#8366=DIRECTION('',(-0.206515694015232,0.978443288149807,0.));
#8367=DIRECTION('',(0.,0.,1.));
#8368=DIRECTION('',(0.,1.,0.));
#8369=DIRECTION('',(0.,0.,1.));
#8370=DIRECTION('',(0.,0.,1.));
#8371=DIRECTION('',(-1.,0.,0.));
#8372=DIRECTION('',(-1.,0.,0.));
#8373=DIRECTION('',(0.,0.,1.));
#8374=DIRECTION('',(0.,0.,1.));
#8375=DIRECTION('',(0.,-1.,0.));
#8376=DIRECTION('',(0.,0.,1.));
#8377=DIRECTION('',(0.,0.,1.));
#8378=DIRECTION('',(0.,0.,1.));
#8379=DIRECTION('',(-0.127254001219798,0.991870162457542,0.));
#8380=DIRECTION('',(0.,0.,1.));
#8381=DIRECTION('',(0.,0.,1.));
#8382=DIRECTION('',(1.,0.,0.));
#8383=DIRECTION('',(0.,0.,1.));
#8384=DIRECTION('',(-0.36301639558775,0.931782751790608,0.));
#8385=DIRECTION('',(0.,0.,1.));
#8386=DIRECTION('',(0.,0.,1.));
#8387=DIRECTION('',(1.,0.,0.));
#8388=DIRECTION('',(0.927506804963734,0.373806269003031,0.));
#8389=DIRECTION('',(-0.373806269003031,0.927506804963734,0.));
#8390=DIRECTION('',(0.,0.,1.));
#8391=DIRECTION('',(-0.373806269003031,0.927506804963734,0.));
#8392=DIRECTION('',(0.,0.,1.));
#8393=DIRECTION('',(0.,0.,1.));
#8394=DIRECTION('',(0.,0.,1.));
#8395=DIRECTION('',(1.,0.,0.));
#8396=DIRECTION('',(0.,0.,-1.));
#8397=DIRECTION('',(0.,0.,1.));
#8398=DIRECTION('',(0.,1.,0.));
#8399=DIRECTION('',(0.0326847650539567,-0.99946571033396,0.));
#8400=DIRECTION('',(0.99946571033396,0.0326847650539567,0.));
#8401=DIRECTION('',(0.,0.,1.));
#8402=DIRECTION('',(0.99946571033396,0.0326847650539567,0.));
#8403=DIRECTION('',(0.,0.,1.));
#8404=DIRECTION('',(0.,0.,1.));
#8405=DIRECTION('',(0.,0.,1.));
#8406=DIRECTION('',(0.,0.,1.));
#8407=DIRECTION('',(0.,0.,1.));
#8408=DIRECTION('',(1.,0.,0.));
#8409=DIRECTION('',(0.,1.,0.));
#8410=DIRECTION('',(0.,0.,1.));
#8411=DIRECTION('',(0.,0.,1.));
#8412=DIRECTION('',(-1.,0.,0.));
#8413=DIRECTION('',(0.,0.,1.));
#8414=DIRECTION('',(-1.,0.,0.));
#8415=DIRECTION('',(0.,0.,1.));
#8416=DIRECTION('',(0.,0.,1.));
#8417=DIRECTION('',(0.,-1.,0.));
#8418=DIRECTION('',(0.,-1.,0.));
#8419=DIRECTION('',(0.,0.,-1.));
#8420=DIRECTION('',(0.,0.,1.));
#8421=DIRECTION('',(1.,0.,0.));
#8422=DIRECTION('',(0.611764018259383,-0.791040318797426,0.));
#8423=DIRECTION('',(0.791040318797426,0.611764018259383,0.));
#8424=DIRECTION('',(0.,0.,1.));
#8425=DIRECTION('',(0.791040318797426,0.611764018259383,0.));
#8426=DIRECTION('',(0.791382768118942,0.611320958518847,0.));
#8427=DIRECTION('',(-0.611320958518847,0.791382768118942,0.));
#8428=DIRECTION('',(0.,0.,1.));
#8429=DIRECTION('',(-0.611320958518847,0.791382768118942,0.));
#8430=DIRECTION('',(0.,0.,1.));
#8431=DIRECTION('',(0.635242578883305,-0.772312673710387,0.));
#8432=DIRECTION('',(0.,0.,1.));
#8433=DIRECTION('',(0.,0.,1.));
#8434=DIRECTION('',(1.,0.,0.));
#8435=DIRECTION('',(0.,0.,1.));
#8436=DIRECTION('',(0.685039877201059,-0.728505570770985,0.));
#8437=DIRECTION('',(0.,0.,1.));
#8438=DIRECTION('',(0.,0.,1.));
#8439=DIRECTION('',(1.,0.,0.));
#8440=DIRECTION('',(0.,0.,1.));
#8441=DIRECTION('',(-0.999450599758843,0.0331436063470496,0.));
#8442=DIRECTION('',(0.,0.,1.));
#8443=DIRECTION('',(0.,0.,1.));
#8444=DIRECTION('',(1.,0.,0.));
#8445=DIRECTION('',(1.,0.,0.));
#8446=DIRECTION('',(0.,0.,-1.));
#8447=DIRECTION('',(0.,1.,0.));
#8448=DIRECTION('',(0.,0.,1.));
#8449=DIRECTION('',(1.,0.,0.));
#8450=DIRECTION('',(0.934919471953527,0.354859945559003,0.));
#8451=DIRECTION('',(-0.354859945559003,0.934919471953527,0.));
#8452=DIRECTION('',(0.,0.,1.));
#8453=DIRECTION('',(-0.354859945559003,0.934919471953527,0.));
#8454=DIRECTION('',(0.,0.,1.));
#8455=DIRECTION('',(0.,1.,0.));
#8456=DIRECTION('',(0.,0.,1.));
#8457=DIRECTION('',(0.,0.,1.));
#8458=DIRECTION('',(-1.,0.,0.));
#8459=DIRECTION('',(-0.934919471953527,0.354859945559003,0.));
#8460=DIRECTION('',(-0.354859945559003,-0.934919471953527,0.));
#8461=DIRECTION('',(0.,0.,1.));
#8462=DIRECTION('',(-0.354859945559003,-0.934919471953527,0.));
#8463=DIRECTION('',(0.,-1.,0.));
#8464=DIRECTION('',(0.,0.,-1.));
#8465=DIRECTION('',(0.,0.,1.));
#8466=DIRECTION('',(1.,0.,0.));
#8467=DIRECTION('',(0.,0.,1.));
#8468=DIRECTION('',(-0.940760085029926,0.339072945565533,0.));
#8469=DIRECTION('',(0.,0.,1.));
#8470=DIRECTION('',(0.,0.,1.));
#8471=DIRECTION('',(1.,0.,0.));
#8472=DIRECTION('',(0.,0.,1.));
#8473=DIRECTION('',(0.,-1.,0.));
#8474=DIRECTION('',(0.,0.,-1.));
#8475=DIRECTION('',(0.,0.,1.));
#8476=DIRECTION('',(1.,0.,0.));
#8477=DIRECTION('',(0.,0.,1.));
#8478=DIRECTION('',(-0.939874465259207,-0.341520115884439,0.));
#8479=DIRECTION('',(0.341520115884439,-0.939874465259207,0.));
#8480=DIRECTION('',(0.,0.,1.));
#8481=DIRECTION('',(0.341520115884439,-0.939874465259207,0.));
#8482=DIRECTION('',(0.,-1.,0.));
#8483=DIRECTION('',(0.,0.,-1.));
#8484=DIRECTION('',(1.,0.,0.));
#8485=DIRECTION('',(0.,0.,1.));
#8486=DIRECTION('',(1.,0.,0.));
#8487=DIRECTION('',(0.,1.,0.));
#8488=DIRECTION('',(0.,0.,1.));
#8489=DIRECTION('',(0.,0.,1.));
#8490=DIRECTION('',(-1.,0.,0.));
#8491=DIRECTION('',(0.,0.,1.));
#8492=DIRECTION('',(-1.,0.,0.));
#8493=DIRECTION('',(0.,0.,1.));
#8494=DIRECTION('',(0.,0.,1.));
#8495=DIRECTION('',(0.,-1.,0.));
#8496=DIRECTION('',(0.,-1.,0.));
#8497=DIRECTION('',(0.,0.,-1.));
#8498=DIRECTION('',(0.,0.,1.));
#8499=DIRECTION('',(1.,0.,0.));
#8500=DIRECTION('',(1.,0.,0.));
#8501=DIRECTION('',(0.,0.,-1.));
#8502=DIRECTION('',(0.,1.,0.));
#8503=DIRECTION('',(0.,0.,1.));
#8504=DIRECTION('',(1.,0.,0.));
#8505=DIRECTION('',(0.,0.,1.));
#8506=DIRECTION('',(0.,0.,1.));
#8507=DIRECTION('',(0.,0.,1.));
#8508=DIRECTION('',(0.,0.,1.));
#8509=DIRECTION('',(-0.369951186655064,-0.9290511931495,0.));
#8510=DIRECTION('',(0.,0.,1.));
#8511=DIRECTION('',(0.,0.,1.));
#8512=DIRECTION('',(1.,0.,0.));
#8513=DIRECTION('',(0.,0.,1.));
#8514=DIRECTION('',(0.370732483549488,-0.928739697461688,0.));
#8515=DIRECTION('',(0.,0.,1.));
#8516=DIRECTION('',(0.,0.,1.));
#8517=DIRECTION('',(1.,0.,0.));
#8518=DIRECTION('',(0.,0.,1.));
#8519=DIRECTION('',(0.,0.,1.));
#8520=DIRECTION('',(0.,0.,1.));
#8521=DIRECTION('',(0.365693709329132,0.930735252881882,0.));
#8522=DIRECTION('',(0.,0.,1.));
#8523=DIRECTION('',(0.,0.,1.));
#8524=DIRECTION('',(1.,0.,0.));
#8525=DIRECTION('',(0.,0.,1.));
#8526=DIRECTION('',(-0.359875665624725,0.933000270788364,0.));
#8527=DIRECTION('',(0.,0.,1.));
#8528=DIRECTION('',(1.,0.,0.));
#8529=DIRECTION('',(0.,0.,1.));
#8530=DIRECTION('',(1.,0.,0.));
#8531=DIRECTION('',(0.,1.,0.));
#8532=DIRECTION('',(0.,0.,1.));
#8533=DIRECTION('',(0.,0.,1.));
#8534=DIRECTION('',(-1.,0.,0.));
#8535=DIRECTION('',(0.,0.,1.));
#8536=DIRECTION('',(-1.,0.,0.));
#8537=DIRECTION('',(0.,0.,1.));
#8538=DIRECTION('',(0.,0.,1.));
#8539=DIRECTION('',(0.,-1.,0.));
#8540=DIRECTION('',(0.,-1.,0.));
#8541=DIRECTION('',(0.,0.,-1.));
#8542=DIRECTION('',(0.,0.,1.));
#8543=DIRECTION('',(1.,0.,0.));
#8544=DIRECTION('',(1.,0.,0.));
#8545=DIRECTION('',(0.,0.,-1.));
#8546=DIRECTION('',(0.,1.,0.));
#8547=DIRECTION('',(0.,0.,1.));
#8548=DIRECTION('',(1.,0.,0.));
#8549=DIRECTION('',(0.,1.,0.));
#8550=DIRECTION('',(0.,0.,1.));
#8551=DIRECTION('',(0.,0.,1.));
#8552=DIRECTION('',(-1.,0.,0.));
#8553=DIRECTION('',(0.,0.,1.));
#8554=DIRECTION('',(-1.,0.,0.));
#8555=DIRECTION('',(0.,0.,1.));
#8556=DIRECTION('',(0.,0.,1.));
#8557=DIRECTION('',(0.,-1.,0.));
#8558=DIRECTION('',(0.,-1.,0.));
#8559=DIRECTION('',(0.,0.,-1.));
#8560=DIRECTION('',(0.,0.,1.));
#8561=DIRECTION('',(1.,0.,0.));
#8562=DIRECTION('',(1.,0.,0.));
#8563=DIRECTION('',(0.,0.,-1.));
#8564=DIRECTION('',(0.,1.,0.));
#8565=DIRECTION('',(0.,0.,1.));
#8566=DIRECTION('',(1.,0.,0.));
#8567=DIRECTION('',(0.,0.,1.));
#8568=DIRECTION('',(0.0960530815473159,0.995376213059798,0.));
#8569=DIRECTION('',(0.,0.,1.));
#8570=DIRECTION('',(0.,0.,1.));
#8571=DIRECTION('',(1.,0.,0.));
#8572=DIRECTION('',(0.,0.,1.));
#8573=DIRECTION('',(0.,0.,1.));
#8574=DIRECTION('',(-0.293173897633926,0.95605913297564,0.));
#8575=DIRECTION('',(0.,0.,1.));
#8576=DIRECTION('',(0.,0.,1.));
#8577=DIRECTION('',(1.,0.,0.));
#8578=DIRECTION('',(0.,0.,1.));
#8579=DIRECTION('',(-0.995551755258923,-0.0942162544409216,0.));
#8580=DIRECTION('',(0.0942162544409217,-0.995551755258924,0.));
#8581=DIRECTION('',(0.,0.,1.));
#8582=DIRECTION('',(0.0942162544409216,-0.995551755258924,0.));
#8583=DIRECTION('',(0.,-1.,0.));
#8584=DIRECTION('',(0.,0.,-1.));
#8585=DIRECTION('',(0.,0.,1.));
#8586=DIRECTION('',(1.,0.,0.));
#8587=DIRECTION('',(1.,0.,0.));
#8588=DIRECTION('',(0.,0.,-1.));
#8589=DIRECTION('',(0.,0.,1.));
#8590=DIRECTION('',(0.,1.,0.));
#8591=DIRECTION('',(0.,1.,0.));
#8592=DIRECTION('',(0.,0.,1.));
#8593=DIRECTION('',(0.,0.,1.));
#8594=DIRECTION('',(-1.,0.,0.));
#8595=DIRECTION('',(-1.,0.,0.));
#8596=DIRECTION('',(0.,0.,1.));
#8597=DIRECTION('',(0.,0.,1.));
#8598=DIRECTION('',(0.,-1.,0.));
#8599=DIRECTION('',(0.,0.,1.));
#8600=DIRECTION('',(0.,0.,1.));
#8601=DIRECTION('',(0.,0.,1.));
#8602=DIRECTION('',(0.119328822244173,0.992854789071301,0.));
#8603=DIRECTION('',(0.,0.,1.));
#8604=DIRECTION('',(0.,0.,1.));
#8605=DIRECTION('',(1.,0.,0.));
#8606=DIRECTION('',(-0.988981551007452,0.148038818446022,0.));
#8607=DIRECTION('',(-0.148038818446022,-0.988981551007452,0.));
#8608=DIRECTION('',(-0.148038818446022,-0.988981551007452,0.));
#8609=DIRECTION('',(0.,0.,1.));
#8610=DIRECTION('',(1.,0.,0.));
#8611=DIRECTION('',(0.,0.,1.));
#8612=DIRECTION('',(0.,0.,1.));
#8613=DIRECTION('',(0.,0.,1.));
#8614=DIRECTION('',(-1.,0.,0.));
#8615=DIRECTION('',(0.,0.,1.));
#8616=DIRECTION('',(0.,0.,1.));
#8617=DIRECTION('',(0.,-1.,0.));
#8618=DIRECTION('',(0.,0.,1.));
#8619=DIRECTION('',(0.200968600554136,-0.97959768353713,0.));
#8620=DIRECTION('',(0.,0.,1.));
#8621=DIRECTION('',(0.,0.,1.));
#8622=DIRECTION('',(1.,0.,0.));
#8623=DIRECTION('',(0.,0.,1.));
#8624=DIRECTION('',(0.,0.,1.));
#8625=DIRECTION('',(0.,0.,1.));
#8626=DIRECTION('',(0.,0.,1.));
#8627=DIRECTION('',(0.119335520745439,0.992853983971669,0.));
#8628=DIRECTION('',(0.,0.,1.));
#8629=DIRECTION('',(0.,0.,1.));
#8630=DIRECTION('',(1.,0.,0.));
#8631=DIRECTION('',(0.,0.,1.));
#8632=DIRECTION('',(0.292345855248622,0.956312658558356,0.));
#8633=DIRECTION('',(0.,0.,1.));
#8634=DIRECTION('',(0.,0.,1.));
#8635=DIRECTION('',(1.,0.,0.));
#8636=DIRECTION('',(-0.940478007693251,0.339854552780057,0.));
#8637=DIRECTION('',(-0.339854552780057,-0.940478007693251,0.));
#8638=DIRECTION('',(0.,0.,1.));
#8639=DIRECTION('',(-0.339854552780057,-0.940478007693251,0.));
#8640=DIRECTION('',(0.,0.,1.));
#8641=DIRECTION('',(0.317536515006539,0.948246044883659,0.));
#8642=DIRECTION('',(0.,0.,1.));
#8643=DIRECTION('',(0.,0.,1.));
#8644=DIRECTION('',(1.,0.,0.));
#8645=DIRECTION('',(0.,0.,1.));
#8646=DIRECTION('',(0.107263403159268,0.994230638404738,0.));
#8647=DIRECTION('',(0.,0.,1.));
#8648=DIRECTION('',(0.,0.,1.));
#8649=DIRECTION('',(1.,0.,0.));
#8650=DIRECTION('',(0.,0.,1.));
#8651=DIRECTION('',(0.,0.,1.));
#8652=DIRECTION('',(0.,0.,1.));
#8653=DIRECTION('',(1.,0.,0.));
#8654=DIRECTION('',(0.93393866241466,0.357433315245118,0.));
#8655=DIRECTION('',(-0.357433315245118,0.93393866241466,0.));
#8656=DIRECTION('',(0.,0.,1.));
#8657=DIRECTION('',(-0.357433315245118,0.93393866241466,0.));
#8658=DIRECTION('',(0.,0.,1.));
#8659=DIRECTION('',(0.,1.,0.));
#8660=DIRECTION('',(0.,0.,1.));
#8661=DIRECTION('',(0.,0.,1.));
#8662=DIRECTION('',(-1.,0.,0.));
#8663=DIRECTION('',(-0.932755833182323,0.360508745614238,0.));
#8664=DIRECTION('',(-0.360508745614238,-0.932755833182323,0.));
#8665=DIRECTION('',(0.,0.,1.));
#8666=DIRECTION('',(-0.360508745614238,-0.932755833182323,0.));
#8667=DIRECTION('',(0.,0.,1.));
#8668=DIRECTION('',(-0.999226273695296,0.0393300642894602,0.));
#8669=DIRECTION('',(0.,0.,1.));
#8670=DIRECTION('',(0.,0.,1.));
#8671=DIRECTION('',(1.,0.,0.));
#8672=DIRECTION('',(1.,0.,0.));
#8673=DIRECTION('',(0.,0.,-1.));
#8674=DIRECTION('',(0.,0.,1.));
#8675=DIRECTION('',(0.,1.,0.));
#8676=DIRECTION('',(0.,1.,0.));
#8677=DIRECTION('',(0.,0.,1.));
#8678=DIRECTION('',(0.,0.,1.));
#8679=DIRECTION('',(-1.,0.,0.));
#8680=DIRECTION('',(-1.,0.,0.));
#8681=DIRECTION('',(0.,0.,1.));
#8682=DIRECTION('',(0.,0.,1.));
#8683=DIRECTION('',(0.,-1.,0.));
#8684=DIRECTION('',(0.,-1.,0.));
#8685=DIRECTION('',(0.,0.,-1.));
#8686=DIRECTION('',(0.,0.,1.));
#8687=DIRECTION('',(1.,0.,0.));
#8688=DIRECTION('',(0.932565411220615,-0.361001044035784,0.));
#8689=DIRECTION('',(0.361001044035784,0.932565411220615,0.));
#8690=DIRECTION('',(0.,0.,1.));
#8691=DIRECTION('',(0.361001044035784,0.932565411220615,0.));
#8692=DIRECTION('',(-0.933562487920826,-0.358414677639013,0.));
#8693=DIRECTION('',(0.358414677639013,-0.933562487920826,0.));
#8694=DIRECTION('',(0.,0.,1.));
#8695=DIRECTION('',(0.358414677639013,-0.933562487920826,0.));
#8696=DIRECTION('',(0.,-1.,0.));
#8697=DIRECTION('',(0.,0.,-1.));
#8698=DIRECTION('',(0.,0.,1.));
#8699=DIRECTION('',(1.,0.,0.));
#8700=DIRECTION('',(1.,0.,0.));
#8701=DIRECTION('',(0.,0.,-1.));
#8702=DIRECTION('',(0.,0.,1.));
#8703=DIRECTION('',(0.,1.,0.));
#8704=DIRECTION('',(0.,1.,0.));
#8705=DIRECTION('',(0.,0.,1.));
#8706=DIRECTION('',(0.,0.,1.));
#8707=DIRECTION('',(-1.,0.,0.));
#8708=DIRECTION('',(-1.,0.,0.));
#8709=DIRECTION('',(0.,0.,1.));
#8710=DIRECTION('',(0.,0.,1.));
#8711=DIRECTION('',(0.,-1.,0.));
#8712=DIRECTION('',(0.,0.,1.));
#8713=DIRECTION('',(0.999149605988627,0.0412318427040486,0.));
#8714=DIRECTION('',(0.,0.,1.));
#8715=DIRECTION('',(1.,0.,0.));
#8716=DIRECTION('',(0.,0.,1.));
#8717=DIRECTION('',(1.,0.,0.));
#8718=DIRECTION('',(0.,-1.,0.));
#8719=DIRECTION('',(0.,0.,-1.));
#8720=DIRECTION('',(0.,0.,1.));
#8721=DIRECTION('',(1.,0.,0.));
#8722=DIRECTION('',(0.,0.,1.));
#8723=DIRECTION('',(0.928067271675829,0.372412592757258,0.));
#8724=DIRECTION('',(-0.372412592757258,0.928067271675829,0.));
#8725=DIRECTION('',(0.,0.,1.));
#8726=DIRECTION('',(-0.372412592757258,0.928067271675829,0.));
#8727=DIRECTION('',(0.930960458012766,-0.365120015360239,0.));
#8728=DIRECTION('',(0.365120015360239,0.930960458012766,0.));
#8729=DIRECTION('',(0.,0.,1.));
#8730=DIRECTION('',(0.365120015360239,0.930960458012766,0.));
#8731=DIRECTION('',(0.,0.,1.));
#8732=DIRECTION('',(0.,0.,1.));
#8733=DIRECTION('',(-0.0991538090311832,-0.995072119072084,0.));
#8734=DIRECTION('',(0.,0.,1.));
#8735=DIRECTION('',(0.,0.,1.));
#8736=DIRECTION('',(1.,0.,0.));
#8737=DIRECTION('',(1.,0.,0.));
#8738=DIRECTION('',(0.,0.,-1.));
#8739=DIRECTION('',(0.,0.,1.));
#8740=DIRECTION('',(0.,1.,0.));
#8741=DIRECTION('',(0.,0.,1.));
#8742=DIRECTION('',(-0.114445059429989,-0.993429578969776,0.));
#8743=DIRECTION('',(0.,0.,1.));
#8744=DIRECTION('',(0.,0.,1.));
#8745=DIRECTION('',(1.,0.,0.));
#8746=DIRECTION('',(0.,0.,1.));
#8747=DIRECTION('',(0.,0.,1.));
#8748=DIRECTION('',(-0.935577794909199,0.353120644642651,0.));
#8749=DIRECTION('',(-0.353120644642651,-0.935577794909199,0.));
#8750=DIRECTION('',(0.,0.,1.));
#8751=DIRECTION('',(-0.353120644642651,-0.935577794909199,0.));
#8752=DIRECTION('',(0.,-1.,0.));
#8753=DIRECTION('',(0.,0.,-1.));
#8754=DIRECTION('',(0.,0.,1.));
#8755=DIRECTION('',(1.,0.,0.));
#8756=DIRECTION('',(0.,0.,1.));
#8757=DIRECTION('',(0.,0.,1.));
#8758=DIRECTION('',(-0.956086413020422,0.293084920863805,0.));
#8759=DIRECTION('',(0.,0.,1.));
#8760=DIRECTION('',(0.,0.,1.));
#8761=DIRECTION('',(1.,0.,0.));
#8762=DIRECTION('',(0.,-1.,0.));
#8763=DIRECTION('',(0.,0.,-1.));
#8764=DIRECTION('',(0.,0.,1.));
#8765=DIRECTION('',(1.,0.,0.));
#8766=DIRECTION('',(0.,0.,1.));
#8767=DIRECTION('',(-0.933530275615579,-0.358498569744847,0.));
#8768=DIRECTION('',(0.358498569744847,-0.933530275615579,0.));
#8769=DIRECTION('',(0.358498569744847,-0.933530275615579,0.));
#8770=DIRECTION('',(0.,0.,1.));
#8771=DIRECTION('',(1.,0.,0.));
#8772=DIRECTION('',(0.,0.,1.));
#8773=DIRECTION('',(1.,0.,0.));
#8774=DIRECTION('',(0.,0.,1.));
#8775=DIRECTION('',(1.,0.,0.));
#8776=DIRECTION('',(0.,0.,1.));
#8777=DIRECTION('',(1.,0.,0.));
#8778=DIRECTION('',(0.,0.,1.));
#8779=DIRECTION('',(1.,0.,0.));
#8780=DIRECTION('',(0.,0.,1.));
#8781=DIRECTION('',(1.,0.,0.));
#8782=CARTESIAN_POINT('',(0.,0.,0.));
#8783=CARTESIAN_POINT('',(-0.0339875,0.0198375,0.0232));
#8784=CARTESIAN_POINT('',(-0.0329187498025759,0.0232335752474531,0.0232));
#8785=CARTESIAN_POINT('',(-0.0325954780890582,0.0228683201945176,0.0232));
#8786=CARTESIAN_POINT('',(-0.0325954780890582,0.0222462034376891,0.0232));
#8787=CARTESIAN_POINT('',(-0.0329187498025759,0.0232335752474531,0.0232));
#8788=CARTESIAN_POINT('',(-0.0325954780890582,0.0222462034376891,0.0232));
#8789=CARTESIAN_POINT('',(-0.0325954780890582,0.0222462034376891,0.0232));
#8790=CARTESIAN_POINT('',(-0.0325954780890582,0.0216065300116494,0.0232));
#8791=CARTESIAN_POINT('',(-0.0329172231356879,0.0212473816262656,0.0232));
#8792=CARTESIAN_POINT('',(-0.0329172231356879,0.0212473816262656,0.0232));
#8793=CARTESIAN_POINT('',(-0.0329172231356879,0.0212473816262656,0.0232));
#8794=CARTESIAN_POINT('',(-0.0332389681823177,0.0208882332408818,0.0232));
#8795=CARTESIAN_POINT('',(-0.033806888264625,0.0208882332408818,0.0232));
#8796=CARTESIAN_POINT('',(-0.033806888264625,0.0208882332408818,0.0232));
#8797=CARTESIAN_POINT('',(-0.0338315134240808,0.0220656468700833,0.0232));
#8798=CARTESIAN_POINT('',(-0.0344299443749819,0.0210528225902855,0.0232));
#8799=CARTESIAN_POINT('',(-0.0338591543515801,0.0219801028054277,0.0232));
#8800=CARTESIAN_POINT('',(-0.0348496017490762,0.0215256166665895,0.0232));
#8801=CARTESIAN_POINT('',(-0.0348496017490762,0.0215256166665895,0.0232));
#8802=CARTESIAN_POINT('',(-0.0349976884372047,0.021833240044506,0.0232));
#8803=CARTESIAN_POINT('',(-0.0349976884372047,0.0222462034376891,0.0232));
#8804=CARTESIAN_POINT('',(-0.0349976884372047,0.0222462034376891,0.0232));
#8805=CARTESIAN_POINT('',(-0.0349976884372047,0.0222462034376891,0.0232));
#8806=CARTESIAN_POINT('',(-0.0349976884372047,0.0228851135302847,0.0232));
#8807=CARTESIAN_POINT('',(-0.0346778517241848,0.0232419719153367,0.0232));
#8808=CARTESIAN_POINT('',(-0.0346778517241848,0.0232419719153367,0.0232));
#8809=CARTESIAN_POINT('',(-0.0346778517241848,0.0232419719153367,0.0232));
#8810=CARTESIAN_POINT('',(-0.034358015011165,0.0235988303003887,0.0232));
#8811=CARTESIAN_POINT('',(-0.0337900949288578,0.0235988303003887,0.0232));
#8812=CARTESIAN_POINT('',(-0.0337900949288578,0.0235988303003887,0.0232));
#8813=CARTESIAN_POINT('',(-0.0337900949288578,0.0235988303003887,0.0232));
#8814=CARTESIAN_POINT('',(-0.0332420215160936,0.0235988303003887,0.0232));
#8815=CARTESIAN_POINT('',(-0.0329187498025759,0.0232335752474531,0.0232));
#8816=CARTESIAN_POINT('',(-0.0271525289668917,0.0209363232478514,0.0232));
#8817=CARTESIAN_POINT('',(-0.0270055872789292,0.0209363232478514,0.0232));
#8818=CARTESIAN_POINT('',(-0.0272994706548543,0.0209363232478514,0.0232));
#8819=CARTESIAN_POINT('',(-0.0273387823272183,0.021122576608178,0.0232));
#8820=CARTESIAN_POINT('',(-0.0273870328891835,0.0213172046436522,0.0232));
#8821=CARTESIAN_POINT('',(-0.0273895536238889,0.0213184191684935,0.0232));
#8822=CARTESIAN_POINT('',(-0.0273933654797851,0.021313624568499,0.0232));
#8823=CARTESIAN_POINT('',(-0.0273971773356813,0.0213088299685046,0.0232));
#8824=CARTESIAN_POINT('',(-0.0275925906973354,0.021063036599549,0.0232));
#8825=CARTESIAN_POINT('',(-0.0277868590588236,0.0209756349202154,0.0232));
#8826=CARTESIAN_POINT('',(-0.0277868590588236,0.0209756349202154,0.0232));
#8827=CARTESIAN_POINT('',(-0.0277868590588236,0.0209756349202154,0.0232));
#8828=CARTESIAN_POINT('',(-0.0279811274203118,0.0208882332408818,0.0232));
#8829=CARTESIAN_POINT('',(-0.028272720795905,0.0208882332408818,0.0232));
#8830=CARTESIAN_POINT('',(-0.028272720795905,0.0208882332408818,0.0232));
#8831=CARTESIAN_POINT('',(-0.028272720795905,0.0208882332408818,0.0232));
#8832=CARTESIAN_POINT('',(-0.0286612575188814,0.0208882332408818,0.0232));
#8833=CARTESIAN_POINT('',(-0.0288818608841862,0.0210889899366437,0.0232));
#8834=CARTESIAN_POINT('',(-0.0288818608841862,0.0210889899366437,0.0232));
#8835=CARTESIAN_POINT('',(-0.0288818608841862,0.0210889899366437,0.0232));
#8836=CARTESIAN_POINT('',(-0.0291024642494911,0.0212897466324055,0.0232));
#8837=CARTESIAN_POINT('',(-0.0291024642494911,0.0216592000192828,0.0232));
#8838=CARTESIAN_POINT('',(-0.0291024642494911,0.0216592000192828,0.0232));
#8839=CARTESIAN_POINT('',(-0.0291024642494911,0.0216592000192828,0.0232));
#8840=CARTESIAN_POINT('',(-0.0291024642494911,0.0224507768006708,0.0232));
#8841=CARTESIAN_POINT('',(-0.0278360940659591,0.0224889434728688,0.0232));
#8842=CARTESIAN_POINT('',(-0.0278360940659591,0.0224889434728688,0.0232));
#8843=CARTESIAN_POINT('',(-0.0276143457004883,0.0224961951405865,0.0232));
#8844=CARTESIAN_POINT('',(-0.0273925973350176,0.0225034468083041,0.0232));
#8845=CARTESIAN_POINT('',(-0.0273925973350176,0.0225847418200859,0.0232));
#8846=CARTESIAN_POINT('',(-0.0273925973350176,0.0226660368318678,0.0232));
#8847=CARTESIAN_POINT('',(-0.0273925973350176,0.0226660368318678,0.0232));
#8848=CARTESIAN_POINT('',(-0.0273925973350176,0.0229736602097843,0.0232));
#8849=CARTESIAN_POINT('',(-0.0275246540208229,0.0231202202310248,0.0232));
#8850=CARTESIAN_POINT('',(-0.0275246540208229,0.0231202202310248,0.0232));
#8851=CARTESIAN_POINT('',(-0.0275246540208229,0.0231202202310248,0.0232));
#8852=CARTESIAN_POINT('',(-0.0276567107066282,0.0232667802522654,0.0232));
#8853=CARTESIAN_POINT('',(-0.0279483040822214,0.0232667802522654,0.0232));
#8854=CARTESIAN_POINT('',(-0.0279483040822214,0.0232667802522654,0.0232));
#8855=CARTESIAN_POINT('',(-0.0279483040822214,0.0232667802522654,0.0232));
#8856=CARTESIAN_POINT('',(-0.0282750107962369,0.0232667802522654,0.0232));
#8857=CARTESIAN_POINT('',(-0.0286872108559761,0.0230667868899475,0.0232));
#8858=CARTESIAN_POINT('',(-0.0286872108559761,0.0230667868899475,0.0232));
#8859=CARTESIAN_POINT('',(-0.0287482775314929,0.0232183085785739,0.0232));
#8860=CARTESIAN_POINT('',(-0.0288094128272319,0.0233700005284341,0.0232));
#8861=CARTESIAN_POINT('',(-0.027928877054089,0.0217226449869636,0.0232));
#8862=CARTESIAN_POINT('',(-0.0283860518537557,0.0235338533459678,0.0232));
#8863=CARTESIAN_POINT('',(-0.0279215257394564,0.0217552710070139,0.0232));
#8864=CARTESIAN_POINT('',(-0.0279238774120147,0.0235934869662809,0.0232));
#8865=CARTESIAN_POINT('',(-0.0279238774120147,0.0235934869662809,0.0232));
#8866=CARTESIAN_POINT('',(-0.0274567173443103,0.0235934869662809,0.0232));
#8867=CARTESIAN_POINT('',(-0.0272311523116197,0.0233862419362454,0.0232));
#8868=CARTESIAN_POINT('',(-0.0272311523116197,0.0233862419362454,0.0232));
#8869=CARTESIAN_POINT('',(-0.0272311523116197,0.0233862419362454,0.0232));
#8870=CARTESIAN_POINT('',(-0.0270055872789292,0.0231789969062099,0.0232));
#8871=CARTESIAN_POINT('',(-0.0270055872789292,0.0227209968398331,0.0232));
#8872=CARTESIAN_POINT('',(-0.0270055872789292,0.0227209968398331,0.0232));
#8873=CARTESIAN_POINT('',(-0.0270055872789292,0.0218286600438422,0.0232));
#8874=CARTESIAN_POINT('',(-0.0343032440750433,0.0299114113377,0.0232));
#8875=CARTESIAN_POINT('',(-0.0339658565375558,0.0295440337968802,0.0232));
#8876=CARTESIAN_POINT('',(-0.0339658565375558,0.0289592287319018,0.0232));
#8877=CARTESIAN_POINT('',(-0.0343032440750433,0.0299114113377,0.0232));
#8878=CARTESIAN_POINT('',(-0.0339658565375558,0.0289592287319018,0.0232));
#8879=CARTESIAN_POINT('',(-0.0339658565375558,0.0289592287319018,0.0232));
#8880=CARTESIAN_POINT('',(-0.0339658565375558,0.0282057298981797,0.0232));
#8881=CARTESIAN_POINT('',(-0.0345125493066328,0.0277833706845843,0.0232));
#8882=CARTESIAN_POINT('',(-0.0345125493066328,0.0277833706845843,0.0232));
#8883=CARTESIAN_POINT('',(-0.0345125493066328,0.0277833706845843,0.0232));
#8884=CARTESIAN_POINT('',(-0.0350592420757097,0.0273610114709888,0.0232));
#8885=CARTESIAN_POINT('',(-0.0359964296798417,0.0273610114709888,0.0232));
#8886=CARTESIAN_POINT('',(-0.0359964296798417,0.0273610114709888,0.0232));
#8887=CARTESIAN_POINT('',(-0.0359964296798417,0.0273610114709888,0.0232));
#8888=CARTESIAN_POINT('',(-0.0370110914592486,0.0273610114709888,0.0232));
#8889=CARTESIAN_POINT('',(-0.0375584090200616,0.0276234240001458,0.0232));
#8890=CARTESIAN_POINT('',(-0.0375584090200616,0.0276234240001458,0.0232));
#8891=CARTESIAN_POINT('',(-0.0375584090200616,0.0279433173690228,0.0232));
#8892=CARTESIAN_POINT('',(-0.0375584090200616,0.0282628559793355,0.0232));
#8893=CARTESIAN_POINT('',(-0.0359568844626323,0.0321526252367762,0.0232));
#8894=CARTESIAN_POINT('',(-0.0367923810592263,0.0280296997012825,0.0232));
#8895=CARTESIAN_POINT('',(-0.0359640866234111,0.0319515204232108,0.0232));
#8896=CARTESIAN_POINT('',(-0.0359726875938704,0.0279433173690228,0.0232));
#8897=CARTESIAN_POINT('',(-0.0359726875938704,0.0279433173690228,0.0232));
#8898=CARTESIAN_POINT('',(-0.035309158770145,0.0279433173690228,0.0232));
#8899=CARTESIAN_POINT('',(-0.0349730208161297,0.0281951084386663,0.0232));
#8900=CARTESIAN_POINT('',(-0.0349730208161297,0.0281951084386663,0.0232));
#8901=CARTESIAN_POINT('',(-0.0349730208161297,0.0281951084386663,0.0232));
#8902=CARTESIAN_POINT('',(-0.0346368828621143,0.0284468995083097,0.0232));
#8903=CARTESIAN_POINT('',(-0.0346368828621143,0.0288967495582931,0.0232));
#8904=CARTESIAN_POINT('',(-0.0346368828621143,0.0288967495582931,0.0232));
#8905=CARTESIAN_POINT('',(-0.0346368828621143,0.0288967495582931,0.0232));
#8906=CARTESIAN_POINT('',(-0.0346368828621143,0.0291929008411988,0.0232));
#8907=CARTESIAN_POINT('',(-0.0347562180837071,0.0293822127372334,0.0232));
#8908=CARTESIAN_POINT('',(-0.0347562180837071,0.0293822127372334,0.0232));
#8909=CARTESIAN_POINT('',(-0.0347562180837071,0.0293822127372334,0.0232));
#8910=CARTESIAN_POINT('',(-0.0348755533052999,0.0295715246332681,0.0232));
#8911=CARTESIAN_POINT('',(-0.0351548352113312,0.0297320961094427,0.0232));
#8912=CARTESIAN_POINT('',(-0.0351548352113312,0.0297320961094427,0.0232));
#8913=CARTESIAN_POINT('',(-0.0351548352113312,0.0297320961094427,0.0232));
#8914=CARTESIAN_POINT('',(-0.0354341171173626,0.0298926675856173,0.0232));
#8915=CARTESIAN_POINT('',(-0.0360039271806748,0.0300951001081098,0.0232));
#8916=CARTESIAN_POINT('',(-0.0360039271806748,0.0300951001081098,0.0232));
#8917=CARTESIAN_POINT('',(-0.0360039271806748,0.0300951001081098,0.0232));
#8918=CARTESIAN_POINT('',(-0.0367999118524509,0.0303800051397659,0.0232));
#8919=CARTESIAN_POINT('',(-0.0371416729320909,0.0307704999748209,0.0232));
#8920=CARTESIAN_POINT('',(-0.0371416729320909,0.0307704999748209,0.0232));
#8921=CARTESIAN_POINT('',(-0.0371416729320909,0.0307704999748209,0.0232));
#8922=CARTESIAN_POINT('',(-0.0374834340117311,0.0311609948098759,0.0232));
#8923=CARTESIAN_POINT('',(-0.0374834340117311,0.0317895352963804,0.0232));
#8924=CARTESIAN_POINT('',(-0.0374834340117311,0.0317895352963804,0.0232));
#8925=CARTESIAN_POINT('',(-0.0374834340117311,0.0317895352963804,0.0232));
#8926=CARTESIAN_POINT('',(-0.0374834340117311,0.0324493153696893,0.0232));
#8927=CARTESIAN_POINT('',(-0.0369879741650133,0.0328398102047442,0.0232));
#8928=CARTESIAN_POINT('',(-0.0369879741650133,0.0328398102047442,0.0232));
#8929=CARTESIAN_POINT('',(-0.0369879741650133,0.0328398102047442,0.0232));
#8930=CARTESIAN_POINT('',(-0.0364925143182956,0.0332303050397992,0.0232));
#8931=CARTESIAN_POINT('',(-0.0356752867274925,0.0332303050397992,0.0232));
#8932=CARTESIAN_POINT('',(-0.0356752867274925,0.0332303050397992,0.0232));
#8933=CARTESIAN_POINT('',(-0.0356752867274925,0.0332303050397992,0.0232));
#8934=CARTESIAN_POINT('',(-0.0348243203829407,0.0332303050397992,0.0232));
#8935=CARTESIAN_POINT('',(-0.0341095586368561,0.0329179091717552,0.0232));
#8936=CARTESIAN_POINT('',(-0.0341095586368561,0.0329179091717552,0.0232));
#8937=CARTESIAN_POINT('',(-0.0342132740650467,0.0326292553896826,0.0232));
#8938=CARTESIAN_POINT('',(-0.0343169894932372,0.0323406016076099,0.0232));
#8939=CARTESIAN_POINT('',(-0.0343169894932372,0.0323406016076099,0.0232));
#8940=CARTESIAN_POINT('',(-0.0350242537384889,0.0326367528905157,0.0232));
#8941=CARTESIAN_POINT('',(-0.0356915313126308,0.0326367528905157,0.0232));
#8942=CARTESIAN_POINT('',(-0.0356915313126308,0.0326367528905157,0.0232));
#8943=CARTESIAN_POINT('',(-0.0356915313126308,0.0326367528905157,0.0232));
#8944=CARTESIAN_POINT('',(-0.0362188555378891,0.0326367528905157,0.0232));
#8945=CARTESIAN_POINT('',(-0.0365156316125308,0.0324105782820518,0.0232));
#8946=CARTESIAN_POINT('',(-0.0365156316125308,0.0324105782820518,0.0232));
#8947=CARTESIAN_POINT('',(-0.0365156316125308,0.0324105782820518,0.0232));
#8948=CARTESIAN_POINT('',(-0.0368124076871726,0.0321844036735879,0.0232));
#8949=CARTESIAN_POINT('',(-0.0368124076871726,0.0317820377955473,0.0232));
#8950=CARTESIAN_POINT('',(-0.0368124076871726,0.0317820377955473,0.0232));
#8951=CARTESIAN_POINT('',(-0.0368124076871726,0.0317820377955473,0.0232));
#8952=CARTESIAN_POINT('',(-0.0368124076871726,0.0314858865126416,0.0232));
#8953=CARTESIAN_POINT('',(-0.0367030691333572,0.0312959498248709,0.0232));
#8954=CARTESIAN_POINT('',(-0.0367030691333572,0.0312959498248709,0.0232));
#8955=CARTESIAN_POINT('',(-0.0367030691333572,0.0312959498248709,0.0232));
#8956=CARTESIAN_POINT('',(-0.0365937305795418,0.0311060131371001,0.0232));
#8957=CARTESIAN_POINT('',(-0.0363338172173292,0.0309479408278699,0.0232));
#8958=CARTESIAN_POINT('',(-0.0363338172173292,0.0309479408278699,0.0232));
#8959=CARTESIAN_POINT('',(-0.0363338172173292,0.0309479408278699,0.0232));
#8960=CARTESIAN_POINT('',(-0.0360739038551166,0.0307898685186396,0.0232));
#8961=CARTESIAN_POINT('',(-0.0355390821290253,0.0305986822473967,0.0232));
#8962=CARTESIAN_POINT('',(-0.0355390821290253,0.0305986822473967,0.0232));
#8963=CARTESIAN_POINT('',(-0.0355390821290253,0.0305986822473967,0.0232));
#8964=CARTESIAN_POINT('',(-0.0346406316125309,0.0302787888785197,0.0232));
#8965=CARTESIAN_POINT('',(-0.0343032440750433,0.0299114113377,0.0232));
#8966=CARTESIAN_POINT('',(-0.021825,0.008725,0.0232));
#8967=CARTESIAN_POINT('',(-0.0477,0.008725,0.0232));
#8968=CARTESIAN_POINT('',(-0.023275,0.008725,0.0232));
#8969=CARTESIAN_POINT('',(-0.023275,0.0198375,0.0232));
#8970=CARTESIAN_POINT('',(-0.023275,0.03395,0.0232));
#8971=CARTESIAN_POINT('',(-0.0304589054305846,0.03395,0.0232));
#8972=CARTESIAN_POINT('',(-0.035985233838963,0.03395,0.0232));
#8973=CARTESIAN_POINT('',(-0.035985233838963,0.03095,0.0232));
#8974=CARTESIAN_POINT('',(-0.0389720211493519,0.03066875,0.0232));
#8975=CARTESIAN_POINT('',(-0.04395,0.0302,0.0232));
#8976=CARTESIAN_POINT('',(-0.04441875,0.0252220211493519,0.0232));
#8977=CARTESIAN_POINT('',(-0.0447,0.022235233838963,0.0232));
#8978=CARTESIAN_POINT('',(-0.0477,0.022235233838963,0.0232));
#8979=CARTESIAN_POINT('',(-0.0477,0.0163089054305846,0.0232));
#8980=CARTESIAN_POINT('',(-0.0243846818990878,0.0211115082732405,0.0232));
#8981=CARTESIAN_POINT('',(-0.0243583468952711,0.0209363232478514,0.0232));
#8982=CARTESIAN_POINT('',(-0.0244110169029044,0.0212866932986296,0.0232));
#8983=CARTESIAN_POINT('',(-0.0244217035711199,0.0212866932986296,0.0232));
#8984=CARTESIAN_POINT('',(-0.0244323902393354,0.0212866932986296,0.0232));
#8985=CARTESIAN_POINT('',(-0.0244323902393354,0.0212866932986296,0.0232));
#8986=CARTESIAN_POINT('',(-0.0247064269457175,0.0208882332408818,0.0232));
#8987=CARTESIAN_POINT('',(-0.0252529736915938,0.0208882332408818,0.0232));
#8988=CARTESIAN_POINT('',(-0.0252529736915938,0.0208882332408818,0.0232));
#8989=CARTESIAN_POINT('',(-0.0252529736915938,0.0208882332408818,0.0232));
#8990=CARTESIAN_POINT('',(-0.0257659337659359,0.0208882332408818,0.0232));
#8991=CARTESIAN_POINT('',(-0.0260510388072554,0.021238984958382,0.0232));
#8992=CARTESIAN_POINT('',(-0.0260510388072554,0.021238984958382,0.0232));
#8993=CARTESIAN_POINT('',(-0.0260510388072554,0.021238984958382,0.0232));
#8994=CARTESIAN_POINT('',(-0.026336143848575,0.0215897366758823,0.0232));
#8995=CARTESIAN_POINT('',(-0.026336143848575,0.0222362801029176,0.0232));
#8996=CARTESIAN_POINT('',(-0.026336143848575,0.0222362801029176,0.0232));
#8997=CARTESIAN_POINT('',(-0.026336143848575,0.0222362801029176,0.0232));
#8998=CARTESIAN_POINT('',(-0.026336143848575,0.0228828235299529,0.0232));
#8999=CARTESIAN_POINT('',(-0.0260498938070895,0.0232408269151708,0.0232));
#9000=CARTESIAN_POINT('',(-0.0260498938070895,0.0232408269151708,0.0232));
#9001=CARTESIAN_POINT('',(-0.0260498938070895,0.0232408269151708,0.0232));
#9002=CARTESIAN_POINT('',(-0.025763643765604,0.0235988303003887,0.0232));
#9003=CARTESIAN_POINT('',(-0.0252529736915938,0.0235988303003887,0.0232));
#9004=CARTESIAN_POINT('',(-0.0252529736915938,0.0235988303003887,0.0232));
#9005=CARTESIAN_POINT('',(-0.0252529736915938,0.0235988303003887,0.0232));
#9006=CARTESIAN_POINT('',(-0.0247209302811528,0.0235988303003887,0.0232));
#9007=CARTESIAN_POINT('',(-0.0244369702399992,0.0232118202443003,0.0232));
#9008=CARTESIAN_POINT('',(-0.0244369702399992,0.0232118202443003,0.0232));
#9009=CARTESIAN_POINT('',(-0.024421321904398,0.0232118202443003,0.0232));
#9010=CARTESIAN_POINT('',(-0.0244056735687967,0.0232118202443003,0.0232));
#9011=CARTESIAN_POINT('',(-0.0244140702366803,0.0233060919246295,0.0232));
#9012=CARTESIAN_POINT('',(-0.0244224669045639,0.0234003636049587,0.0232));
#9013=CARTESIAN_POINT('',(-0.0244274285719497,0.023492345284956,0.0232));
#9014=CARTESIAN_POINT('',(-0.0244323902393354,0.0235843269649534,0.0232));
#9015=CARTESIAN_POINT('',(-0.0244323902393354,0.0241163703753944,0.0232));
#9016=CARTESIAN_POINT('',(-0.0244323902393354,0.0246484137858356,0.0232));
#9017=CARTESIAN_POINT('',(-0.0242343052106274,0.0246484137858356,0.0232));
#9018=CARTESIAN_POINT('',(-0.0240362201819194,0.0246484137858356,0.0232));
#9019=CARTESIAN_POINT('',(-0.0240362201819194,0.0227923685168435,0.0232));
#9020=CARTESIAN_POINT('',(-0.0240362201819194,0.0209363232478514,0.0232));
#9021=CARTESIAN_POINT('',(-0.0241972835385953,0.0209363232478514,0.0232));
#9022=CARTESIAN_POINT('',(-0.0315512379377191,0.0233717386008102,0.0232));
#9023=CARTESIAN_POINT('',(-0.0315787179417017,0.0235507402934191,0.0232));
#9024=CARTESIAN_POINT('',(-0.0315195463006775,0.0231859005211113,0.0232));
#9025=CARTESIAN_POINT('',(-0.0315112765730003,0.0231834281229395,0.0232));
#9026=CARTESIAN_POINT('',(-0.0315079755853189,0.0231880825155703,0.0232));
#9027=CARTESIAN_POINT('',(-0.0315046745976374,0.0231927369082012,0.0232));
#9028=CARTESIAN_POINT('',(-0.0313520079088452,0.0234079969393983,0.0232));
#9029=CARTESIAN_POINT('',(-0.0311493428794734,0.0235034136198934,0.0232));
#9030=CARTESIAN_POINT('',(-0.0311493428794734,0.0235034136198934,0.0232));
#9031=CARTESIAN_POINT('',(-0.0307077962702831,0.0225157318681399,0.0232));
#9032=CARTESIAN_POINT('',(-0.030684091145379,0.0235988303003887,0.0232));
#9033=CARTESIAN_POINT('',(-0.030684091145379,0.0235988303003887,0.0232));
#9034=CARTESIAN_POINT('',(-0.0301642610700413,0.0235988303003887,0.0232));
#9035=CARTESIAN_POINT('',(-0.0298814460290536,0.0232431169155027,0.0232));
#9036=CARTESIAN_POINT('',(-0.0298814460290536,0.0232431169155027,0.0232));
#9037=CARTESIAN_POINT('',(-0.0298814460290536,0.0232431169155027,0.0232));
#9038=CARTESIAN_POINT('',(-0.0295986309880659,0.0228874035306167,0.0232));
#9039=CARTESIAN_POINT('',(-0.0295986309880659,0.0222462034376891,0.0232));
#9040=CARTESIAN_POINT('',(-0.0295986309880659,0.0222462034376891,0.0232));
#9041=CARTESIAN_POINT('',(-0.0295986309880659,0.0222462034376891,0.0232));
#9042=CARTESIAN_POINT('',(-0.0295986309880659,0.0216019500109857,0.0232));
#9043=CARTESIAN_POINT('',(-0.0298860260297174,0.0212450916259337,0.0232));
#9044=CARTESIAN_POINT('',(-0.0298860260297174,0.0212450916259337,0.0232));
#9045=CARTESIAN_POINT('',(-0.0298860260297174,0.0212450916259337,0.0232));
#9046=CARTESIAN_POINT('',(-0.0301734210713688,0.0208882332408818,0.0232));
#9047=CARTESIAN_POINT('',(-0.030684091145379,0.0208882332408818,0.0232));
#9048=CARTESIAN_POINT('',(-0.030684091145379,0.0208882332408818,0.0232));
#9049=CARTESIAN_POINT('',(-0.0307004138190139,0.0220209109626036,0.0232));
#9050=CARTESIAN_POINT('',(-0.031150951203773,0.020982316371903,0.0232));
#9051=CARTESIAN_POINT('',(-0.0307928010397909,0.0217778114589034,0.0232));
#9052=CARTESIAN_POINT('',(-0.031504248211951,0.0212729532966383,0.0232));
#9053=CARTESIAN_POINT('',(-0.0315191779330728,0.0212729532966383,0.0232));
#9054=CARTESIAN_POINT('',(-0.031533681268508,0.0212729532966383,0.0232));
#9055=CARTESIAN_POINT('',(-0.0349721066141404,0.0208230142147174,0.0232));
#9056=CARTESIAN_POINT('',(-0.031504605582554,0.0208386168775705,0.0232));
#9057=CARTESIAN_POINT('',(-0.0315046745976374,0.0203004664890316,0.0232));
#9058=CARTESIAN_POINT('',(-0.0315046745976374,0.0197623164110388,0.0232));
#9059=CARTESIAN_POINT('',(-0.0317027596263454,0.0197623164110388,0.0232));
#9060=CARTESIAN_POINT('',(-0.0319008446550534,0.0197623164110388,0.0232));
#9061=CARTESIAN_POINT('',(-0.0319008446550534,0.0216565283522289,0.0232));
#9062=CARTESIAN_POINT('',(-0.0319008446550534,0.0235507402934191,0.0232));
#9063=CARTESIAN_POINT('',(-0.0317397812983775,0.0235507402934191,0.0232));
#9064=CARTESIAN_POINT('',(-0.0401345408483427,0.0209363232478514,0.0232));
#9065=CARTESIAN_POINT('',(-0.0399875991603802,0.0209363232478514,0.0232));
#9066=CARTESIAN_POINT('',(-0.0402814825363053,0.0209363232478514,0.0232));
#9067=CARTESIAN_POINT('',(-0.0403207942086693,0.021122576608178,0.0232));
#9068=CARTESIAN_POINT('',(-0.0403690447706345,0.0213172046436522,0.0232));
#9069=CARTESIAN_POINT('',(-0.0403715655053398,0.0213184191684935,0.0232));
#9070=CARTESIAN_POINT('',(-0.0403753773612361,0.021313624568499,0.0232));
#9071=CARTESIAN_POINT('',(-0.0403791892171323,0.0213088299685046,0.0232));
#9072=CARTESIAN_POINT('',(-0.0405746025787865,0.021063036599549,0.0232));
#9073=CARTESIAN_POINT('',(-0.0407688709402746,0.0209756349202154,0.0232));
#9074=CARTESIAN_POINT('',(-0.0407688709402746,0.0209756349202154,0.0232));
#9075=CARTESIAN_POINT('',(-0.0407688709402746,0.0209756349202154,0.0232));
#9076=CARTESIAN_POINT('',(-0.0409631393017628,0.0208882332408818,0.0232));
#9077=CARTESIAN_POINT('',(-0.041254732677356,0.0208882332408818,0.0232));
#9078=CARTESIAN_POINT('',(-0.041254732677356,0.0208882332408818,0.0232));
#9079=CARTESIAN_POINT('',(-0.041254732677356,0.0208882332408818,0.0232));
#9080=CARTESIAN_POINT('',(-0.0416432694003324,0.0208882332408818,0.0232));
#9081=CARTESIAN_POINT('',(-0.0418638727656372,0.0210889899366437,0.0232));
#9082=CARTESIAN_POINT('',(-0.0418638727656372,0.0210889899366437,0.0232));
#9083=CARTESIAN_POINT('',(-0.0418638727656372,0.0210889899366437,0.0232));
#9084=CARTESIAN_POINT('',(-0.042084476130942,0.0212897466324055,0.0232));
#9085=CARTESIAN_POINT('',(-0.042084476130942,0.0216592000192828,0.0232));
#9086=CARTESIAN_POINT('',(-0.042084476130942,0.0216592000192828,0.0232));
#9087=CARTESIAN_POINT('',(-0.042084476130942,0.0216592000192828,0.0232));
#9088=CARTESIAN_POINT('',(-0.042084476130942,0.0224507768006708,0.0232));
#9089=CARTESIAN_POINT('',(-0.0408181059474101,0.0224889434728688,0.0232));
#9090=CARTESIAN_POINT('',(-0.0408181059474101,0.0224889434728688,0.0232));
#9091=CARTESIAN_POINT('',(-0.0405963575819394,0.0224961951405865,0.0232));
#9092=CARTESIAN_POINT('',(-0.0403746092164686,0.0225034468083041,0.0232));
#9093=CARTESIAN_POINT('',(-0.0403746092164686,0.0225847418200859,0.0232));
#9094=CARTESIAN_POINT('',(-0.0403746092164686,0.0226660368318678,0.0232));
#9095=CARTESIAN_POINT('',(-0.0403746092164686,0.0226660368318678,0.0232));
#9096=CARTESIAN_POINT('',(-0.0403746092164686,0.0229736602097843,0.0232));
#9097=CARTESIAN_POINT('',(-0.0405066659022739,0.0231202202310248,0.0232));
#9098=CARTESIAN_POINT('',(-0.0405066659022739,0.0231202202310248,0.0232));
#9099=CARTESIAN_POINT('',(-0.0405066659022739,0.0231202202310248,0.0232));
#9100=CARTESIAN_POINT('',(-0.0406387225880792,0.0232667802522654,0.0232));
#9101=CARTESIAN_POINT('',(-0.0409303159636724,0.0232667802522654,0.0232));
#9102=CARTESIAN_POINT('',(-0.0409303159636724,0.0232667802522654,0.0232));
#9103=CARTESIAN_POINT('',(-0.0409303159636724,0.0232667802522654,0.0232));
#9104=CARTESIAN_POINT('',(-0.0412570226776879,0.0232667802522654,0.0232));
#9105=CARTESIAN_POINT('',(-0.041669222737427,0.0230667868899475,0.0232));
#9106=CARTESIAN_POINT('',(-0.041669222737427,0.0230667868899475,0.0232));
#9107=CARTESIAN_POINT('',(-0.041730289412944,0.0232183085785739,0.0232));
#9108=CARTESIAN_POINT('',(-0.0417914247086829,0.0233700005284341,0.0232));
#9109=CARTESIAN_POINT('',(-0.04091088893554,0.0217226449869636,0.0232));
#9110=CARTESIAN_POINT('',(-0.0413680637352067,0.0235338533459678,0.0232));
#9111=CARTESIAN_POINT('',(-0.0409035376209074,0.0217552710070137,0.0232));
#9112=CARTESIAN_POINT('',(-0.0409058892934656,0.0235934869662809,0.0232));
#9113=CARTESIAN_POINT('',(-0.0409058892934656,0.0235934869662809,0.0232));
#9114=CARTESIAN_POINT('',(-0.0404387292257613,0.0235934869662809,0.0232));
#9115=CARTESIAN_POINT('',(-0.0402131641930707,0.0233862419362454,0.0232));
#9116=CARTESIAN_POINT('',(-0.0402131641930707,0.0233862419362454,0.0232));
#9117=CARTESIAN_POINT('',(-0.0402131641930707,0.0233862419362454,0.0232));
#9118=CARTESIAN_POINT('',(-0.0399875991603802,0.0231789969062099,0.0232));
#9119=CARTESIAN_POINT('',(-0.0399875991603802,0.0227209968398331,0.0232));
#9120=CARTESIAN_POINT('',(-0.0399875991603802,0.0227209968398331,0.0232));
#9121=CARTESIAN_POINT('',(-0.0399875991603802,0.0218286600438422,0.0232));
#9122=CARTESIAN_POINT('',(-0.0408166590248977,0.0129151643936847,0.0232));
#9123=CARTESIAN_POINT('',(-0.0408166590248977,0.015394005539518,0.0232));
#9124=CARTESIAN_POINT('',(-0.0408166590248977,0.0104363232478514,0.0232));
#9125=CARTESIAN_POINT('',(-0.0410911815943421,0.0104363232478514,0.0232));
#9126=CARTESIAN_POINT('',(-0.0413657041637865,0.0104363232478514,0.0232));
#9127=CARTESIAN_POINT('',(-0.0413657041637865,0.0122028163034069,0.0232));
#9128=CARTESIAN_POINT('',(-0.0413656358031614,0.0139693095085488,0.0232));
#9129=CARTESIAN_POINT('',(-0.0292117894454511,0.0139959044860545,0.0232));
#9130=CARTESIAN_POINT('',(-0.0413387359172815,0.0148034911098791,0.0232));
#9131=CARTESIAN_POINT('',(-0.0434770043638643,0.0169249665526599,0.0232));
#9132=CARTESIAN_POINT('',(-0.0414973533468872,0.0146542983252824,0.0232));
#9133=CARTESIAN_POINT('',(-0.0913603712225301,0.0747734707633788,0.0232));
#9134=CARTESIAN_POINT('',(-0.0423044961405407,0.0139934487376576,0.0232));
#9135=CARTESIAN_POINT('',(-0.0424534862818421,0.0141863232478514,0.0232));
#9136=CARTESIAN_POINT('',(-0.0426026833304533,0.0143794656089625,0.0232));
#9137=CARTESIAN_POINT('',(-0.0419467588512865,0.0148867355742403,0.0232));
#9138=CARTESIAN_POINT('',(-0.0412908343721199,0.015394005539518,0.0232));
#9139=CARTESIAN_POINT('',(-0.0410537466985088,0.015394005539518,0.0232));
#9140=CARTESIAN_POINT('',(-0.044980070483231,0.0104363232478514,0.0232));
#9141=CARTESIAN_POINT('',(-0.0446512944415643,0.0104363232478514,0.0232));
#9142=CARTESIAN_POINT('',(-0.0453088465248977,0.0104363232478514,0.0232));
#9143=CARTESIAN_POINT('',(-0.0460141416637866,0.0122945046714625,0.0232));
#9144=CARTESIAN_POINT('',(-0.0467194368026755,0.0141526860950736,0.0232));
#9145=CARTESIAN_POINT('',(-0.0464177874971199,0.0141526860950736,0.0232));
#9146=CARTESIAN_POINT('',(-0.0461161381915643,0.0141526860950736,0.0232));
#9147=CARTESIAN_POINT('',(-0.0457157475665643,0.0130507980742403,0.0232));
#9148=CARTESIAN_POINT('',(-0.0453153569415643,0.0119489100534069,0.0232));
#9149=CARTESIAN_POINT('',(-0.0453153569415643,0.0119489100534069,0.0232));
#9150=CARTESIAN_POINT('',(-0.0450440895804532,0.011175255539518,0.0232));
#9151=CARTESIAN_POINT('',(-0.0449963465248977,0.0109452208172958,0.0232));
#9152=CARTESIAN_POINT('',(-0.0449963465248977,0.0109452208172958,0.0232));
#9153=CARTESIAN_POINT('',(-0.0449827831568421,0.0109452208172958,0.0232));
#9154=CARTESIAN_POINT('',(-0.0449692197887865,0.0109452208172958,0.0232));
#9155=CARTESIAN_POINT('',(-0.0449692197887865,0.0109452208172958,0.0232));
#9156=CARTESIAN_POINT('',(-0.0449323274276755,0.0111242572756292,0.0232));
#9157=CARTESIAN_POINT('',(-0.0447337597193422,0.0116890359214625,0.0232));
#9158=CARTESIAN_POINT('',(-0.0447337597193422,0.0116890359214625,0.0232));
#9159=CARTESIAN_POINT('',(0.29164448255418,-0.10853565164298,0.0232));
#9160=CARTESIAN_POINT('',(-0.0438436212860834,0.0141526860950736,0.0232));
#9161=CARTESIAN_POINT('',(-0.0435423534693421,0.0141526860950736,0.0232));
#9162=CARTESIAN_POINT('',(-0.0432407041637866,0.0141526860950736,0.0232));
#9163=CARTESIAN_POINT('',(-0.0439459993026754,0.0122945046714625,0.0232));
#9164=CARTESIAN_POINT('',(-0.0322464296798417,0.0295796469258372,0.0232));
#9165=CARTESIAN_POINT('',(-0.0322464296798417,0.0317195586219386,0.0232));
#9166=CARTESIAN_POINT('',(-0.0322464296798417,0.0274397352297359,0.0232));
#9167=CARTESIAN_POINT('',(-0.0325706965908714,0.0274397352297359,0.0232));
#9168=CARTESIAN_POINT('',(-0.032894963501901,0.0274397352297359,0.0232));
#9169=CARTESIAN_POINT('',(-0.032894963501901,0.0295796469258372,0.0232));
#9170=CARTESIAN_POINT('',(-0.032894963501901,0.0317195586219386,0.0232));
#9171=CARTESIAN_POINT('',(-0.0325706965908714,0.0317195586219386,0.0232));
#9172=CARTESIAN_POINT('',(-0.0328406066208614,0.0325530307978799,0.0232));
#9173=CARTESIAN_POINT('',(-0.0329499451746768,0.032660494976487,0.0232));
#9174=CARTESIAN_POINT('',(-0.0329499451746768,0.0328791720841178,0.0232));
#9175=CARTESIAN_POINT('',(-0.0328406066208614,0.0325530307978799,0.0232));
#9176=CARTESIAN_POINT('',(-0.0329499451746768,0.0328791720841178,0.0232));
#9177=CARTESIAN_POINT('',(-0.0329499451746768,0.0328791720841178,0.0232));
#9178=CARTESIAN_POINT('',(-0.0329499451746768,0.0331015979421651,0.0232));
#9179=CARTESIAN_POINT('',(-0.0328406066208614,0.0332053133703557,0.0232));
#9180=CARTESIAN_POINT('',(-0.0328406066208614,0.0332053133703557,0.0232));
#9181=CARTESIAN_POINT('',(-0.0325797516238068,0.0329263248571472,0.0232));
#9182=CARTESIAN_POINT('',(-0.0325663282657018,0.0333086943961909,0.0232));
#9183=CARTESIAN_POINT('',(-0.0325599572960376,0.0329287205634569,0.0232));
#9184=CARTESIAN_POINT('',(-0.0322970378104648,0.0332034389951475,0.0232));
#9185=CARTESIAN_POINT('',(-0.0322970378104648,0.0332034389951475,0.0232));
#9186=CARTESIAN_POINT('',(-0.0321839505062329,0.0330978491917486,0.0232));
#9187=CARTESIAN_POINT('',(-0.0321839505062329,0.0328791720841178,0.0232));
#9188=CARTESIAN_POINT('',(-0.0321839505062329,0.0328791720841178,0.0232));
#9189=CARTESIAN_POINT('',(-0.0321839505062329,0.0328791720841178,0.0232));
#9190=CARTESIAN_POINT('',(-0.0321839505062329,0.032660494976487,0.0232));
#9191=CARTESIAN_POINT('',(-0.0322970378104648,0.0325530307978799,0.0232));
#9192=CARTESIAN_POINT('',(-0.0322970378104648,0.0325530307978799,0.0232));
#9193=CARTESIAN_POINT('',(-0.0325605351679312,0.0328222324650571,0.0232));
#9194=CARTESIAN_POINT('',(-0.0325663399683175,0.0324458699693333,0.0232));
#9195=CARTESIAN_POINT('',(-0.0325786948462417,0.0328206759577096,0.0232));
#9196=CARTESIAN_POINT('',(-0.0302233540383889,0.0304780974423317,0.0232));
#9197=CARTESIAN_POINT('',(-0.0302233540383889,0.0335164596549275,0.0232));
#9198=CARTESIAN_POINT('',(-0.0302233540383889,0.0274397352297359,0.0232));
#9199=CARTESIAN_POINT('',(-0.0305476209494185,0.0274397352297359,0.0232));
#9200=CARTESIAN_POINT('',(-0.0308718878604482,0.0274397352297359,0.0232));
#9201=CARTESIAN_POINT('',(-0.0308718878604482,0.0304780974423317,0.0232));
#9202=CARTESIAN_POINT('',(-0.0308718878604482,0.0335164596549275,0.0232));
#9203=CARTESIAN_POINT('',(-0.0305476209494185,0.0335164596549275,0.0232));
#9204=CARTESIAN_POINT('',(-0.028200278396936,0.0304780974423317,0.0232));
#9205=CARTESIAN_POINT('',(-0.028200278396936,0.0335164596549275,0.0232));
#9206=CARTESIAN_POINT('',(-0.028200278396936,0.0274397352297359,0.0232));
#9207=CARTESIAN_POINT('',(-0.0285245453079656,0.0274397352297359,0.0232));
#9208=CARTESIAN_POINT('',(-0.0288488122189954,0.0274397352297359,0.0232));
#9209=CARTESIAN_POINT('',(-0.0288488122189954,0.0304780974423317,0.0232));
#9210=CARTESIAN_POINT('',(-0.0288488122189954,0.0335164596549275,0.0232));
#9211=CARTESIAN_POINT('',(-0.0285245453079656,0.0335164596549275,0.0232));
#9212=CARTESIAN_POINT('',(-0.0364968753211448,0.0233087635916833,0.0232));
#9213=CARTESIAN_POINT('',(-0.0365197753244637,0.0235507402934191,0.0232));
#9214=CARTESIAN_POINT('',(-0.0364697475289906,0.0230607799797917,0.0232));
#9215=CARTESIAN_POINT('',(-0.0364597293005806,0.0230582833925942,0.0232));
#9216=CARTESIAN_POINT('',(-0.0364573106411538,0.0230625351412709,0.0232));
#9217=CARTESIAN_POINT('',(-0.036454891981727,0.0230667868899475,0.0232));
#9218=CARTESIAN_POINT('',(-0.0363098586273743,0.0233217402602307,0.0232));
#9219=CARTESIAN_POINT('',(-0.0361045219309487,0.0234602852803097,0.0232));
#9220=CARTESIAN_POINT('',(-0.0361045219309487,0.0234602852803097,0.0232));
#9221=CARTESIAN_POINT('',(-0.0356578772589831,0.0228102560145852,0.0232));
#9222=CARTESIAN_POINT('',(-0.0356533898790709,0.0235986911947291,0.0232));
#9223=CARTESIAN_POINT('',(-0.035635609268657,0.0220652639278241,0.0232));
#9224=CARTESIAN_POINT('',(-0.0353411447360678,0.0235701159099661,0.0232));
#9225=CARTESIAN_POINT('',(-0.0353686684909699,0.0233862419362454,0.0232));
#9226=CARTESIAN_POINT('',(-0.0353961484949525,0.0232026602429727,0.0232));
#9227=CARTESIAN_POINT('',(-0.03571012580542,0.0218858228740152,0.0232));
#9228=CARTESIAN_POINT('',(-0.035682398536438,0.0232385369148389,0.0232));
#9229=CARTESIAN_POINT('',(-0.035682398536438,0.0232385369148389,0.0232));
#9230=CARTESIAN_POINT('',(-0.035999945249126,0.0232385369148389,0.0232));
#9231=CARTESIAN_POINT('',(-0.0362251286150946,0.0229809118775019,0.0232));
#9232=CARTESIAN_POINT('',(-0.0362251286150946,0.0229809118775019,0.0232));
#9233=CARTESIAN_POINT('',(-0.0362251286150946,0.0229809118775019,0.0232));
#9234=CARTESIAN_POINT('',(-0.0364503119810631,0.022723286840165,0.0232));
#9235=CARTESIAN_POINT('',(-0.0364503119810631,0.0223393301178524,0.0232));
#9236=CARTESIAN_POINT('',(-0.0364503119810631,0.0223393301178524,0.0232));
#9237=CARTESIAN_POINT('',(-0.0364503119810631,0.0216378266828519,0.0232));
#9238=CARTESIAN_POINT('',(-0.0364503119810631,0.0209363232478514,0.0232));
#9239=CARTESIAN_POINT('',(-0.0366483970097711,0.0209363232478514,0.0232));
#9240=CARTESIAN_POINT('',(-0.0368464820384791,0.0209363232478514,0.0232));
#9241=CARTESIAN_POINT('',(-0.0368464820384791,0.0222435317706353,0.0232));
#9242=CARTESIAN_POINT('',(-0.0368464820384791,0.0235507402934191,0.0232));
#9243=CARTESIAN_POINT('',(-0.0366831286814714,0.0235507402934191,0.0232));
#9244=CARTESIAN_POINT('',(-0.0374670721284197,0.0210248699273509,0.0232));
#9245=CARTESIAN_POINT('',(-0.0377288954996984,0.0208882332408818,0.0232));
#9246=CARTESIAN_POINT('',(-0.0381273555574463,0.0208882332408818,0.0232));
#9247=CARTESIAN_POINT('',(-0.0374670721284197,0.0210248699273509,0.0232));
#9248=CARTESIAN_POINT('',(-0.0381273555574463,0.0208882332408818,0.0232));
#9249=CARTESIAN_POINT('',(-0.0381273555574463,0.0208882332408818,0.0232));
#9250=CARTESIAN_POINT('',(-0.0386952756397535,0.0208882332408818,0.0232));
#9251=CARTESIAN_POINT('',(-0.0390067156848898,0.0212378399582162,0.0232));
#9252=CARTESIAN_POINT('',(-0.0390067156848898,0.0212378399582162,0.0232));
#9253=CARTESIAN_POINT('',(-0.0390067156848898,0.0212378399582162,0.0232));
#9254=CARTESIAN_POINT('',(-0.0393181557300261,0.0215874466755505,0.0232));
#9255=CARTESIAN_POINT('',(-0.0393181557300261,0.0222271201015901,0.0232));
#9256=CARTESIAN_POINT('',(-0.0393181557300261,0.0222271201015901,0.0232));
#9257=CARTESIAN_POINT('',(-0.0393181557300261,0.0222271201015901,0.0232));
#9258=CARTESIAN_POINT('',(-0.0393181557300261,0.0228828235299529,0.0232));
#9259=CARTESIAN_POINT('',(-0.039001754017504,0.0232408269151708,0.0232));
#9260=CARTESIAN_POINT('',(-0.039001754017504,0.0232408269151708,0.0232));
#9261=CARTESIAN_POINT('',(-0.039001754017504,0.0232408269151708,0.0232));
#9262=CARTESIAN_POINT('',(-0.0386853523049821,0.0235988303003887,0.0232));
#9263=CARTESIAN_POINT('',(-0.0381014022203516,0.0235988303003887,0.0232));
#9264=CARTESIAN_POINT('',(-0.0381014022203516,0.0235988303003887,0.0232));
#9265=CARTESIAN_POINT('',(-0.0381034094050673,0.0218223967771611,0.0232));
#9266=CARTESIAN_POINT('',(-0.0377243761664025,0.0235576460656953,0.0232));
#9267=CARTESIAN_POINT('',(-0.0379581107555147,0.0223133879295359,0.0232));
#9268=CARTESIAN_POINT('',(-0.037428621153991,0.0234629803622307,0.0232));
#9269=CARTESIAN_POINT('',(-0.0374895904650165,0.0232942602562481,0.0232));
#9270=CARTESIAN_POINT('',(-0.0375502344665983,0.023126440377657,0.0232));
#9271=CARTESIAN_POINT('',(-0.0382246535374573,0.0214172468012823,0.0232));
#9272=CARTESIAN_POINT('',(-0.0378365658110677,0.0232131797288313,0.0232));
#9273=CARTESIAN_POINT('',(-0.0381371618026035,0.0219524544221071,0.0232));
#9274=CARTESIAN_POINT('',(-0.0381105622216792,0.0232476969161664,0.0232));
#9275=CARTESIAN_POINT('',(-0.0381105622216792,0.0232476969161664,0.0232));
#9276=CARTESIAN_POINT('',(-0.0389074823371748,0.0232476969161664,0.0232));
#9277=CARTESIAN_POINT('',(-0.0389074823371748,0.0222317001022539,0.0232));
#9278=CARTESIAN_POINT('',(-0.0389074823371748,0.0222317001022539,0.0232));
#9279=CARTESIAN_POINT('',(-0.0389074823371748,0.0222317001022539,0.0232));
#9280=CARTESIAN_POINT('',(-0.0389074823371748,0.0217500366991142,0.0232));
#9281=CARTESIAN_POINT('',(-0.0387132139756867,0.0214924116617773,0.0232));
#9282=CARTESIAN_POINT('',(-0.0387132139756867,0.0214924116617773,0.0232));
#9283=CARTESIAN_POINT('',(-0.0387132139756867,0.0214924116617773,0.0232));
#9284=CARTESIAN_POINT('',(-0.0385189456141985,0.0212347866244403,0.0232));
#9285=CARTESIAN_POINT('',(-0.0381372788922178,0.0212347866244403,0.0232));
#9286=CARTESIAN_POINT('',(-0.0381372788922178,0.0212347866244403,0.0232));
#9287=CARTESIAN_POINT('',(-0.0381613789489902,0.0230003303747686,0.0232));
#9288=CARTESIAN_POINT('',(-0.0374670721284197,0.0213752399781292,0.0232));
#9289=CARTESIAN_POINT('',(-0.0374670721284197,0.0212000549527401,0.0232));
#9290=CARTESIAN_POINT('',(-0.0450771248979926,0.0229854918781657,0.0232));
#9291=CARTESIAN_POINT('',(-0.0456293966446986,0.0244239937533109,0.0232));
#9292=CARTESIAN_POINT('',(-0.0445182567302399,0.0215390627199834,0.0232));
#9293=CARTESIAN_POINT('',(-0.0439489180678176,0.0229854918781657,0.0232));
#9294=CARTESIAN_POINT('',(-0.0433920663204478,0.0244239937533109,0.0232));
#9295=CARTESIAN_POINT('',(-0.0430890229431952,0.0244239937533109,0.0232));
#9296=CARTESIAN_POINT('',(-0.0427859795659426,0.0244239937533109,0.0232));
#9297=CARTESIAN_POINT('',(-0.0427859795659426,0.0226801585005811,0.0232));
#9298=CARTESIAN_POINT('',(-0.0427859795659426,0.0209363232478514,0.0232));
#9299=CARTESIAN_POINT('',(-0.0429886445953142,0.0209363232478514,0.0232));
#9300=CARTESIAN_POINT('',(-0.043191309624686,0.0209363232478514,0.0232));
#9301=CARTESIAN_POINT('',(-0.043191309624686,0.0220599500773625,0.0232));
#9302=CARTESIAN_POINT('',(-0.0431914227279732,0.0231835773440851,0.0232));
#9303=CARTESIAN_POINT('',(-0.0317086194665034,0.0231391894796891,0.0232));
#9304=CARTESIAN_POINT('',(-0.0431659952370458,0.024027042460658,0.0232));
#9305=CARTESIAN_POINT('',(-0.0437733513757066,0.0224797834715413,0.0232));
#9306=CARTESIAN_POINT('',(-0.0443698964621623,0.0209363232478514,0.0232));
#9307=CARTESIAN_POINT('',(-0.0445332498191701,0.0209363232478514,0.0232));
#9308=CARTESIAN_POINT('',(-0.0446966031761779,0.0209363232478514,0.0232));
#9309=CARTESIAN_POINT('',(-0.0452881865952479,0.0224820734718731,0.0232));
#9310=CARTESIAN_POINT('',(-0.0458901854829545,0.0240313876626725,0.0232));
#9311=CARTESIAN_POINT('',(-0.0556865389359445,0.0232253510889945,0.0232));
#9312=CARTESIAN_POINT('',(-0.0458655174863263,0.0231545720435454,0.0232));
#9313=CARTESIAN_POINT('',(-0.0458652666788827,0.0220454467419272,0.0232));
#9314=CARTESIAN_POINT('',(-0.0458652666788827,0.0209363232478514,0.0232));
#9315=CARTESIAN_POINT('',(-0.0460526650393752,0.0209363232478514,0.0232));
#9316=CARTESIAN_POINT('',(-0.0462400633998677,0.0209363232478514,0.0232));
#9317=CARTESIAN_POINT('',(-0.0462400633998677,0.0226801585005811,0.0232));
#9318=CARTESIAN_POINT('',(-0.0462400633998677,0.0244239937533109,0.0232));
#9319=CARTESIAN_POINT('',(-0.0459347300222832,0.0244239937533109,0.0232));
#9320=CARTESIAN_POINT('',(-0.0266420478071326,0.0295677758828515,0.0232));
#9321=CARTESIAN_POINT('',(-0.025778585627859,0.0274159931437646,0.0232));
#9322=CARTESIAN_POINT('',(-0.0275055099864062,0.0317195586219386,0.0232));
#9323=CARTESIAN_POINT('',(-0.0271575009894052,0.0317195586219386,0.0232));
#9324=CARTESIAN_POINT('',(-0.0268094919924042,0.0317195586219386,0.0232));
#9325=CARTESIAN_POINT('',(-0.0263408981903382,0.0304993403613587,0.0232));
#9326=CARTESIAN_POINT('',(-0.0258723043882722,0.0292791221007789,0.0232));
#9327=CARTESIAN_POINT('',(-0.0258723043882722,0.0292791221007789,0.0232));
#9328=CARTESIAN_POINT('',(-0.0255649068541169,0.0284431507578932,0.0232));
#9329=CARTESIAN_POINT('',(-0.0254899318457864,0.028072024466657,0.0232));
#9330=CARTESIAN_POINT('',(-0.0254899318457864,0.028072024466657,0.0232));
#9331=CARTESIAN_POINT('',(-0.0254743120523842,0.028072024466657,0.0232));
#9332=CARTESIAN_POINT('',(-0.0254591606368892,0.0280721553478819,0.0232));
#9333=CARTESIAN_POINT('',(-0.0145969888160447,0.0250368833354439,0.0232));
#9334=CARTESIAN_POINT('',(-0.0252462630687121,0.028754297042465,0.0232));
#9335=CARTESIAN_POINT('',(-0.0252462630687121,0.028754297042465,0.0232));
#9336=CARTESIAN_POINT('',(-0.0250838172173292,0.0292366362627249,0.0232));
#9337=CARTESIAN_POINT('',(-0.0241853667008347,0.0317195586219386,0.0232));
#9338=CARTESIAN_POINT('',(-0.0241853667008347,0.0317195586219386,0.0232));
#9339=CARTESIAN_POINT('',(-0.0238379824955698,0.0317195586219386,0.0232));
#9340=CARTESIAN_POINT('',(-0.0234905982903049,0.0317195586219386,0.0232));
#9341=CARTESIAN_POINT('',(-0.0244102917258264,0.0292828708511954,0.0232));
#9342=CARTESIAN_POINT('',(-0.0253299851613479,0.0268461830804523,0.0232));
#9343=CARTESIAN_POINT('',(-0.0253299851613479,0.0268461830804523,0.0232));
#9344=CARTESIAN_POINT('',(-0.0256036439417544,0.0261239238335347,0.0232));
#9345=CARTESIAN_POINT('',(-0.0259685223156298,0.025820899841532,0.0232));
#9346=CARTESIAN_POINT('',(-0.0259685223156298,0.025820899841532,0.0232));
#9347=CARTESIAN_POINT('',(-0.0259685223156298,0.025820899841532,0.0232));
#9348=CARTESIAN_POINT('',(-0.0263334006895052,0.0255178758495293,0.0232));
#9349=CARTESIAN_POINT('',(-0.02686447366518,0.0255178758495293,0.0232));
#9350=CARTESIAN_POINT('',(-0.02686447366518,0.0255178758495293,0.0232));
#9351=CARTESIAN_POINT('',(-0.0268660684540242,0.0280834800118463,0.0232));
#9352=CARTESIAN_POINT('',(-0.0274505283136304,0.0255853532118029,0.0232));
#9353=CARTESIAN_POINT('',(-0.0274505283136304,0.0258446419275033,0.0232));
#9354=CARTESIAN_POINT('',(-0.0274505283136304,0.0261035091698814,0.0232));
#9355=CARTESIAN_POINT('',(-0.0269954263335132,0.0283541473042156,0.0232));
#9356=CARTESIAN_POINT('',(-0.0269706882603149,0.0260576959095094,0.0232));
#9357=CARTESIAN_POINT('',(-0.0269706882603149,0.0260576959095094,0.0232));
#9358=CARTESIAN_POINT('',(-0.0263021611027007,0.0260576959095094,0.0232));
#9359=CARTESIAN_POINT('',(-0.0260172560710446,0.0268074459928149,0.0232));
#9360=CARTESIAN_POINT('',(-0.0260172560710446,0.0268074459928149,0.0232));
#9361=CARTESIAN_POINT('',(-0.0258979208494519,0.0271117195682897,0.0232));
#9362=CARTESIAN_POINT('',(0.,0.,0.0132));
#9363=CARTESIAN_POINT('',(0.04395,-0.0302,0.0132));
#9364=CARTESIAN_POINT('',(0.0457,-0.0302,0.0132));
#9365=CARTESIAN_POINT('',(0.0477,0.,0.0132));
#9366=CARTESIAN_POINT('',(0.0477,-0.022235233838963,0.0132));
#9367=CARTESIAN_POINT('',(0.0477,-0.03095,0.0132));
#9368=CARTESIAN_POINT('',(0.0447,-0.022235233838963,0.0132));
#9369=CARTESIAN_POINT('',(0.04441875,-0.0252220211493519,0.0132));
#9370=CARTESIAN_POINT('',(0.04395,-0.0302,0.0132));
#9371=CARTESIAN_POINT('',(0.0389720211493519,-0.03066875,0.0132));
#9372=CARTESIAN_POINT('',(0.035985233838963,-0.03095,0.0132));
#9373=CARTESIAN_POINT('',(0.035985233838963,-0.03395,0.0132));
#9374=CARTESIAN_POINT('',(0.,-0.03395,0.0132));
#9375=CARTESIAN_POINT('',(0.0447,-0.03395,0.0132));
#9376=CARTESIAN_POINT('',(0.0447,-0.03095,0.0132));
#9377=CARTESIAN_POINT('',(0.,0.,0.0132));
#9378=CARTESIAN_POINT('',(-0.04395,0.0302,0.0132));
#9379=CARTESIAN_POINT('',(-0.0422,0.0302,0.0132));
#9380=CARTESIAN_POINT('',(-0.0477,0.,0.0132));
#9381=CARTESIAN_POINT('',(-0.0477,0.03095,0.0132));
#9382=CARTESIAN_POINT('',(-0.0477,0.022235233838963,0.0132));
#9383=CARTESIAN_POINT('',(-0.0447,0.022235233838963,0.0132));
#9384=CARTESIAN_POINT('',(-0.04441875,0.0252220211493519,0.0132));
#9385=CARTESIAN_POINT('',(-0.04395,0.0302,0.0132));
#9386=CARTESIAN_POINT('',(-0.0389720211493519,0.03066875,0.0132));
#9387=CARTESIAN_POINT('',(-0.035985233838963,0.03095,0.0132));
#9388=CARTESIAN_POINT('',(-0.035985233838963,0.03395,0.0132));
#9389=CARTESIAN_POINT('',(-6.93889390390723E-18,0.03395,0.0132));
#9390=CARTESIAN_POINT('',(-0.0447,0.03395,0.0132));
#9391=CARTESIAN_POINT('',(-0.0447,0.03095,0.0132));
#9392=CARTESIAN_POINT('',(0.,0.,0.0132));
#9393=CARTESIAN_POINT('',(-0.04395,-0.0302,0.0132));
#9394=CARTESIAN_POINT('',(-0.04441875,-0.0252220211493519,0.0132));
#9395=CARTESIAN_POINT('',(-0.0389720211493519,-0.03066875,0.0132));
#9396=CARTESIAN_POINT('',(-0.0447,-0.022235233838963,0.0132));
#9397=CARTESIAN_POINT('',(-0.0477,-0.022235233838963,0.0132));
#9398=CARTESIAN_POINT('',(-0.0477,0.,0.0132));
#9399=CARTESIAN_POINT('',(-0.0477,-0.03095,0.0132));
#9400=CARTESIAN_POINT('',(-0.0447,-0.03095,0.0132));
#9401=CARTESIAN_POINT('',(-0.0447,-0.03395,0.0132));
#9402=CARTESIAN_POINT('',(0.,-0.03395,0.0132));
#9403=CARTESIAN_POINT('',(-0.035985233838963,-0.03395,0.0132));
#9404=CARTESIAN_POINT('',(-0.035985233838963,-0.03095,0.0132));
#9405=CARTESIAN_POINT('',(-0.04395,-0.0302,0.0132));
#9406=CARTESIAN_POINT('',(-0.0422,-0.0302,0.0132));
#9407=CARTESIAN_POINT('',(0.,0.,0.0132));
#9408=CARTESIAN_POINT('',(0.04395,0.0302,0.0132));
#9409=CARTESIAN_POINT('',(0.04441875,0.0252220211493519,0.0132));
#9410=CARTESIAN_POINT('',(0.0389720211493519,0.03066875,0.0132));
#9411=CARTESIAN_POINT('',(0.0447,0.022235233838963,0.0132));
#9412=CARTESIAN_POINT('',(0.0477,0.022235233838963,0.0132));
#9413=CARTESIAN_POINT('',(0.0477,0.,0.0132));
#9414=CARTESIAN_POINT('',(0.0477,0.03095,0.0132));
#9415=CARTESIAN_POINT('',(0.0447,0.03095,0.0132));
#9416=CARTESIAN_POINT('',(0.0447,0.03395,0.0132));
#9417=CARTESIAN_POINT('',(-6.93889390390723E-18,0.03395,0.0132));
#9418=CARTESIAN_POINT('',(0.035985233838963,0.03395,0.0132));
#9419=CARTESIAN_POINT('',(0.035985233838963,0.03095,0.0132));
#9420=CARTESIAN_POINT('',(0.04395,0.0302,0.0132));
#9421=CARTESIAN_POINT('',(0.0457,0.0302,0.0132));
#9422=CARTESIAN_POINT('',(0.,0.,0.0132));
#9423=CARTESIAN_POINT('',(0.035325,0.020275,0.0132));
#9424=CARTESIAN_POINT('',(0.039825,0.020275,0.0132));
#9425=CARTESIAN_POINT('',(0.035325,0.024775,0.0132));
#9426=CARTESIAN_POINT('',(-0.009275,0.024775,0.0132));
#9427=CARTESIAN_POINT('',(-0.015775,0.024775,0.0132));
#9428=CARTESIAN_POINT('',(-0.015775,0.020275,0.0132));
#9429=CARTESIAN_POINT('',(-0.020275,0.020275,0.0132));
#9430=CARTESIAN_POINT('',(-0.020275,0.013775,0.0132));
#9431=CARTESIAN_POINT('',(-0.020275,0.007275,0.0132));
#9432=CARTESIAN_POINT('',(-0.021825,0.007275,0.0132));
#9433=CARTESIAN_POINT('',(-0.021825,0.005725,0.0132));
#9434=CARTESIAN_POINT('',(-0.028325,0.005725,0.0132));
#9435=CARTESIAN_POINT('',(-0.034825,0.005725,0.0132));
#9436=CARTESIAN_POINT('',(-0.034825,0.001225,0.0132));
#9437=CARTESIAN_POINT('',(-0.039325,0.001225,0.0132));
#9438=CARTESIAN_POINT('',(-0.039325,-0.005275,0.0132));
#9439=CARTESIAN_POINT('',(-0.039325,-0.011775,0.0132));
#9440=CARTESIAN_POINT('',(-0.034825,-0.011775,0.0132));
#9441=CARTESIAN_POINT('',(-0.034825,-0.016275,0.0132));
#9442=CARTESIAN_POINT('',(0.028825,-0.016275,0.0132));
#9443=CARTESIAN_POINT('',(0.035325,-0.016275,0.0132));
#9444=CARTESIAN_POINT('',(0.035325,-0.011775,0.0132));
#9445=CARTESIAN_POINT('',(0.039825,-0.011775,0.0132));
#9446=CARTESIAN_POINT('',(0.039825,0.013775,0.0132));
#9447=CARTESIAN_POINT('',(-0.021825,0.001225,0.0132));
#9448=CARTESIAN_POINT('',(-0.019825,0.001225,0.0132));
#9449=CARTESIAN_POINT('',(-0.021825,0.003225,0.0132));
#9450=CARTESIAN_POINT('',(-0.019825,-0.005275,0.0132));
#9451=CARTESIAN_POINT('',(-0.019825,-0.011775,0.0132));
#9452=CARTESIAN_POINT('',(-0.021825,-0.011775,0.0132));
#9453=CARTESIAN_POINT('',(-0.021825,-0.013775,0.0132));
#9454=CARTESIAN_POINT('',(-0.028325,-0.013775,0.0132));
#9455=CARTESIAN_POINT('',(-0.034825,-0.013775,0.0132));
#9456=CARTESIAN_POINT('',(-0.034825,-0.011775,0.0132));
#9457=CARTESIAN_POINT('',(-0.036825,-0.011775,0.0132));
#9458=CARTESIAN_POINT('',(-0.036825,-0.005275,0.0132));
#9459=CARTESIAN_POINT('',(-0.036825,0.001225,0.0132));
#9460=CARTESIAN_POINT('',(-0.034825,0.001225,0.0132));
#9461=CARTESIAN_POINT('',(-0.034825,0.003225,0.0132));
#9462=CARTESIAN_POINT('',(-0.028325,0.003225,0.0132));
#9463=CARTESIAN_POINT('',(0.022325,0.020275,0.0132));
#9464=CARTESIAN_POINT('',(0.022325,0.022275,0.0132));
#9465=CARTESIAN_POINT('',(0.020325,0.020275,0.0132));
#9466=CARTESIAN_POINT('',(0.028825,0.022275,0.0132));
#9467=CARTESIAN_POINT('',(0.035325,0.022275,0.0132));
#9468=CARTESIAN_POINT('',(0.035325,0.020275,0.0132));
#9469=CARTESIAN_POINT('',(0.037325,0.020275,0.0132));
#9470=CARTESIAN_POINT('',(0.037325,0.013775,0.0132));
#9471=CARTESIAN_POINT('',(0.037325,0.007275,0.0132));
#9472=CARTESIAN_POINT('',(0.035325,0.007275,0.0132));
#9473=CARTESIAN_POINT('',(0.035325,0.005275,0.0132));
#9474=CARTESIAN_POINT('',(0.028825,0.005275,0.0132));
#9475=CARTESIAN_POINT('',(0.022325,0.005275,0.0132));
#9476=CARTESIAN_POINT('',(0.022325,0.007275,0.0132));
#9477=CARTESIAN_POINT('',(0.020325,0.007275,0.0132));
#9478=CARTESIAN_POINT('',(0.020325,0.013775,0.0132));
#9479=CARTESIAN_POINT('',(0.022325,0.001225,0.0132));
#9480=CARTESIAN_POINT('',(0.022325,0.003225,0.0132));
#9481=CARTESIAN_POINT('',(0.020325,0.001225,0.0132));
#9482=CARTESIAN_POINT('',(0.028825,0.003225,0.0132));
#9483=CARTESIAN_POINT('',(0.035325,0.003225,0.0132));
#9484=CARTESIAN_POINT('',(0.035325,0.001225,0.0132));
#9485=CARTESIAN_POINT('',(0.037325,0.001225,0.0132));
#9486=CARTESIAN_POINT('',(0.037325,-0.005275,0.0132));
#9487=CARTESIAN_POINT('',(0.037325,-0.011775,0.0132));
#9488=CARTESIAN_POINT('',(0.035325,-0.011775,0.0132));
#9489=CARTESIAN_POINT('',(0.035325,-0.013775,0.0132));
#9490=CARTESIAN_POINT('',(0.028825,-0.013775,0.0132));
#9491=CARTESIAN_POINT('',(0.022325,-0.013775,0.0132));
#9492=CARTESIAN_POINT('',(0.022325,-0.011775,0.0132));
#9493=CARTESIAN_POINT('',(0.020325,-0.011775,0.0132));
#9494=CARTESIAN_POINT('',(0.020325,-0.005275,0.0132));
#9495=CARTESIAN_POINT('',(0.003275,0.020275,0.0132));
#9496=CARTESIAN_POINT('',(0.003275,0.022275,0.0132));
#9497=CARTESIAN_POINT('',(0.001275,0.020275,0.0132));
#9498=CARTESIAN_POINT('',(0.009775,0.022275,0.0132));
#9499=CARTESIAN_POINT('',(0.016275,0.022275,0.0132));
#9500=CARTESIAN_POINT('',(0.016275,0.020275,0.0132));
#9501=CARTESIAN_POINT('',(0.018275,0.020275,0.0132));
#9502=CARTESIAN_POINT('',(0.018275,0.013775,0.0132));
#9503=CARTESIAN_POINT('',(0.018275,0.007275,0.0132));
#9504=CARTESIAN_POINT('',(0.016275,0.007275,0.0132));
#9505=CARTESIAN_POINT('',(0.016275,0.005275,0.0132));
#9506=CARTESIAN_POINT('',(0.009775,0.005275,0.0132));
#9507=CARTESIAN_POINT('',(0.003275,0.005275,0.0132));
#9508=CARTESIAN_POINT('',(0.003275,0.007275,0.0132));
#9509=CARTESIAN_POINT('',(0.001275,0.007275,0.0132));
#9510=CARTESIAN_POINT('',(0.001275,0.013775,0.0132));
#9511=CARTESIAN_POINT('',(0.003275,0.001225,0.0132));
#9512=CARTESIAN_POINT('',(0.003275,0.003225,0.0132));
#9513=CARTESIAN_POINT('',(0.001275,0.001225,0.0132));
#9514=CARTESIAN_POINT('',(0.009775,0.003225,0.0132));
#9515=CARTESIAN_POINT('',(0.016275,0.003225,0.0132));
#9516=CARTESIAN_POINT('',(0.016275,0.001225,0.0132));
#9517=CARTESIAN_POINT('',(0.018275,0.001225,0.0132));
#9518=CARTESIAN_POINT('',(0.018275,-0.005275,0.0132));
#9519=CARTESIAN_POINT('',(0.018275,-0.011775,0.0132));
#9520=CARTESIAN_POINT('',(0.016275,-0.011775,0.0132));
#9521=CARTESIAN_POINT('',(0.016275,-0.013775,0.0132));
#9522=CARTESIAN_POINT('',(0.009775,-0.013775,0.0132));
#9523=CARTESIAN_POINT('',(0.003275,-0.013775,0.0132));
#9524=CARTESIAN_POINT('',(0.003275,-0.011775,0.0132));
#9525=CARTESIAN_POINT('',(0.001275,-0.011775,0.0132));
#9526=CARTESIAN_POINT('',(0.001275,-0.005275,0.0132));
#9527=CARTESIAN_POINT('',(-0.015775,0.020275,0.0132));
#9528=CARTESIAN_POINT('',(-0.015775,0.022275,0.0132));
#9529=CARTESIAN_POINT('',(-0.017775,0.020275,0.0132));
#9530=CARTESIAN_POINT('',(-0.009275,0.022275,0.0132));
#9531=CARTESIAN_POINT('',(-0.002775,0.022275,0.0132));
#9532=CARTESIAN_POINT('',(-0.002775,0.020275,0.0132));
#9533=CARTESIAN_POINT('',(-0.000775,0.020275,0.0132));
#9534=CARTESIAN_POINT('',(-0.000775,0.013775,0.0132));
#9535=CARTESIAN_POINT('',(-0.000775,0.007275,0.0132));
#9536=CARTESIAN_POINT('',(-0.002775,0.007275,0.0132));
#9537=CARTESIAN_POINT('',(-0.002775,0.005275,0.0132));
#9538=CARTESIAN_POINT('',(-0.009275,0.005275,0.0132));
#9539=CARTESIAN_POINT('',(-0.015775,0.005275,0.0132));
#9540=CARTESIAN_POINT('',(-0.015775,0.007275,0.0132));
#9541=CARTESIAN_POINT('',(-0.017775,0.007275,0.0132));
#9542=CARTESIAN_POINT('',(-0.017775,0.013775,0.0132));
#9543=CARTESIAN_POINT('',(-0.015775,0.001225,0.0132));
#9544=CARTESIAN_POINT('',(-0.015775,0.003225,0.0132));
#9545=CARTESIAN_POINT('',(-0.017775,0.001225,0.0132));
#9546=CARTESIAN_POINT('',(-0.009275,0.003225,0.0132));
#9547=CARTESIAN_POINT('',(-0.002775,0.003225,0.0132));
#9548=CARTESIAN_POINT('',(-0.002775,0.001225,0.0132));
#9549=CARTESIAN_POINT('',(-0.000775,0.001225,0.0132));
#9550=CARTESIAN_POINT('',(-0.000775,-0.005275,0.0132));
#9551=CARTESIAN_POINT('',(-0.000775,-0.011775,0.0132));
#9552=CARTESIAN_POINT('',(-0.002775,-0.011775,0.0132));
#9553=CARTESIAN_POINT('',(-0.002775,-0.013775,0.0132));
#9554=CARTESIAN_POINT('',(-0.009275,-0.013775,0.0132));
#9555=CARTESIAN_POINT('',(-0.015775,-0.013775,0.0132));
#9556=CARTESIAN_POINT('',(-0.015775,-0.011775,0.0132));
#9557=CARTESIAN_POINT('',(-0.017775,-0.011775,0.0132));
#9558=CARTESIAN_POINT('',(-0.017775,-0.005275,0.0132));
#9559=CARTESIAN_POINT('',(0.,0.,0.0117));
#9560=CARTESIAN_POINT('',(-0.04395,-0.0302,0.0117));
#9561=CARTESIAN_POINT('',(-0.0422,-0.0302,0.0117));
#9562=CARTESIAN_POINT('',(0.04395,0.0302,0.0117));
#9563=CARTESIAN_POINT('',(0.0457,0.0302,0.0117));
#9564=CARTESIAN_POINT('',(0.0477,0.,0.0117));
#9565=CARTESIAN_POINT('',(0.0477,0.03095,0.0117));
#9566=CARTESIAN_POINT('',(0.0477,-0.03095,0.0117));
#9567=CARTESIAN_POINT('',(0.0447,-0.03095,0.0117));
#9568=CARTESIAN_POINT('',(0.0447,-0.03395,0.0117));
#9569=CARTESIAN_POINT('',(0.,-0.03395,0.0117));
#9570=CARTESIAN_POINT('',(-0.0447,-0.03395,0.0117));
#9571=CARTESIAN_POINT('',(-0.0447,-0.03095,0.0117));
#9572=CARTESIAN_POINT('',(-0.0477,-0.03095,0.0117));
#9573=CARTESIAN_POINT('',(-0.0477,0.,0.0117));
#9574=CARTESIAN_POINT('',(-0.0477,0.03095,0.0117));
#9575=CARTESIAN_POINT('',(-0.0447,0.03095,0.0117));
#9576=CARTESIAN_POINT('',(-0.0447,0.03395,0.0117));
#9577=CARTESIAN_POINT('',(-6.93889390390723E-18,0.03395,0.0117));
#9578=CARTESIAN_POINT('',(0.0447,0.03395,0.0117));
#9579=CARTESIAN_POINT('',(0.0447,0.03095,0.0117));
#9580=CARTESIAN_POINT('',(-0.021825,0.001225,0.0117));
#9581=CARTESIAN_POINT('',(-0.019825,0.001225,0.0117));
#9582=CARTESIAN_POINT('',(-0.021825,0.003225,0.0117));
#9583=CARTESIAN_POINT('',(-0.028325,0.003225,0.0117));
#9584=CARTESIAN_POINT('',(-0.034825,0.003225,0.0117));
#9585=CARTESIAN_POINT('',(-0.034825,0.001225,0.0117));
#9586=CARTESIAN_POINT('',(-0.036825,0.001225,0.0117));
#9587=CARTESIAN_POINT('',(-0.036825,-0.005275,0.0117));
#9588=CARTESIAN_POINT('',(-0.036825,-0.011775,0.0117));
#9589=CARTESIAN_POINT('',(-0.034825,-0.011775,0.0117));
#9590=CARTESIAN_POINT('',(-0.034825,-0.013775,0.0117));
#9591=CARTESIAN_POINT('',(-0.028325,-0.013775,0.0117));
#9592=CARTESIAN_POINT('',(-0.021825,-0.013775,0.0117));
#9593=CARTESIAN_POINT('',(-0.021825,-0.011775,0.0117));
#9594=CARTESIAN_POINT('',(-0.019825,-0.011775,0.0117));
#9595=CARTESIAN_POINT('',(-0.019825,-0.005275,0.0117));
#9596=CARTESIAN_POINT('',(0.022325,0.020275,0.0117));
#9597=CARTESIAN_POINT('',(0.022325,0.022275,0.0117));
#9598=CARTESIAN_POINT('',(0.020325,0.020275,0.0117));
#9599=CARTESIAN_POINT('',(0.020325,0.013775,0.0117));
#9600=CARTESIAN_POINT('',(0.020325,0.007275,0.0117));
#9601=CARTESIAN_POINT('',(0.022325,0.007275,0.0117));
#9602=CARTESIAN_POINT('',(0.022325,0.005275,0.0117));
#9603=CARTESIAN_POINT('',(0.028825,0.005275,0.0117));
#9604=CARTESIAN_POINT('',(0.035325,0.005275,0.0117));
#9605=CARTESIAN_POINT('',(0.035325,0.007275,0.0117));
#9606=CARTESIAN_POINT('',(0.037325,0.007275,0.0117));
#9607=CARTESIAN_POINT('',(0.037325,0.013775,0.0117));
#9608=CARTESIAN_POINT('',(0.037325,0.020275,0.0117));
#9609=CARTESIAN_POINT('',(0.035325,0.020275,0.0117));
#9610=CARTESIAN_POINT('',(0.035325,0.022275,0.0117));
#9611=CARTESIAN_POINT('',(0.028825,0.022275,0.0117));
#9612=CARTESIAN_POINT('',(0.022325,0.001225,0.0117));
#9613=CARTESIAN_POINT('',(0.022325,0.003225,0.0117));
#9614=CARTESIAN_POINT('',(0.020325,0.001225,0.0117));
#9615=CARTESIAN_POINT('',(0.020325,-0.005275,0.0117));
#9616=CARTESIAN_POINT('',(0.020325,-0.011775,0.0117));
#9617=CARTESIAN_POINT('',(0.022325,-0.011775,0.0117));
#9618=CARTESIAN_POINT('',(0.022325,-0.013775,0.0117));
#9619=CARTESIAN_POINT('',(0.028825,-0.013775,0.0117));
#9620=CARTESIAN_POINT('',(0.035325,-0.013775,0.0117));
#9621=CARTESIAN_POINT('',(0.035325,-0.011775,0.0117));
#9622=CARTESIAN_POINT('',(0.037325,-0.011775,0.0117));
#9623=CARTESIAN_POINT('',(0.037325,-0.005275,0.0117));
#9624=CARTESIAN_POINT('',(0.037325,0.001225,0.0117));
#9625=CARTESIAN_POINT('',(0.035325,0.001225,0.0117));
#9626=CARTESIAN_POINT('',(0.035325,0.003225,0.0117));
#9627=CARTESIAN_POINT('',(0.028825,0.003225,0.0117));
#9628=CARTESIAN_POINT('',(0.003275,0.020275,0.0117));
#9629=CARTESIAN_POINT('',(0.003275,0.022275,0.0117));
#9630=CARTESIAN_POINT('',(0.001275,0.020275,0.0117));
#9631=CARTESIAN_POINT('',(0.001275,0.013775,0.0117));
#9632=CARTESIAN_POINT('',(0.001275,0.007275,0.0117));
#9633=CARTESIAN_POINT('',(0.003275,0.007275,0.0117));
#9634=CARTESIAN_POINT('',(0.003275,0.005275,0.0117));
#9635=CARTESIAN_POINT('',(0.009775,0.005275,0.0117));
#9636=CARTESIAN_POINT('',(0.016275,0.005275,0.0117));
#9637=CARTESIAN_POINT('',(0.016275,0.007275,0.0117));
#9638=CARTESIAN_POINT('',(0.018275,0.007275,0.0117));
#9639=CARTESIAN_POINT('',(0.018275,0.013775,0.0117));
#9640=CARTESIAN_POINT('',(0.018275,0.020275,0.0117));
#9641=CARTESIAN_POINT('',(0.016275,0.020275,0.0117));
#9642=CARTESIAN_POINT('',(0.016275,0.022275,0.0117));
#9643=CARTESIAN_POINT('',(0.009775,0.022275,0.0117));
#9644=CARTESIAN_POINT('',(0.003275,0.001225,0.0117));
#9645=CARTESIAN_POINT('',(0.003275,0.003225,0.0117));
#9646=CARTESIAN_POINT('',(0.001275,0.001225,0.0117));
#9647=CARTESIAN_POINT('',(0.001275,-0.005275,0.0117));
#9648=CARTESIAN_POINT('',(0.001275,-0.011775,0.0117));
#9649=CARTESIAN_POINT('',(0.003275,-0.011775,0.0117));
#9650=CARTESIAN_POINT('',(0.003275,-0.013775,0.0117));
#9651=CARTESIAN_POINT('',(0.009775,-0.013775,0.0117));
#9652=CARTESIAN_POINT('',(0.016275,-0.013775,0.0117));
#9653=CARTESIAN_POINT('',(0.016275,-0.011775,0.0117));
#9654=CARTESIAN_POINT('',(0.018275,-0.011775,0.0117));
#9655=CARTESIAN_POINT('',(0.018275,-0.005275,0.0117));
#9656=CARTESIAN_POINT('',(0.018275,0.001225,0.0117));
#9657=CARTESIAN_POINT('',(0.016275,0.001225,0.0117));
#9658=CARTESIAN_POINT('',(0.016275,0.003225,0.0117));
#9659=CARTESIAN_POINT('',(0.009775,0.003225,0.0117));
#9660=CARTESIAN_POINT('',(-0.015775,0.020275,0.0117));
#9661=CARTESIAN_POINT('',(-0.015775,0.022275,0.0117));
#9662=CARTESIAN_POINT('',(-0.017775,0.020275,0.0117));
#9663=CARTESIAN_POINT('',(-0.017775,0.013775,0.0117));
#9664=CARTESIAN_POINT('',(-0.017775,0.007275,0.0117));
#9665=CARTESIAN_POINT('',(-0.015775,0.007275,0.0117));
#9666=CARTESIAN_POINT('',(-0.015775,0.005275,0.0117));
#9667=CARTESIAN_POINT('',(-0.009275,0.005275,0.0117));
#9668=CARTESIAN_POINT('',(-0.002775,0.005275,0.0117));
#9669=CARTESIAN_POINT('',(-0.002775,0.007275,0.0117));
#9670=CARTESIAN_POINT('',(-0.000775,0.007275,0.0117));
#9671=CARTESIAN_POINT('',(-0.000775,0.013775,0.0117));
#9672=CARTESIAN_POINT('',(-0.000775,0.020275,0.0117));
#9673=CARTESIAN_POINT('',(-0.002775,0.020275,0.0117));
#9674=CARTESIAN_POINT('',(-0.002775,0.022275,0.0117));
#9675=CARTESIAN_POINT('',(-0.009275,0.022275,0.0117));
#9676=CARTESIAN_POINT('',(-0.015775,0.001225,0.0117));
#9677=CARTESIAN_POINT('',(-0.015775,0.003225,0.0117));
#9678=CARTESIAN_POINT('',(-0.017775,0.001225,0.0117));
#9679=CARTESIAN_POINT('',(-0.017775,-0.005275,0.0117));
#9680=CARTESIAN_POINT('',(-0.017775,-0.011775,0.0117));
#9681=CARTESIAN_POINT('',(-0.015775,-0.011775,0.0117));
#9682=CARTESIAN_POINT('',(-0.015775,-0.013775,0.0117));
#9683=CARTESIAN_POINT('',(-0.009275,-0.013775,0.0117));
#9684=CARTESIAN_POINT('',(-0.002775,-0.013775,0.0117));
#9685=CARTESIAN_POINT('',(-0.002775,-0.011775,0.0117));
#9686=CARTESIAN_POINT('',(-0.000775,-0.011775,0.0117));
#9687=CARTESIAN_POINT('',(-0.000775,-0.005275,0.0117));
#9688=CARTESIAN_POINT('',(-0.000775,0.001225,0.0117));
#9689=CARTESIAN_POINT('',(-0.002775,0.001225,0.0117));
#9690=CARTESIAN_POINT('',(-0.002775,0.003225,0.0117));
#9691=CARTESIAN_POINT('',(-0.009275,0.003225,0.0117));
#9692=CARTESIAN_POINT('',(-0.04395,0.0302,0.0117));
#9693=CARTESIAN_POINT('',(-0.0422,0.0302,0.0117));
#9694=CARTESIAN_POINT('',(0.04395,-0.0302,0.0117));
#9695=CARTESIAN_POINT('',(0.0457,-0.0302,0.0117));
#9696=CARTESIAN_POINT('',(-0.015775,0.001225,0.0132));
#9697=CARTESIAN_POINT('',(-0.015775,0.003225,0.0132));
#9698=CARTESIAN_POINT('',(-0.017775,0.001225,0.0132));
#9699=CARTESIAN_POINT('',(-0.009275,0.003225,0.0132));
#9700=CARTESIAN_POINT('',(-0.002775,0.003225,0.0132));
#9701=CARTESIAN_POINT('',(-0.002775,0.001225,0.0132));
#9702=CARTESIAN_POINT('',(-0.000775,0.001225,0.0132));
#9703=CARTESIAN_POINT('',(-0.000775,-0.005275,0.0132));
#9704=CARTESIAN_POINT('',(-0.000775,-0.011775,0.0132));
#9705=CARTESIAN_POINT('',(-0.002775,-0.011775,0.0132));
#9706=CARTESIAN_POINT('',(-0.002775,-0.013775,0.0132));
#9707=CARTESIAN_POINT('',(-0.009275,-0.013775,0.0132));
#9708=CARTESIAN_POINT('',(-0.015775,-0.013775,0.0132));
#9709=CARTESIAN_POINT('',(-0.015775,-0.011775,0.0132));
#9710=CARTESIAN_POINT('',(-0.017775,-0.011775,0.0132));
#9711=CARTESIAN_POINT('',(-0.015775,0.020275,0.0132));
#9712=CARTESIAN_POINT('',(-0.015775,0.022275,0.0132));
#9713=CARTESIAN_POINT('',(-0.017775,0.020275,0.0132));
#9714=CARTESIAN_POINT('',(-0.009275,0.022275,0.0132));
#9715=CARTESIAN_POINT('',(-0.002775,0.022275,0.0132));
#9716=CARTESIAN_POINT('',(-0.002775,0.020275,0.0132));
#9717=CARTESIAN_POINT('',(-0.000775,0.020275,0.0132));
#9718=CARTESIAN_POINT('',(-0.000775,0.013775,0.0132));
#9719=CARTESIAN_POINT('',(-0.000775,0.007275,0.0132));
#9720=CARTESIAN_POINT('',(-0.002775,0.007275,0.0132));
#9721=CARTESIAN_POINT('',(-0.002775,0.005275,0.0132));
#9722=CARTESIAN_POINT('',(-0.009275,0.005275,0.0132));
#9723=CARTESIAN_POINT('',(-0.015775,0.005275,0.0132));
#9724=CARTESIAN_POINT('',(-0.015775,0.007275,0.0132));
#9725=CARTESIAN_POINT('',(-0.017775,0.007275,0.0132));
#9726=CARTESIAN_POINT('',(0.003275,0.001225,0.0132));
#9727=CARTESIAN_POINT('',(0.003275,0.003225,0.0132));
#9728=CARTESIAN_POINT('',(0.001275,0.001225,0.0132));
#9729=CARTESIAN_POINT('',(0.009775,0.003225,0.0132));
#9730=CARTESIAN_POINT('',(0.016275,0.003225,0.0132));
#9731=CARTESIAN_POINT('',(0.016275,0.001225,0.0132));
#9732=CARTESIAN_POINT('',(0.018275,0.001225,0.0132));
#9733=CARTESIAN_POINT('',(0.018275,-0.005275,0.0132));
#9734=CARTESIAN_POINT('',(0.018275,-0.011775,0.0132));
#9735=CARTESIAN_POINT('',(0.016275,-0.011775,0.0132));
#9736=CARTESIAN_POINT('',(0.016275,-0.013775,0.0132));
#9737=CARTESIAN_POINT('',(0.009775,-0.013775,0.0132));
#9738=CARTESIAN_POINT('',(0.003275,-0.013775,0.0132));
#9739=CARTESIAN_POINT('',(0.003275,-0.011775,0.0132));
#9740=CARTESIAN_POINT('',(0.001275,-0.011775,0.0132));
#9741=CARTESIAN_POINT('',(0.003275,0.020275,0.0132));
#9742=CARTESIAN_POINT('',(0.003275,0.022275,0.0132));
#9743=CARTESIAN_POINT('',(0.001275,0.020275,0.0132));
#9744=CARTESIAN_POINT('',(0.009775,0.022275,0.0132));
#9745=CARTESIAN_POINT('',(0.016275,0.022275,0.0132));
#9746=CARTESIAN_POINT('',(0.016275,0.020275,0.0132));
#9747=CARTESIAN_POINT('',(0.018275,0.020275,0.0132));
#9748=CARTESIAN_POINT('',(0.018275,0.013775,0.0132));
#9749=CARTESIAN_POINT('',(0.018275,0.007275,0.0132));
#9750=CARTESIAN_POINT('',(0.016275,0.007275,0.0132));
#9751=CARTESIAN_POINT('',(0.016275,0.005275,0.0132));
#9752=CARTESIAN_POINT('',(0.009775,0.005275,0.0132));
#9753=CARTESIAN_POINT('',(0.003275,0.005275,0.0132));
#9754=CARTESIAN_POINT('',(0.003275,0.007275,0.0132));
#9755=CARTESIAN_POINT('',(0.001275,0.007275,0.0132));
#9756=CARTESIAN_POINT('',(0.022325,0.001225,0.0132));
#9757=CARTESIAN_POINT('',(0.022325,0.003225,0.0132));
#9758=CARTESIAN_POINT('',(0.020325,0.001225,0.0132));
#9759=CARTESIAN_POINT('',(0.028825,0.003225,0.0132));
#9760=CARTESIAN_POINT('',(0.035325,0.003225,0.0132));
#9761=CARTESIAN_POINT('',(0.035325,0.001225,0.0132));
#9762=CARTESIAN_POINT('',(0.037325,0.001225,0.0132));
#9763=CARTESIAN_POINT('',(0.037325,-0.005275,0.0132));
#9764=CARTESIAN_POINT('',(0.037325,-0.011775,0.0132));
#9765=CARTESIAN_POINT('',(0.035325,-0.011775,0.0132));
#9766=CARTESIAN_POINT('',(0.035325,-0.013775,0.0132));
#9767=CARTESIAN_POINT('',(0.028825,-0.013775,0.0132));
#9768=CARTESIAN_POINT('',(0.022325,-0.013775,0.0132));
#9769=CARTESIAN_POINT('',(0.022325,-0.011775,0.0132));
#9770=CARTESIAN_POINT('',(0.020325,-0.011775,0.0132));
#9771=CARTESIAN_POINT('',(0.022325,0.020275,0.0132));
#9772=CARTESIAN_POINT('',(0.022325,0.022275,0.0132));
#9773=CARTESIAN_POINT('',(0.020325,0.020275,0.0132));
#9774=CARTESIAN_POINT('',(0.028825,0.022275,0.0132));
#9775=CARTESIAN_POINT('',(0.035325,0.022275,0.0132));
#9776=CARTESIAN_POINT('',(0.035325,0.020275,0.0132));
#9777=CARTESIAN_POINT('',(0.037325,0.020275,0.0132));
#9778=CARTESIAN_POINT('',(0.037325,0.013775,0.0132));
#9779=CARTESIAN_POINT('',(0.037325,0.007275,0.0132));
#9780=CARTESIAN_POINT('',(0.035325,0.007275,0.0132));
#9781=CARTESIAN_POINT('',(0.035325,0.005275,0.0132));
#9782=CARTESIAN_POINT('',(0.028825,0.005275,0.0132));
#9783=CARTESIAN_POINT('',(0.022325,0.005275,0.0132));
#9784=CARTESIAN_POINT('',(0.022325,0.007275,0.0132));
#9785=CARTESIAN_POINT('',(0.020325,0.007275,0.0132));
#9786=CARTESIAN_POINT('',(-0.021825,0.001225,0.0132));
#9787=CARTESIAN_POINT('',(-0.019825,0.001225,0.0132));
#9788=CARTESIAN_POINT('',(-0.021825,0.003225,0.0132));
#9789=CARTESIAN_POINT('',(-0.019825,-0.005275,0.0132));
#9790=CARTESIAN_POINT('',(-0.019825,-0.011775,0.0132));
#9791=CARTESIAN_POINT('',(-0.021825,-0.011775,0.0132));
#9792=CARTESIAN_POINT('',(-0.021825,-0.013775,0.0132));
#9793=CARTESIAN_POINT('',(-0.028325,-0.013775,0.0132));
#9794=CARTESIAN_POINT('',(-0.034825,-0.013775,0.0132));
#9795=CARTESIAN_POINT('',(-0.034825,-0.011775,0.0132));
#9796=CARTESIAN_POINT('',(-0.036825,-0.011775,0.0132));
#9797=CARTESIAN_POINT('',(-0.036825,-0.005275,0.0132));
#9798=CARTESIAN_POINT('',(-0.036825,0.001225,0.0132));
#9799=CARTESIAN_POINT('',(-0.034825,0.001225,0.0132));
#9800=CARTESIAN_POINT('',(-0.034825,0.003225,0.0132));
#9801=CARTESIAN_POINT('',(-6.93889390390723E-18,0.03395,0.0132));
#9802=CARTESIAN_POINT('',(-0.023275,0.03395,0.0202));
#9803=CARTESIAN_POINT('',(-0.020275,0.03395,0.0202));
#9804=CARTESIAN_POINT('',(-0.020275,0.03395,0.0232));
#9805=CARTESIAN_POINT('',(-0.020275,0.03395,0.0182));
#9806=CARTESIAN_POINT('',(0.,0.03395,0.0182));
#9807=CARTESIAN_POINT('',(0.035985233838963,0.03395,0.0182));
#9808=CARTESIAN_POINT('',(0.035985233838963,0.03395,0.0132));
#9809=CARTESIAN_POINT('',(0.0447,0.03395,0.0132));
#9810=CARTESIAN_POINT('',(-0.0447,0.03395,0.0132));
#9811=CARTESIAN_POINT('',(-0.035985233838963,0.03395,0.0132));
#9812=CARTESIAN_POINT('',(-0.0477,0.,0.0132));
#9813=CARTESIAN_POINT('',(-0.0477,0.005725,0.0232));
#9814=CARTESIAN_POINT('',(-0.0477,0.005725,0.0202));
#9815=CARTESIAN_POINT('',(-0.0477,0.005725,0.0182));
#9816=CARTESIAN_POINT('',(-0.0477,0.008725,0.0202));
#9817=CARTESIAN_POINT('',(-0.0477,0.022235233838963,0.0132));
#9818=CARTESIAN_POINT('',(-0.0477,0.03095,0.0117));
#9819=CARTESIAN_POINT('',(-0.0477,-0.03095,0.0132));
#9820=CARTESIAN_POINT('',(-0.0477,-0.022235233838963,0.0132));
#9821=CARTESIAN_POINT('',(-0.0477,-0.022235233838963,0.0182));
#9822=CARTESIAN_POINT('',(-0.0477,0.,0.0182));
#9823=CARTESIAN_POINT('',(0.,-0.03395,0.0132));
#9824=CARTESIAN_POINT('',(0.035985233838963,-0.03395,0.0182));
#9825=CARTESIAN_POINT('',(0.035985233838963,-0.03395,0.0182));
#9826=CARTESIAN_POINT('',(0.,-0.03395,0.0182));
#9827=CARTESIAN_POINT('',(-0.035985233838963,-0.03395,0.0182));
#9828=CARTESIAN_POINT('',(-0.035985233838963,-0.03395,0.0132));
#9829=CARTESIAN_POINT('',(-0.0447,-0.03395,0.0132));
#9830=CARTESIAN_POINT('',(0.0447,-0.03395,0.0132));
#9831=CARTESIAN_POINT('',(-0.017775,0.013775,0.0132));
#9832=CARTESIAN_POINT('',(0.001275,-0.005275,0.0132));
#9833=CARTESIAN_POINT('',(0.001275,0.013775,0.0132));
#9834=CARTESIAN_POINT('',(0.020325,-0.005275,0.0132));
#9835=CARTESIAN_POINT('',(0.020325,0.013775,0.0132));
#9836=CARTESIAN_POINT('',(-0.028325,0.003225,0.0132));
#9837=CARTESIAN_POINT('',(0.0477,0.,0.0132));
#9838=CARTESIAN_POINT('',(0.0477,0.022235233838963,0.0182));
#9839=CARTESIAN_POINT('',(0.0477,0.022235233838963,0.0182));
#9840=CARTESIAN_POINT('',(0.0477,0.,0.0182));
#9841=CARTESIAN_POINT('',(0.0477,-0.022235233838963,0.0182));
#9842=CARTESIAN_POINT('',(0.0477,-0.022235233838963,0.0132));
#9843=CARTESIAN_POINT('',(0.0477,-0.03095,0.0117));
#9844=CARTESIAN_POINT('',(0.0477,0.03095,0.0132));
#9845=CARTESIAN_POINT('',(-0.017775,-0.005275,0.0132));
#9846=CARTESIAN_POINT('',(0.04395,0.0302,0.0102));
#9847=CARTESIAN_POINT('',(-0.04395,0.0302,0.0102));
#9848=CARTESIAN_POINT('',(-0.04395,-0.0302,0.0102));
#9849=CARTESIAN_POINT('',(0.04395,-0.0302,0.0102));
#9850=CARTESIAN_POINT('',(0.0447,-0.03095,0.0132));
#9851=CARTESIAN_POINT('',(-0.0447,-0.03095,0.0132));
#9852=CARTESIAN_POINT('',(-0.0447,0.03095,0.0132));
#9853=CARTESIAN_POINT('',(0.0447,0.03095,0.0132));
#9854=CARTESIAN_POINT('',(0.04395,-0.0302,0.0182));
#9855=CARTESIAN_POINT('',(0.04395,-0.0302,0.0182));
#9856=CARTESIAN_POINT('',(0.04441875,-0.0252220211493519,0.0182));
#9857=CARTESIAN_POINT('',(0.0389720211493519,-0.03066875,0.0182));
#9858=CARTESIAN_POINT('',(0.0389720211493519,-0.03066875,0.0182));
#9859=CARTESIAN_POINT('',(0.04441875,-0.0252220211493519,0.0182));
#9860=CARTESIAN_POINT('',(0.04395,0.0302,0.0182));
#9861=CARTESIAN_POINT('',(0.0389720211493519,0.03066875,0.0182));
#9862=CARTESIAN_POINT('',(0.0389720211493519,0.03066875,0.0182));
#9863=CARTESIAN_POINT('',(0.04395,0.0302,0.0182));
#9864=CARTESIAN_POINT('',(0.04441875,0.0252220211493519,0.0182));
#9865=CARTESIAN_POINT('',(0.04441875,0.0252220211493519,0.0182));
#9866=CARTESIAN_POINT('',(-0.04395,0.0302,0.0182));
#9867=CARTESIAN_POINT('',(-0.04441875,0.0252220211493519,0.0182));
#9868=CARTESIAN_POINT('',(-0.0389720211493519,0.03066875,0.0182));
#9869=CARTESIAN_POINT('',(-0.04395,-0.0302,0.0182));
#9870=CARTESIAN_POINT('',(-0.0389720211493519,-0.03066875,0.0182));
#9871=CARTESIAN_POINT('',(-0.0389720211493519,-0.03066875,0.0182));
#9872=CARTESIAN_POINT('',(-0.04395,-0.0302,0.0182));
#9873=CARTESIAN_POINT('',(-0.04441875,-0.0252220211493519,0.0182));
#9874=CARTESIAN_POINT('',(-0.04441875,-0.0252220211493519,0.0182));
#9875=CARTESIAN_POINT('',(0.035325,0.020275,0.0182));
#9876=CARTESIAN_POINT('',(0.039825,0.020275,0.0182));
#9877=CARTESIAN_POINT('',(0.039825,0.020275,0.0182));
#9878=CARTESIAN_POINT('',(0.035325,0.020275,0.0182));
#9879=CARTESIAN_POINT('',(0.035325,0.024775,0.0182));
#9880=CARTESIAN_POINT('',(0.035325,0.024775,0.0182));
#9881=CARTESIAN_POINT('',(0.039825,0.013775,0.0182));
#9882=CARTESIAN_POINT('',(0.039825,-0.011775,0.0182));
#9883=CARTESIAN_POINT('',(0.039825,-0.011775,0.0182));
#9884=CARTESIAN_POINT('',(0.039825,0.013775,0.0182));
#9885=CARTESIAN_POINT('',(0.035325,-0.011775,0.0182));
#9886=CARTESIAN_POINT('',(0.035325,-0.016275,0.0182));
#9887=CARTESIAN_POINT('',(0.035325,-0.016275,0.0182));
#9888=CARTESIAN_POINT('',(0.035325,-0.011775,0.0182));
#9889=CARTESIAN_POINT('',(0.028825,-0.016275,0.0182));
#9890=CARTESIAN_POINT('',(-0.034825,-0.016275,0.0182));
#9891=CARTESIAN_POINT('',(-0.034825,-0.016275,0.0182));
#9892=CARTESIAN_POINT('',(0.028825,-0.016275,0.0182));
#9893=CARTESIAN_POINT('',(-0.034825,-0.011775,0.0182));
#9894=CARTESIAN_POINT('',(-0.039325,-0.011775,0.0182));
#9895=CARTESIAN_POINT('',(-0.039325,-0.011775,0.0182));
#9896=CARTESIAN_POINT('',(-0.034825,-0.011775,0.0182));
#9897=CARTESIAN_POINT('',(-0.039325,-0.005275,0.0182));
#9898=CARTESIAN_POINT('',(-0.039325,0.001225,0.0182));
#9899=CARTESIAN_POINT('',(-0.039325,0.001225,0.0182));
#9900=CARTESIAN_POINT('',(-0.039325,-0.005275,0.0182));
#9901=CARTESIAN_POINT('',(-0.034825,0.001225,0.0182));
#9902=CARTESIAN_POINT('',(-0.034825,0.005725,0.0182));
#9903=CARTESIAN_POINT('',(-0.034825,0.005725,0.0182));
#9904=CARTESIAN_POINT('',(-0.034825,0.001225,0.0182));
#9905=CARTESIAN_POINT('',(-0.028325,0.005725,0.0182));
#9906=CARTESIAN_POINT('',(-0.021825,0.005725,0.0182));
#9907=CARTESIAN_POINT('',(-0.021825,0.005725,0.0202));
#9908=CARTESIAN_POINT('',(-0.0477,0.005725,0.0202));
#9909=CARTESIAN_POINT('',(-0.0412625,0.005725,0.0182));
#9910=CARTESIAN_POINT('',(-0.021825,0.007275,0.0182));
#9911=CARTESIAN_POINT('',(-0.020275,0.007275,0.0182));
#9912=CARTESIAN_POINT('',(-0.020275,0.007275,0.0202));
#9913=CARTESIAN_POINT('',(-0.021825,0.007275,0.0202));
#9914=CARTESIAN_POINT('',(-0.020275,0.013775,0.0182));
#9915=CARTESIAN_POINT('',(-0.020275,0.013775,0.0202));
#9916=CARTESIAN_POINT('',(-0.020275,0.020275,0.0182));
#9917=CARTESIAN_POINT('',(-0.020275,0.020275,0.0182));
#9918=CARTESIAN_POINT('',(-0.020275,0.0271125,0.0182));
#9919=CARTESIAN_POINT('',(-0.015775,0.020275,0.0182));
#9920=CARTESIAN_POINT('',(-0.015775,0.024775,0.0182));
#9921=CARTESIAN_POINT('',(-0.015775,0.024775,0.0182));
#9922=CARTESIAN_POINT('',(-0.015775,0.020275,0.0182));
#9923=CARTESIAN_POINT('',(-0.009275,0.024775,0.0182));
#9924=CARTESIAN_POINT('',(-0.009275,0.024775,0.0182));
#9925=CARTESIAN_POINT('',(0.,0.,0.0182));
#9926=CARTESIAN_POINT('',(0.035985233838963,0.03095,0.0182));
#9927=CARTESIAN_POINT('',(-0.0447,-0.022235233838963,0.0182));
#9928=CARTESIAN_POINT('',(-0.035985233838963,-0.03095,0.0182));
#9929=CARTESIAN_POINT('',(0.035985233838963,-0.03095,0.0182));
#9930=CARTESIAN_POINT('',(0.0447,-0.022235233838963,0.0182));
#9931=CARTESIAN_POINT('',(0.0447,0.022235233838963,0.0182));
#9932=CARTESIAN_POINT('',(-0.0447,0.022235233838963,0.0182));
#9933=CARTESIAN_POINT('',(-0.035985233838963,0.03095,0.0182));
#9934=CARTESIAN_POINT('',(0.035985233838963,0.03095,0.0182));
#9935=CARTESIAN_POINT('',(0.0447,0.022235233838963,0.0182));
#9936=CARTESIAN_POINT('',(0.035985233838963,-0.03095,0.0182));
#9937=CARTESIAN_POINT('',(0.0447,-0.022235233838963,0.0182));
#9938=CARTESIAN_POINT('',(-0.035985233838963,-0.03095,0.0182));
#9939=CARTESIAN_POINT('',(-0.0447,-0.022235233838963,0.0182));
#9940=CARTESIAN_POINT('',(-0.028325,0.008725,0.0202));
#9941=CARTESIAN_POINT('',(-0.023275,0.008725,0.0202));
#9942=CARTESIAN_POINT('',(-0.023275,0.008725,0.0232));
#9943=CARTESIAN_POINT('',(-0.023275,0.008725,0.0232));
#9944=CARTESIAN_POINT('',(-0.023275,0.008725,0.0232));
#9945=CARTESIAN_POINT('',(-0.0230851954287992,0.00833230088717312,0.0232));
#9946=CARTESIAN_POINT('',(-0.0229837481716037,0.00843374817160551,0.0231999010551962));
#9947=CARTESIAN_POINT('',(-0.0228823008871703,0.0085351954288001,0.0232));
#9948=CARTESIAN_POINT('',(-0.0227056748212425,0.0075470858370534,0.0230437937252268));
#9949=CARTESIAN_POINT('',(-0.0223783598895262,0.00782835988952525,0.0231224544948862));
#9950=CARTESIAN_POINT('',(-0.0220970858370547,0.00815567482124203,0.0230437937252268));
#9951=CARTESIAN_POINT('',(-0.0222229991208763,0.00654844645698183,0.0223765535469094));
#9952=CARTESIAN_POINT('',(-0.021477900495531,0.00692790049553149,0.0227383660793877));
#9953=CARTESIAN_POINT('',(-0.0210984464569815,0.00767299912087648,0.0223765535469094));
#9954=CARTESIAN_POINT('',(-0.0219004996989292,0.00588120627366144,0.0213779141484935));
#9955=CARTESIAN_POINT('',(-0.0205899598052694,0.00603995980526829,0.0218776651851601));
#9956=CARTESIAN_POINT('',(-0.0204312062736615,0.00735049969892911,0.0213779141484935));
#9957=CARTESIAN_POINT('',(-0.0218250000000155,0.005725,0.0205926991439567));
#9958=CARTESIAN_POINT('',(-0.0202750000003702,0.00572500000037253,0.0207955938043483));
#9959=CARTESIAN_POINT('',(-0.020275,0.00727500000001564,0.0205926991439567));
#9960=CARTESIAN_POINT('',(-0.021825,0.005725,0.0202));
#9961=CARTESIAN_POINT('',(-0.020275,0.005725,0.0202));
#9962=CARTESIAN_POINT('',(-0.020275,0.007275,0.0202));
#9963=CARTESIAN_POINT('',(-0.023275,0.008725,0.0202));
#9964=CARTESIAN_POINT('',(-0.023275,0.0198375,0.0202));
#9965=CARTESIAN_POINT('',(-0.0339658565375558,0.0289592287319018,0.0222));
#9966=CARTESIAN_POINT('',(-0.0339658565375558,0.0289592287319018,0.0232));
#9967=CARTESIAN_POINT('',(-0.0339658565375558,0.0284568961760871,0.0222));
#9968=CARTESIAN_POINT('',(-0.0339658565375558,0.0284568961760871,0.0232));
#9969=CARTESIAN_POINT('',(-0.0341480874605815,0.0280649434936479,0.0222));
#9970=CARTESIAN_POINT('',(-0.0341480874605815,0.0280649434936479,0.0232));
#9971=CARTESIAN_POINT('',(-0.0345125493066328,0.0277833706845843,0.0222));
#9972=CARTESIAN_POINT('',(-0.0345125493066328,0.0277833706845843,0.0232));
#9973=CARTESIAN_POINT('',(-0.0339658565375558,0.0289592287319018,0.0222));
#9974=CARTESIAN_POINT('',(-0.0339658565375558,0.0289592287319018,0.0222));
#9975=CARTESIAN_POINT('',(-0.0339658565375558,0.0289592287319018,0.0222));
#9976=CARTESIAN_POINT('',(-0.0339658565375558,0.0282057298981797,0.0222));
#9977=CARTESIAN_POINT('',(-0.0345125493066328,0.0277833706845843,0.0222));
#9978=CARTESIAN_POINT('',(-0.0345125493066328,0.0277833706845843,0.0222));
#9979=CARTESIAN_POINT('',(-0.0345125493066328,0.0277833706845843,0.0222));
#9980=CARTESIAN_POINT('',(-0.0343032440750433,0.0299114113377,0.0222));
#9981=CARTESIAN_POINT('',(-0.0343032440750433,0.0299114113377,0.0232));
#9982=CARTESIAN_POINT('',(-0.0340783190500516,0.0296664929771534,0.0222));
#9983=CARTESIAN_POINT('',(-0.0340783190500516,0.0296664929771534,0.0232));
#9984=CARTESIAN_POINT('',(-0.0339658565375558,0.0293490987752207,0.0222));
#9985=CARTESIAN_POINT('',(-0.0339658565375558,0.0293490987752207,0.0232));
#9986=CARTESIAN_POINT('',(-0.0339658565375558,0.0289592287319018,0.0222));
#9987=CARTESIAN_POINT('',(-0.0339658565375558,0.0289592287319018,0.0232));
#9988=CARTESIAN_POINT('',(-0.0343032440750433,0.0299114113377,0.0222));
#9989=CARTESIAN_POINT('',(-0.0343032440750433,0.0299114113377,0.0222));
#9990=CARTESIAN_POINT('',(-0.0343032440750433,0.0299114113377,0.0222));
#9991=CARTESIAN_POINT('',(-0.0339658565375558,0.0295440337968802,0.0222));
#9992=CARTESIAN_POINT('',(-0.0339658565375558,0.0289592287319018,0.0222));
#9993=CARTESIAN_POINT('',(-0.0355390821290253,0.0305986822473967,0.0222));
#9994=CARTESIAN_POINT('',(-0.0355390821290253,0.0305986822473967,0.0232));
#9995=CARTESIAN_POINT('',(-0.034940115118029,0.0303854200014787,0.0222));
#9996=CARTESIAN_POINT('',(-0.034940115118029,0.0303854200014787,0.0232));
#9997=CARTESIAN_POINT('',(-0.034528169100035,0.0301563296982464,0.0222));
#9998=CARTESIAN_POINT('',(-0.034528169100035,0.0301563296982464,0.0232));
#9999=CARTESIAN_POINT('',(-0.0343032440750433,0.0299114113377,0.0222));
#10000=CARTESIAN_POINT('',(-0.0343032440750433,0.0299114113377,0.0232));
#10001=CARTESIAN_POINT('',(-0.0355390821290253,0.0305986822473967,0.0222));
#10002=CARTESIAN_POINT('',(-0.0355390821290253,0.0305986822473967,0.0222));
#10003=CARTESIAN_POINT('',(-0.0355390821290253,0.0305986822473967,0.0222));
#10004=CARTESIAN_POINT('',(-0.0346406316125309,0.0302787888785197,0.0222));
#10005=CARTESIAN_POINT('',(-0.0343032440750433,0.0299114113377,0.0222));
#10006=CARTESIAN_POINT('',(-0.0363338172173292,0.0309479408278699,0.0222));
#10007=CARTESIAN_POINT('',(-0.0363338172173292,0.0309479408278699,0.0232));
#10008=CARTESIAN_POINT('',(-0.0361605416425208,0.030842559288383,0.0222));
#10009=CARTESIAN_POINT('',(-0.0361605416425208,0.030842559288383,0.0232));
#10010=CARTESIAN_POINT('',(-0.0358956299464195,0.0307261397615586,0.0222));
#10011=CARTESIAN_POINT('',(-0.0358956299464195,0.0307261397615586,0.0232));
#10012=CARTESIAN_POINT('',(-0.0355390821290253,0.0305986822473967,0.0222));
#10013=CARTESIAN_POINT('',(-0.0355390821290253,0.0305986822473967,0.0232));
#10014=CARTESIAN_POINT('',(-0.0363338172173292,0.0309479408278699,0.0222));
#10015=CARTESIAN_POINT('',(-0.0363338172173292,0.0309479408278699,0.0222));
#10016=CARTESIAN_POINT('',(-0.0363338172173292,0.0309479408278699,0.0222));
#10017=CARTESIAN_POINT('',(-0.0360739038551166,0.0307898685186396,0.0222));
#10018=CARTESIAN_POINT('',(-0.0355390821290253,0.0305986822473967,0.0222));
#10019=CARTESIAN_POINT('',(-0.0367030691333572,0.0312959498248709,0.0222));
#10020=CARTESIAN_POINT('',(-0.0367030691333572,0.0312959498248709,0.0232));
#10021=CARTESIAN_POINT('',(-0.0366301767641469,0.0311693253663571,0.0222));
#10022=CARTESIAN_POINT('',(-0.0366301767641469,0.0311693253663571,0.0232));
#10023=CARTESIAN_POINT('',(-0.0365070927921376,0.0310533223673567,0.0222));
#10024=CARTESIAN_POINT('',(-0.0365070927921376,0.0310533223673567,0.0232));
#10025=CARTESIAN_POINT('',(-0.0363338172173292,0.0309479408278699,0.0222));
#10026=CARTESIAN_POINT('',(-0.0363338172173292,0.0309479408278699,0.0232));
#10027=CARTESIAN_POINT('',(-0.0367030691333572,0.0312959498248709,0.0222));
#10028=CARTESIAN_POINT('',(-0.0367030691333572,0.0312959498248709,0.0222));
#10029=CARTESIAN_POINT('',(-0.0367030691333572,0.0312959498248709,0.0222));
#10030=CARTESIAN_POINT('',(-0.0365937305795418,0.0311060131371001,0.0222));
#10031=CARTESIAN_POINT('',(-0.0363338172173292,0.0309479408278699,0.0222));
#10032=CARTESIAN_POINT('',(-0.0368124076871726,0.0317820377955473,0.0222));
#10033=CARTESIAN_POINT('',(-0.0368124076871726,0.0317820377955473,0.0232));
#10034=CARTESIAN_POINT('',(-0.0368124076871726,0.0315846036069435,0.0222));
#10035=CARTESIAN_POINT('',(-0.0368124076871726,0.0315846036069435,0.0232));
#10036=CARTESIAN_POINT('',(-0.0367759615025675,0.0314225742833847,0.0222));
#10037=CARTESIAN_POINT('',(-0.0367759615025675,0.0314225742833847,0.0232));
#10038=CARTESIAN_POINT('',(-0.0367030691333572,0.0312959498248709,0.0222));
#10039=CARTESIAN_POINT('',(-0.0367030691333572,0.0312959498248709,0.0232));
#10040=CARTESIAN_POINT('',(-0.0368124076871726,0.0317820377955473,0.0222));
#10041=CARTESIAN_POINT('',(-0.0368124076871726,0.0317820377955473,0.0222));
#10042=CARTESIAN_POINT('',(-0.0368124076871726,0.0317820377955473,0.0222));
#10043=CARTESIAN_POINT('',(-0.0368124076871726,0.0314858865126416,0.0222));
#10044=CARTESIAN_POINT('',(-0.0367030691333572,0.0312959498248709,0.0222));
#10045=CARTESIAN_POINT('',(-0.0365156316125308,0.0324105782820518,0.0222));
#10046=CARTESIAN_POINT('',(-0.0365156316125308,0.0324105782820518,0.0232));
#10047=CARTESIAN_POINT('',(-0.0367134823289587,0.0322597952097426,0.0222));
#10048=CARTESIAN_POINT('',(-0.0367134823289587,0.0322597952097426,0.0232));
#10049=CARTESIAN_POINT('',(-0.0368124076871726,0.0320502817142411,0.0222));
#10050=CARTESIAN_POINT('',(-0.0368124076871726,0.0320502817142411,0.0232));
#10051=CARTESIAN_POINT('',(-0.0368124076871726,0.0317820377955473,0.0222));
#10052=CARTESIAN_POINT('',(-0.0368124076871726,0.0317820377955473,0.0232));
#10053=CARTESIAN_POINT('',(-0.0365156316125308,0.0324105782820518,0.0222));
#10054=CARTESIAN_POINT('',(-0.0365156316125308,0.0324105782820518,0.0222));
#10055=CARTESIAN_POINT('',(-0.0365156316125308,0.0324105782820518,0.0222));
#10056=CARTESIAN_POINT('',(-0.0368124076871726,0.0321844036735879,0.0222));
#10057=CARTESIAN_POINT('',(-0.0368124076871726,0.0317820377955473,0.0222));
#10058=CARTESIAN_POINT('',(-0.0356915313126308,0.0326367528905157,0.0222));
#10059=CARTESIAN_POINT('',(-0.0356915313126308,0.0326367528905157,0.0232));
#10060=CARTESIAN_POINT('',(-0.0360430807961363,0.0326367528905157,0.0222));
#10061=CARTESIAN_POINT('',(-0.0360430807961363,0.0326367528905157,0.0232));
#10062=CARTESIAN_POINT('',(-0.036317780896103,0.032561361354361,0.0222));
#10063=CARTESIAN_POINT('',(-0.036317780896103,0.032561361354361,0.0232));
#10064=CARTESIAN_POINT('',(-0.0365156316125308,0.0324105782820518,0.0222));
#10065=CARTESIAN_POINT('',(-0.0365156316125308,0.0324105782820518,0.0232));
#10066=CARTESIAN_POINT('',(-0.0356915313126308,0.0326367528905157,0.0222));
#10067=CARTESIAN_POINT('',(-0.0356915313126308,0.0326367528905157,0.0222));
#10068=CARTESIAN_POINT('',(-0.0356915313126308,0.0326367528905157,0.0222));
#10069=CARTESIAN_POINT('',(-0.0362188555378891,0.0326367528905157,0.0222));
#10070=CARTESIAN_POINT('',(-0.0365156316125308,0.0324105782820518,0.0222));
#10071=CARTESIAN_POINT('',(-0.0343169894932372,0.0323406016076099,0.0222));
#10072=CARTESIAN_POINT('',(-0.0343169894932372,0.0323406016076099,0.0232));
#10073=CARTESIAN_POINT('',(-0.0347884989900717,0.0325380357962137,0.0222));
#10074=CARTESIAN_POINT('',(-0.0347884989900717,0.0325380357962137,0.0232));
#10075=CARTESIAN_POINT('',(-0.0352466795965362,0.0326367528905157,0.0222));
#10076=CARTESIAN_POINT('',(-0.0352466795965362,0.0326367528905157,0.0232));
#10077=CARTESIAN_POINT('',(-0.0356915313126308,0.0326367528905157,0.0222));
#10078=CARTESIAN_POINT('',(-0.0356915313126308,0.0326367528905157,0.0232));
#10079=CARTESIAN_POINT('',(-0.0343169894932372,0.0323406016076099,0.0222));
#10080=CARTESIAN_POINT('',(-0.0343169894932372,0.0323406016076099,0.0222));
#10081=CARTESIAN_POINT('',(-0.0343169894932372,0.0323406016076099,0.0222));
#10082=CARTESIAN_POINT('',(-0.0350242537384889,0.0326367528905157,0.0222));
#10083=CARTESIAN_POINT('',(-0.0356915313126308,0.0326367528905157,0.0222));
#10084=CARTESIAN_POINT('',(-0.0342132740650467,0.0326292553896826,0.0222));
#10085=CARTESIAN_POINT('',(-0.0341095586368561,0.0329179091717552,0.0222));
#10086=CARTESIAN_POINT('',(-0.0341095586368561,0.0329179091717552,0.0222));
#10087=CARTESIAN_POINT('',(-0.0342132740650467,0.0326292553896826,0.0222));
#10088=CARTESIAN_POINT('',(-0.0356752867274925,0.0332303050397992,0.0222));
#10089=CARTESIAN_POINT('',(-0.0356752867274925,0.0332303050397992,0.0232));
#10090=CARTESIAN_POINT('',(-0.0351079758311246,0.0332303050397992,0.0222));
#10091=CARTESIAN_POINT('',(-0.0351079758311246,0.0332303050397992,0.0232));
#10092=CARTESIAN_POINT('',(-0.0345860664675792,0.0331261730837846,0.0222));
#10093=CARTESIAN_POINT('',(-0.0345860664675792,0.0331261730837846,0.0232));
#10094=CARTESIAN_POINT('',(-0.0341095586368561,0.0329179091717552,0.0222));
#10095=CARTESIAN_POINT('',(-0.0341095586368561,0.0329179091717552,0.0232));
#10096=CARTESIAN_POINT('',(-0.0356752867274925,0.0332303050397992,0.0222));
#10097=CARTESIAN_POINT('',(-0.0356752867274925,0.0332303050397992,0.0222));
#10098=CARTESIAN_POINT('',(-0.0356752867274925,0.0332303050397992,0.0222));
#10099=CARTESIAN_POINT('',(-0.0348243203829407,0.0332303050397992,0.0222));
#10100=CARTESIAN_POINT('',(-0.0341095586368561,0.0329179091717552,0.0222));
#10101=CARTESIAN_POINT('',(-0.0369879741650133,0.0328398102047442,0.0222));
#10102=CARTESIAN_POINT('',(-0.0369879741650133,0.0328398102047442,0.0232));
#10103=CARTESIAN_POINT('',(-0.0366576676005348,0.0331001400947809,0.0222));
#10104=CARTESIAN_POINT('',(-0.0366576676005348,0.0331001400947809,0.0232));
#10105=CARTESIAN_POINT('',(-0.0362201051213612,0.0332303050397992,0.0222));
#10106=CARTESIAN_POINT('',(-0.0362201051213612,0.0332303050397992,0.0232));
#10107=CARTESIAN_POINT('',(-0.0356752867274925,0.0332303050397992,0.0222));
#10108=CARTESIAN_POINT('',(-0.0356752867274925,0.0332303050397992,0.0232));
#10109=CARTESIAN_POINT('',(-0.0369879741650133,0.0328398102047442,0.0222));
#10110=CARTESIAN_POINT('',(-0.0369879741650133,0.0328398102047442,0.0222));
#10111=CARTESIAN_POINT('',(-0.0369879741650133,0.0328398102047442,0.0222));
#10112=CARTESIAN_POINT('',(-0.0364925143182956,0.0332303050397992,0.0222));
#10113=CARTESIAN_POINT('',(-0.0356752867274925,0.0332303050397992,0.0222));
#10114=CARTESIAN_POINT('',(-0.0374834340117311,0.0317895352963804,0.0222));
#10115=CARTESIAN_POINT('',(-0.0374834340117311,0.0317895352963804,0.0232));
#10116=CARTESIAN_POINT('',(-0.0374834340117311,0.0322293886785863,0.0222));
#10117=CARTESIAN_POINT('',(-0.0374834340117311,0.0322293886785863,0.0232));
#10118=CARTESIAN_POINT('',(-0.0373182807294918,0.0325794803147076,0.0222));
#10119=CARTESIAN_POINT('',(-0.0373182807294918,0.0325794803147076,0.0232));
#10120=CARTESIAN_POINT('',(-0.0369879741650133,0.0328398102047442,0.0222));
#10121=CARTESIAN_POINT('',(-0.0369879741650133,0.0328398102047442,0.0232));
#10122=CARTESIAN_POINT('',(-0.0374834340117311,0.0317895352963804,0.0222));
#10123=CARTESIAN_POINT('',(-0.0374834340117311,0.0317895352963804,0.0222));
#10124=CARTESIAN_POINT('',(-0.0374834340117311,0.0317895352963804,0.0222));
#10125=CARTESIAN_POINT('',(-0.0374834340117311,0.0324493153696893,0.0222));
#10126=CARTESIAN_POINT('',(-0.0369879741650133,0.0328398102047442,0.0222));
#10127=CARTESIAN_POINT('',(-0.0371416729320909,0.0307704999748209,0.0222));
#10128=CARTESIAN_POINT('',(-0.0371416729320909,0.0307704999748209,0.0232));
#10129=CARTESIAN_POINT('',(-0.0373695136518511,0.0310308298648576,0.0222));
#10130=CARTESIAN_POINT('',(-0.0373695136518511,0.0310308298648576,0.0232));
#10131=CARTESIAN_POINT('',(-0.0374834340117311,0.0313705083053774,0.0222));
#10132=CARTESIAN_POINT('',(-0.0374834340117311,0.0313705083053774,0.0232));
#10133=CARTESIAN_POINT('',(-0.0374834340117311,0.0317895352963804,0.0222));
#10134=CARTESIAN_POINT('',(-0.0374834340117311,0.0317895352963804,0.0232));
#10135=CARTESIAN_POINT('',(-0.0371416729320909,0.0307704999748209,0.0222));
#10136=CARTESIAN_POINT('',(-0.0371416729320909,0.0307704999748209,0.0222));
#10137=CARTESIAN_POINT('',(-0.0371416729320909,0.0307704999748209,0.0222));
#10138=CARTESIAN_POINT('',(-0.0374834340117311,0.0311609948098759,0.0222));
#10139=CARTESIAN_POINT('',(-0.0374834340117311,0.0317895352963804,0.0222));
#10140=CARTESIAN_POINT('',(-0.0360039271806748,0.0300951001081098,0.0222));
#10141=CARTESIAN_POINT('',(-0.0360039271806748,0.0300951001081098,0.0232));
#10142=CARTESIAN_POINT('',(-0.0365345836285255,0.0302850367958805,0.0222));
#10143=CARTESIAN_POINT('',(-0.0365345836285255,0.0302850367958805,0.0232));
#10144=CARTESIAN_POINT('',(-0.0369138322123309,0.0305101700847842,0.0222));
#10145=CARTESIAN_POINT('',(-0.0369138322123309,0.0305101700847842,0.0232));
#10146=CARTESIAN_POINT('',(-0.0371416729320909,0.0307704999748209,0.0222));
#10147=CARTESIAN_POINT('',(-0.0371416729320909,0.0307704999748209,0.0232));
#10148=CARTESIAN_POINT('',(-0.0360039271806748,0.0300951001081098,0.0222));
#10149=CARTESIAN_POINT('',(-0.0360039271806748,0.0300951001081098,0.0222));
#10150=CARTESIAN_POINT('',(-0.0360039271806748,0.0300951001081098,0.0222));
#10151=CARTESIAN_POINT('',(-0.0367999118524509,0.0303800051397659,0.0222));
#10152=CARTESIAN_POINT('',(-0.0371416729320909,0.0307704999748209,0.0222));
#10153=CARTESIAN_POINT('',(-0.0351548352113312,0.0297320961094427,0.0222));
#10154=CARTESIAN_POINT('',(-0.0351548352113312,0.0297320961094427,0.0232));
#10155=CARTESIAN_POINT('',(-0.0353410231486854,0.0298391437602258,0.0222));
#10156=CARTESIAN_POINT('',(-0.0353410231486854,0.0298391437602258,0.0232));
#10157=CARTESIAN_POINT('',(-0.0356240538051333,0.0299601450931148,0.0222));
#10158=CARTESIAN_POINT('',(-0.0356240538051333,0.0299601450931148,0.0232));
#10159=CARTESIAN_POINT('',(-0.0360039271806748,0.0300951001081098,0.0222));
#10160=CARTESIAN_POINT('',(-0.0360039271806748,0.0300951001081098,0.0232));
#10161=CARTESIAN_POINT('',(-0.0351548352113312,0.0297320961094427,0.0222));
#10162=CARTESIAN_POINT('',(-0.0351548352113312,0.0297320961094427,0.0222));
#10163=CARTESIAN_POINT('',(-0.0351548352113312,0.0297320961094427,0.0222));
#10164=CARTESIAN_POINT('',(-0.0354341171173626,0.0298926675856173,0.0222));
#10165=CARTESIAN_POINT('',(-0.0360039271806748,0.0300951001081098,0.0222));
#10166=CARTESIAN_POINT('',(-0.0347562180837071,0.0293822127372334,0.0222));
#10167=CARTESIAN_POINT('',(-0.0347562180837071,0.0293822127372334,0.0232));
#10168=CARTESIAN_POINT('',(-0.0348357748981023,0.0295084206679232,0.0222));
#10169=CARTESIAN_POINT('',(-0.0348357748981023,0.0295084206679232,0.0232));
#10170=CARTESIAN_POINT('',(-0.034968647273977,0.0296250484586596,0.0222));
#10171=CARTESIAN_POINT('',(-0.034968647273977,0.0296250484586596,0.0232));
#10172=CARTESIAN_POINT('',(-0.0351548352113312,0.0297320961094427,0.0222));
#10173=CARTESIAN_POINT('',(-0.0351548352113312,0.0297320961094427,0.0232));
#10174=CARTESIAN_POINT('',(-0.0347562180837071,0.0293822127372334,0.0222));
#10175=CARTESIAN_POINT('',(-0.0347562180837071,0.0293822127372334,0.0222));
#10176=CARTESIAN_POINT('',(-0.0347562180837071,0.0293822127372334,0.0222));
#10177=CARTESIAN_POINT('',(-0.0348755533052999,0.0295715246332681,0.0222));
#10178=CARTESIAN_POINT('',(-0.0351548352113312,0.0297320961094427,0.0222));
#10179=CARTESIAN_POINT('',(-0.0346368828621143,0.0288967495582931,0.0222));
#10180=CARTESIAN_POINT('',(-0.0346368828621143,0.0288967495582931,0.0232));
#10181=CARTESIAN_POINT('',(-0.0346368828621143,0.0290941837468968,0.0222));
#10182=CARTESIAN_POINT('',(-0.0346368828621143,0.0290941837468968,0.0232));
#10183=CARTESIAN_POINT('',(-0.0346766612693119,0.0292560048065436,0.0222));
#10184=CARTESIAN_POINT('',(-0.0346766612693119,0.0292560048065436,0.0232));
#10185=CARTESIAN_POINT('',(-0.0347562180837071,0.0293822127372334,0.0222));
#10186=CARTESIAN_POINT('',(-0.0347562180837071,0.0293822127372334,0.0232));
#10187=CARTESIAN_POINT('',(-0.0346368828621143,0.0288967495582931,0.0222));
#10188=CARTESIAN_POINT('',(-0.0346368828621143,0.0288967495582931,0.0222));
#10189=CARTESIAN_POINT('',(-0.0346368828621143,0.0288967495582931,0.0222));
#10190=CARTESIAN_POINT('',(-0.0346368828621143,0.0291929008411988,0.0222));
#10191=CARTESIAN_POINT('',(-0.0347562180837071,0.0293822127372334,0.0222));
#10192=CARTESIAN_POINT('',(-0.0349730208161297,0.0281951084386663,0.0222));
#10193=CARTESIAN_POINT('',(-0.0349730208161297,0.0281951084386663,0.0232));
#10194=CARTESIAN_POINT('',(-0.0347489288467861,0.0283629691517619,0.0222));
#10195=CARTESIAN_POINT('',(-0.0347489288467861,0.0283629691517619,0.0232));
#10196=CARTESIAN_POINT('',(-0.0346368828621143,0.0285968495249709,0.0222));
#10197=CARTESIAN_POINT('',(-0.0346368828621143,0.0285968495249709,0.0232));
#10198=CARTESIAN_POINT('',(-0.0346368828621143,0.0288967495582931,0.0222));
#10199=CARTESIAN_POINT('',(-0.0346368828621143,0.0288967495582931,0.0232));
#10200=CARTESIAN_POINT('',(-0.0349730208161297,0.0281951084386663,0.0222));
#10201=CARTESIAN_POINT('',(-0.0349730208161297,0.0281951084386663,0.0222));
#10202=CARTESIAN_POINT('',(-0.0349730208161297,0.0281951084386663,0.0222));
#10203=CARTESIAN_POINT('',(-0.0346368828621143,0.0284468995083097,0.0222));
#10204=CARTESIAN_POINT('',(-0.0346368828621143,0.0288967495582931,0.0222));
#10205=CARTESIAN_POINT('',(-0.0359726875938704,0.0279433173690228,0.0222));
#10206=CARTESIAN_POINT('',(-0.0359726875938704,0.0279433173690228,0.0232));
#10207=CARTESIAN_POINT('',(-0.0355303350447201,0.0279433173690228,0.0222));
#10208=CARTESIAN_POINT('',(-0.0355303350447201,0.0279433173690228,0.0232));
#10209=CARTESIAN_POINT('',(-0.0351971127854732,0.0280272477255707,0.0222));
#10210=CARTESIAN_POINT('',(-0.0351971127854732,0.0280272477255707,0.0232));
#10211=CARTESIAN_POINT('',(-0.0349730208161297,0.0281951084386663,0.0222));
#10212=CARTESIAN_POINT('',(-0.0349730208161297,0.0281951084386663,0.0232));
#10213=CARTESIAN_POINT('',(-0.0359726875938704,0.0279433173690228,0.0222));
#10214=CARTESIAN_POINT('',(-0.0359726875938704,0.0279433173690228,0.0222));
#10215=CARTESIAN_POINT('',(-0.0359726875938704,0.0279433173690228,0.0222));
#10216=CARTESIAN_POINT('',(-0.035309158770145,0.0279433173690228,0.0222));
#10217=CARTESIAN_POINT('',(-0.0349730208161297,0.0281951084386663,0.0222));
#10218=CARTESIAN_POINT('',(-0.0359640866234111,0.0319515204232108,0.0222000000000001));
#10219=CARTESIAN_POINT('',(-0.0367924143516178,0.028029538628603,0.0222));
#10220=CARTESIAN_POINT('',(-0.0367923810592263,0.0280296997012825,0.0222));
#10221=CARTESIAN_POINT('',(-0.0359640866234111,0.0319515204232108,0.0222));
#10222=CARTESIAN_POINT('',(-0.0359568844626323,0.0321526252367762,0.0222000000000001));
#10223=CARTESIAN_POINT('',(-0.0375584090200616,0.0282628559793355,0.0222));
#10224=CARTESIAN_POINT('',(-0.0375584090200616,0.0282628559793355,0.0222));
#10225=CARTESIAN_POINT('',(-0.0359568844626323,0.0321526252367762,0.0222));
#10226=CARTESIAN_POINT('',(-0.0375584090200616,0.0279433173690228,0.0222));
#10227=CARTESIAN_POINT('',(-0.0375584090200616,0.0276234240001458,0.0222));
#10228=CARTESIAN_POINT('',(-0.0375584090200616,0.0276234240001458,0.0222));
#10229=CARTESIAN_POINT('',(-0.0375584090200616,0.0279433173690228,0.0222));
#10230=CARTESIAN_POINT('',(-0.0359964296798417,0.0273610114709888,0.0222));
#10231=CARTESIAN_POINT('',(-0.0359964296798417,0.0273610114709888,0.0232));
#10232=CARTESIAN_POINT('',(-0.036672870866113,0.0273610114709888,0.0222));
#10233=CARTESIAN_POINT('',(-0.036672870866113,0.0273610114709888,0.0232));
#10234=CARTESIAN_POINT('',(-0.0371935306461863,0.0274484823140412,0.0222));
#10235=CARTESIAN_POINT('',(-0.0371935306461863,0.0274484823140412,0.0232));
#10236=CARTESIAN_POINT('',(-0.0375584090200616,0.0276234240001458,0.0222));
#10237=CARTESIAN_POINT('',(-0.0375584090200616,0.0276234240001458,0.0232));
#10238=CARTESIAN_POINT('',(-0.0359964296798417,0.0273610114709888,0.0222));
#10239=CARTESIAN_POINT('',(-0.0359964296798417,0.0273610114709888,0.0222));
#10240=CARTESIAN_POINT('',(-0.0359964296798417,0.0273610114709888,0.0222));
#10241=CARTESIAN_POINT('',(-0.0370110914592486,0.0273610114709888,0.0222));
#10242=CARTESIAN_POINT('',(-0.0375584090200616,0.0276234240001458,0.0222));
#10243=CARTESIAN_POINT('',(-0.0345125493066328,0.0277833706845843,0.0222));
#10244=CARTESIAN_POINT('',(-0.0345125493066328,0.0277833706845843,0.0232));
#10245=CARTESIAN_POINT('',(-0.0348770111526841,0.0275017978755207,0.0222));
#10246=CARTESIAN_POINT('',(-0.0348770111526841,0.0275017978755207,0.0232));
#10247=CARTESIAN_POINT('',(-0.0353716379437537,0.0273610114709888,0.0222));
#10248=CARTESIAN_POINT('',(-0.0353716379437537,0.0273610114709888,0.0232));
#10249=CARTESIAN_POINT('',(-0.0359964296798417,0.0273610114709888,0.0222));
#10250=CARTESIAN_POINT('',(-0.0359964296798417,0.0273610114709888,0.0232));
#10251=CARTESIAN_POINT('',(-0.0345125493066328,0.0277833706845843,0.0222));
#10252=CARTESIAN_POINT('',(-0.0350592420757097,0.0273610114709888,0.0222));
#10253=CARTESIAN_POINT('',(-0.0359964296798417,0.0273610114709888,0.0222));
#10254=CARTESIAN_POINT('',(-0.035336010574676,0.0221931616239257,0.0222));
#10255=CARTESIAN_POINT('',(-0.0252025936842924,0.021220283289005,0.0222));
#10256=CARTESIAN_POINT('',(-0.0252025936842924,0.021220283289005,0.0232));
#10257=CARTESIAN_POINT('',(-0.0249323736451301,0.021220283289005,0.0222));
#10258=CARTESIAN_POINT('',(-0.0249323736451301,0.021220283289005,0.0232));
#10259=CARTESIAN_POINT('',(-0.0247364513945133,0.0212938177441066,0.0222));
#10260=CARTESIAN_POINT('',(-0.0247364513945133,0.0212938177441066,0.0232));
#10261=CARTESIAN_POINT('',(-0.0246148269324422,0.0214408866543099,0.0222));
#10262=CARTESIAN_POINT('',(-0.0246148269324422,0.0214408866543099,0.0232));
#10263=CARTESIAN_POINT('',(-0.0252025936842924,0.021220283289005,0.0232));
#10264=CARTESIAN_POINT('',(-0.0247972636255489,0.021220283289005,0.0232));
#10265=CARTESIAN_POINT('',(-0.0246148269324422,0.0214408866543099,0.0232));
#10266=CARTESIAN_POINT('',(-0.0252025936842924,0.021220283289005,0.0232));
#10267=CARTESIAN_POINT('',(-0.0246148269324422,0.0214408866543099,0.0232));
#10268=CARTESIAN_POINT('',(-0.0252025936842924,0.021220283289005,0.0222));
#10269=CARTESIAN_POINT('',(-0.0252025936842924,0.021220283289005,0.0222));
#10270=CARTESIAN_POINT('',(-0.0252025936842924,0.021220283289005,0.0222));
#10271=CARTESIAN_POINT('',(-0.0247972636255489,0.021220283289005,0.0222));
#10272=CARTESIAN_POINT('',(-0.0246148269324422,0.0214408866543099,0.0222));
#10273=CARTESIAN_POINT('',(-0.0246148269324422,0.0214408866543099,0.0222));
#10274=CARTESIAN_POINT('',(-0.0246148269324422,0.0214408866543099,0.0222));
#10275=CARTESIAN_POINT('',(-0.0257418887624511,0.0214756183260101,0.0222));
#10276=CARTESIAN_POINT('',(-0.0257418887624511,0.0214756183260101,0.0232));
#10277=CARTESIAN_POINT('',(-0.025619500966936,0.0213053949680067,0.0222));
#10278=CARTESIAN_POINT('',(-0.025619500966936,0.0213053949680067,0.0232));
#10279=CARTESIAN_POINT('',(-0.0254397359408831,0.021220283289005,0.0222));
#10280=CARTESIAN_POINT('',(-0.0254397359408831,0.021220283289005,0.0232));
#10281=CARTESIAN_POINT('',(-0.0252025936842924,0.021220283289005,0.0222));
#10282=CARTESIAN_POINT('',(-0.0252025936842924,0.021220283289005,0.0232));
#10283=CARTESIAN_POINT('',(-0.0257418887624511,0.0214756183260101,0.0232));
#10284=CARTESIAN_POINT('',(-0.0255583070691784,0.021220283289005,0.0232));
#10285=CARTESIAN_POINT('',(-0.0252025936842924,0.021220283289005,0.0232));
#10286=CARTESIAN_POINT('',(-0.0257418887624511,0.0214756183260101,0.0232));
#10287=CARTESIAN_POINT('',(-0.0257418887624511,0.0214756183260101,0.0222));
#10288=CARTESIAN_POINT('',(-0.0257418887624511,0.0214756183260101,0.0222));
#10289=CARTESIAN_POINT('',(-0.0257418887624511,0.0214756183260101,0.0222));
#10290=CARTESIAN_POINT('',(-0.0255583070691784,0.021220283289005,0.0222));
#10291=CARTESIAN_POINT('',(-0.0252025936842924,0.021220283289005,0.0222));
#10292=CARTESIAN_POINT('',(-0.0259254704557238,0.0222317001022539,0.0222));
#10293=CARTESIAN_POINT('',(-0.0259254704557238,0.0222317001022539,0.0232));
#10294=CARTESIAN_POINT('',(-0.0259254704557238,0.0218978689427614,0.0222));
#10295=CARTESIAN_POINT('',(-0.0259254704557238,0.0218978689427614,0.0232));
#10296=CARTESIAN_POINT('',(-0.0258642765579662,0.0216458416840135,0.0222));
#10297=CARTESIAN_POINT('',(-0.0258642765579662,0.0216458416840135,0.0232));
#10298=CARTESIAN_POINT('',(-0.0257418887624511,0.0214756183260101,0.0222));
#10299=CARTESIAN_POINT('',(-0.0257418887624511,0.0214756183260101,0.0232));
#10300=CARTESIAN_POINT('',(-0.0259254704557238,0.0222317001022539,0.0232));
#10301=CARTESIAN_POINT('',(-0.0259254704557238,0.0217309533630152,0.0232));
#10302=CARTESIAN_POINT('',(-0.0257418887624511,0.0214756183260101,0.0232));
#10303=CARTESIAN_POINT('',(-0.0259254704557238,0.0222317001022539,0.0232));
#10304=CARTESIAN_POINT('',(-0.0259254704557238,0.0222317001022539,0.0222));
#10305=CARTESIAN_POINT('',(-0.0259254704557238,0.0222317001022539,0.0222));
#10306=CARTESIAN_POINT('',(-0.0259254704557238,0.0222317001022539,0.0222));
#10307=CARTESIAN_POINT('',(-0.0259254704557238,0.0217309533630152,0.0222));
#10308=CARTESIAN_POINT('',(-0.0257418887624511,0.0214756183260101,0.0222));
#10309=CARTESIAN_POINT('',(-0.0257407437622851,0.0229961785463811,0.0222));
#10310=CARTESIAN_POINT('',(-0.0257407437622851,0.0229961785463811,0.0232));
#10311=CARTESIAN_POINT('',(-0.0258638948912443,0.022815777409125,0.0222));
#10312=CARTESIAN_POINT('',(-0.0258638948912443,0.022815777409125,0.0232));
#10313=CARTESIAN_POINT('',(-0.0259254704557238,0.0225609512610825,0.0222));
#10314=CARTESIAN_POINT('',(-0.0259254704557238,0.0225609512610825,0.0232));
#10315=CARTESIAN_POINT('',(-0.0259254704557238,0.0222317001022539,0.0222));
#10316=CARTESIAN_POINT('',(-0.0259254704557238,0.0222317001022539,0.0232));
#10317=CARTESIAN_POINT('',(-0.0257407437622851,0.0229961785463811,0.0232));
#10318=CARTESIAN_POINT('',(-0.0259254704557238,0.0227255768404969,0.0232));
#10319=CARTESIAN_POINT('',(-0.0259254704557238,0.0222317001022539,0.0232));
#10320=CARTESIAN_POINT('',(-0.0257407437622851,0.0229961785463811,0.0232));
#10321=CARTESIAN_POINT('',(-0.0257407437622851,0.0229961785463811,0.0222));
#10322=CARTESIAN_POINT('',(-0.0257407437622851,0.0229961785463811,0.0222));
#10323=CARTESIAN_POINT('',(-0.0257407437622851,0.0229961785463811,0.0222));
#10324=CARTESIAN_POINT('',(-0.0259254704557238,0.0227255768404969,0.0222));
#10325=CARTESIAN_POINT('',(-0.0259254704557238,0.0222317001022539,0.0222));
#10326=CARTESIAN_POINT('',(-0.0252071736849562,0.0232667802522654,0.0222));
#10327=CARTESIAN_POINT('',(-0.0252071736849562,0.0232667802522654,0.0232));
#10328=CARTESIAN_POINT('',(-0.0254397359408831,0.0232667802522654,0.0222));
#10329=CARTESIAN_POINT('',(-0.0254397359408831,0.0232667802522654,0.0232));
#10330=CARTESIAN_POINT('',(-0.0256175926333261,0.0231765796836374,0.0222));
#10331=CARTESIAN_POINT('',(-0.0256175926333261,0.0231765796836374,0.0232));
#10332=CARTESIAN_POINT('',(-0.0257407437622851,0.0229961785463811,0.0222));
#10333=CARTESIAN_POINT('',(-0.0257407437622851,0.0229961785463811,0.0232));
#10334=CARTESIAN_POINT('',(-0.0252071736849562,0.0232667802522654,0.0232));
#10335=CARTESIAN_POINT('',(-0.0255560170688465,0.0232667802522654,0.0232));
#10336=CARTESIAN_POINT('',(-0.0257407437622851,0.0229961785463811,0.0232));
#10337=CARTESIAN_POINT('',(-0.0252071736849562,0.0232667802522654,0.0232));
#10338=CARTESIAN_POINT('',(-0.0252071736849562,0.0232667802522654,0.0222));
#10339=CARTESIAN_POINT('',(-0.0252071736849562,0.0232667802522654,0.0222));
#10340=CARTESIAN_POINT('',(-0.0252071736849562,0.0232667802522654,0.0222));
#10341=CARTESIAN_POINT('',(-0.0255560170688465,0.0232667802522654,0.0222));
#10342=CARTESIAN_POINT('',(-0.0257407437622851,0.0229961785463811,0.0222));
#10343=CARTESIAN_POINT('',(-0.0246171169327741,0.0230293835511934,0.0222));
#10344=CARTESIAN_POINT('',(-0.0246171169327741,0.0230293835511934,0.0232));
#10345=CARTESIAN_POINT('',(-0.0247402680617332,0.0231876480185748,0.0222));
#10346=CARTESIAN_POINT('',(-0.0247402680617332,0.0231876480185748,0.0232));
#10347=CARTESIAN_POINT('',(-0.0249369536457939,0.0232667802522654,0.0222));
#10348=CARTESIAN_POINT('',(-0.0249369536457939,0.0232667802522654,0.0232));
#10349=CARTESIAN_POINT('',(-0.0252071736849562,0.0232667802522654,0.0222));
#10350=CARTESIAN_POINT('',(-0.0252071736849562,0.0232667802522654,0.0232));
#10351=CARTESIAN_POINT('',(-0.0246171169327741,0.0230293835511934,0.0232));
#10352=CARTESIAN_POINT('',(-0.0248018436262127,0.0232667802522654,0.0232));
#10353=CARTESIAN_POINT('',(-0.0252071736849562,0.0232667802522654,0.0232));
#10354=CARTESIAN_POINT('',(-0.0246171169327741,0.0230293835511934,0.0232));
#10355=CARTESIAN_POINT('',(-0.0246171169327741,0.0230293835511934,0.0222));
#10356=CARTESIAN_POINT('',(-0.0246171169327741,0.0230293835511934,0.0222));
#10357=CARTESIAN_POINT('',(-0.0246171169327741,0.0230293835511934,0.0222));
#10358=CARTESIAN_POINT('',(-0.0248018436262127,0.0232667802522654,0.0222));
#10359=CARTESIAN_POINT('',(-0.0252071736849562,0.0232667802522654,0.0222));
#10360=CARTESIAN_POINT('',(-0.0244323902393354,0.0222362801029176,0.0222));
#10361=CARTESIAN_POINT('',(-0.0244323902393354,0.0222362801029176,0.0232));
#10362=CARTESIAN_POINT('',(-0.0244323902393354,0.0226067512677202,0.0222));
#10363=CARTESIAN_POINT('',(-0.0244323902393354,0.0226067512677202,0.0232));
#10364=CARTESIAN_POINT('',(-0.024493965803815,0.0228711190838121,0.0222));
#10365=CARTESIAN_POINT('',(-0.024493965803815,0.0228711190838121,0.0232));
#10366=CARTESIAN_POINT('',(-0.0246171169327741,0.0230293835511934,0.0222));
#10367=CARTESIAN_POINT('',(-0.0246171169327741,0.0230293835511934,0.0232));
#10368=CARTESIAN_POINT('',(-0.0244323902393354,0.0222362801029176,0.0232));
#10369=CARTESIAN_POINT('',(-0.0244323902393354,0.0227919868501215,0.0232));
#10370=CARTESIAN_POINT('',(-0.0246171169327741,0.0230293835511934,0.0232));
#10371=CARTESIAN_POINT('',(-0.0244323902393354,0.0222362801029176,0.0232));
#10372=CARTESIAN_POINT('',(-0.0244323902393354,0.0222362801029176,0.0222));
#10373=CARTESIAN_POINT('',(-0.0244323902393354,0.0222362801029176,0.0222));
#10374=CARTESIAN_POINT('',(-0.0244323902393354,0.0222362801029176,0.0222));
#10375=CARTESIAN_POINT('',(-0.0244323902393354,0.0227919868501215,0.0222));
#10376=CARTESIAN_POINT('',(-0.0246171169327741,0.0230293835511934,0.0222));
#10377=CARTESIAN_POINT('',(-0.0244323902393354,0.0221946784302217,0.0222));
#10378=CARTESIAN_POINT('',(-0.0244323902393354,0.0221946784302217,0.0232));
#10379=CARTESIAN_POINT('',(-0.0244323902393354,0.0221530767575258,0.0232));
#10380=CARTESIAN_POINT('',(-0.0244323902393354,0.0221530767575258,0.0222));
#10381=CARTESIAN_POINT('',(-0.0244323902393354,0.0221530767575258,0.0222));
#10382=CARTESIAN_POINT('',(-0.0244323902393354,0.0221946784302217,0.0222));
#10383=CARTESIAN_POINT('',(-0.0244217035711199,0.0212866932986296,0.0222));
#10384=CARTESIAN_POINT('',(-0.0244110169029044,0.0212866932986296,0.0222));
#10385=CARTESIAN_POINT('',(-0.0244110169029044,0.0212866932986296,0.0222));
#10386=CARTESIAN_POINT('',(-0.0244217035711199,0.0212866932986296,0.0222));
#10387=CARTESIAN_POINT('',(-0.0244323902393354,0.0212866932986296,0.0222));
#10388=CARTESIAN_POINT('',(-0.0244323902393354,0.0212866932986296,0.0222));
#10389=CARTESIAN_POINT('',(-0.0243846818990878,0.0211115082732405,0.0222));
#10390=CARTESIAN_POINT('',(-0.0243583468952711,0.0209363232478514,0.0222));
#10391=CARTESIAN_POINT('',(-0.0243583468952711,0.0209363232478514,0.0222));
#10392=CARTESIAN_POINT('',(-0.0243846818990878,0.0211115082732405,0.0222));
#10393=CARTESIAN_POINT('',(-0.0241972835385953,0.0209363232478514,0.0222));
#10394=CARTESIAN_POINT('',(-0.0240362201819194,0.0209363232478514,0.0222));
#10395=CARTESIAN_POINT('',(-0.0240362201819194,0.0209363232478514,0.0222));
#10396=CARTESIAN_POINT('',(-0.0241972835385953,0.0209363232478514,0.0222));
#10397=CARTESIAN_POINT('',(-0.0240362201819194,0.0227923685168435,0.0222));
#10398=CARTESIAN_POINT('',(-0.0240362201819194,0.0246484137858356,0.0222));
#10399=CARTESIAN_POINT('',(-0.0240362201819194,0.0246484137858356,0.0222));
#10400=CARTESIAN_POINT('',(-0.0240362201819194,0.0227923685168435,0.0222));
#10401=CARTESIAN_POINT('',(-0.0242343052106274,0.0246484137858356,0.0222));
#10402=CARTESIAN_POINT('',(-0.0244323902393354,0.0246484137858356,0.0222));
#10403=CARTESIAN_POINT('',(-0.0244323902393354,0.0246484137858356,0.0222));
#10404=CARTESIAN_POINT('',(-0.0242343052106274,0.0246484137858356,0.0222));
#10405=CARTESIAN_POINT('',(-0.0244323902393354,0.0241163703753944,0.0222));
#10406=CARTESIAN_POINT('',(-0.0244323902393354,0.0235843269649534,0.0222));
#10407=CARTESIAN_POINT('',(-0.0244323902393354,0.0235843269649534,0.0222));
#10408=CARTESIAN_POINT('',(-0.0244323902393354,0.0241163703753944,0.0222));
#10409=CARTESIAN_POINT('',(-0.0244274285719497,0.023492345284956,0.0222));
#10410=CARTESIAN_POINT('',(-0.0244224669045639,0.0234003636049587,0.0222));
#10411=CARTESIAN_POINT('',(-0.0244224669045639,0.0234003636049587,0.0222));
#10412=CARTESIAN_POINT('',(-0.0244274285719497,0.023492345284956,0.0222));
#10413=CARTESIAN_POINT('',(-0.0244140702366803,0.0233060919246295,0.0222));
#10414=CARTESIAN_POINT('',(-0.0244056735687967,0.0232118202443003,0.0222));
#10415=CARTESIAN_POINT('',(-0.0244056735687967,0.0232118202443003,0.0222));
#10416=CARTESIAN_POINT('',(-0.0244140702366803,0.0233060919246295,0.0222));
#10417=CARTESIAN_POINT('',(-0.024421321904398,0.0232118202443003,0.0222));
#10418=CARTESIAN_POINT('',(-0.0244369702399992,0.0232118202443003,0.0222));
#10419=CARTESIAN_POINT('',(-0.0244369702399992,0.0232118202443003,0.0222));
#10420=CARTESIAN_POINT('',(-0.024421321904398,0.0232118202443003,0.0222));
#10421=CARTESIAN_POINT('',(-0.0252529736915938,0.0235988303003887,0.0222));
#10422=CARTESIAN_POINT('',(-0.0252529736915938,0.0235988303003887,0.0232));
#10423=CARTESIAN_POINT('',(-0.0248982780846331,0.0235988303003887,0.0222));
#10424=CARTESIAN_POINT('',(-0.0248982780846331,0.0235988303003887,0.0232));
#10425=CARTESIAN_POINT('',(-0.0246262769341016,0.0234698269483592,0.0222));
#10426=CARTESIAN_POINT('',(-0.0246262769341016,0.0234698269483592,0.0232));
#10427=CARTESIAN_POINT('',(-0.0244369702399992,0.0232118202443003,0.0222));
#10428=CARTESIAN_POINT('',(-0.0244369702399992,0.0232118202443003,0.0232));
#10429=CARTESIAN_POINT('',(-0.0252529736915938,0.0235988303003887,0.0222));
#10430=CARTESIAN_POINT('',(-0.0252529736915938,0.0235988303003887,0.0222));
#10431=CARTESIAN_POINT('',(-0.0252529736915938,0.0235988303003887,0.0222));
#10432=CARTESIAN_POINT('',(-0.0247209302811528,0.0235988303003887,0.0222));
#10433=CARTESIAN_POINT('',(-0.0244369702399992,0.0232118202443003,0.0222));
#10434=CARTESIAN_POINT('',(-0.0260498938070895,0.0232408269151708,0.0222));
#10435=CARTESIAN_POINT('',(-0.0260498938070895,0.0232408269151708,0.0232));
#10436=CARTESIAN_POINT('',(-0.0258590604460992,0.0234794958386494,0.0222));
#10437=CARTESIAN_POINT('',(-0.0258590604460992,0.0234794958386494,0.0232));
#10438=CARTESIAN_POINT('',(-0.0255934204076006,0.0235988303003887,0.0222));
#10439=CARTESIAN_POINT('',(-0.0255934204076006,0.0235988303003887,0.0232));
#10440=CARTESIAN_POINT('',(-0.0252529736915938,0.0235988303003887,0.0222));
#10441=CARTESIAN_POINT('',(-0.0252529736915938,0.0235988303003887,0.0232));
#10442=CARTESIAN_POINT('',(-0.0260498938070895,0.0232408269151708,0.0222));
#10443=CARTESIAN_POINT('',(-0.0260498938070895,0.0232408269151708,0.0222));
#10444=CARTESIAN_POINT('',(-0.0260498938070895,0.0232408269151708,0.0222));
#10445=CARTESIAN_POINT('',(-0.025763643765604,0.0235988303003887,0.0222));
#10446=CARTESIAN_POINT('',(-0.0252529736915938,0.0235988303003887,0.0222));
#10447=CARTESIAN_POINT('',(-0.026336143848575,0.0222362801029176,0.0222));
#10448=CARTESIAN_POINT('',(-0.026336143848575,0.0222362801029176,0.0232));
#10449=CARTESIAN_POINT('',(-0.026336143848575,0.0226673090542745,0.0222));
#10450=CARTESIAN_POINT('',(-0.026336143848575,0.0226673090542745,0.0232));
#10451=CARTESIAN_POINT('',(-0.0262407271680799,0.0230021579916922,0.0222));
#10452=CARTESIAN_POINT('',(-0.0262407271680799,0.0230021579916922,0.0232));
#10453=CARTESIAN_POINT('',(-0.0260498938070895,0.0232408269151708,0.0222));
#10454=CARTESIAN_POINT('',(-0.0260498938070895,0.0232408269151708,0.0232));
#10455=CARTESIAN_POINT('',(-0.026336143848575,0.0222362801029176,0.0222));
#10456=CARTESIAN_POINT('',(-0.026336143848575,0.0222362801029176,0.0222));
#10457=CARTESIAN_POINT('',(-0.026336143848575,0.0222362801029176,0.0222));
#10458=CARTESIAN_POINT('',(-0.026336143848575,0.0228828235299529,0.0222));
#10459=CARTESIAN_POINT('',(-0.0260498938070895,0.0232408269151708,0.0222));
#10460=CARTESIAN_POINT('',(-0.0260510388072554,0.021238984958382,0.0222));
#10461=CARTESIAN_POINT('',(-0.0260510388072554,0.021238984958382,0.0232));
#10462=CARTESIAN_POINT('',(-0.0262411088348018,0.0214728194367155,0.0222));
#10463=CARTESIAN_POINT('',(-0.0262411088348018,0.0214728194367155,0.0232));
#10464=CARTESIAN_POINT('',(-0.026336143848575,0.0218052511515607,0.0222));
#10465=CARTESIAN_POINT('',(-0.026336143848575,0.0218052511515607,0.0232));
#10466=CARTESIAN_POINT('',(-0.026336143848575,0.0222362801029176,0.0222));
#10467=CARTESIAN_POINT('',(-0.026336143848575,0.0222362801029176,0.0232));
#10468=CARTESIAN_POINT('',(-0.0260510388072554,0.021238984958382,0.0222));
#10469=CARTESIAN_POINT('',(-0.0260510388072554,0.021238984958382,0.0222));
#10470=CARTESIAN_POINT('',(-0.0260510388072554,0.021238984958382,0.0222));
#10471=CARTESIAN_POINT('',(-0.026336143848575,0.0215897366758823,0.0222));
#10472=CARTESIAN_POINT('',(-0.026336143848575,0.0222362801029176,0.0222));
#10473=CARTESIAN_POINT('',(-0.0252529736915938,0.0208882332408818,0.0222));
#10474=CARTESIAN_POINT('',(-0.0252529736915938,0.0208882332408818,0.0232));
#10475=CARTESIAN_POINT('',(-0.0255949470744886,0.0208882332408818,0.0222));
#10476=CARTESIAN_POINT('',(-0.0255949470744886,0.0208882332408818,0.0232));
#10477=CARTESIAN_POINT('',(-0.0258609687797091,0.0210051504800485,0.0222));
#10478=CARTESIAN_POINT('',(-0.0258609687797091,0.0210051504800485,0.0232));
#10479=CARTESIAN_POINT('',(-0.0260510388072554,0.021238984958382,0.0222));
#10480=CARTESIAN_POINT('',(-0.0260510388072554,0.021238984958382,0.0232));
#10481=CARTESIAN_POINT('',(-0.0252529736915938,0.0208882332408818,0.0222));
#10482=CARTESIAN_POINT('',(-0.0252529736915938,0.0208882332408818,0.0222));
#10483=CARTESIAN_POINT('',(-0.0252529736915938,0.0208882332408818,0.0222));
#10484=CARTESIAN_POINT('',(-0.0257659337659359,0.0208882332408818,0.0222));
#10485=CARTESIAN_POINT('',(-0.0260510388072554,0.021238984958382,0.0222));
#10486=CARTESIAN_POINT('',(-0.0244323902393354,0.0212866932986296,0.0222));
#10487=CARTESIAN_POINT('',(-0.0244323902393354,0.0212866932986296,0.0232));
#10488=CARTESIAN_POINT('',(-0.0246150813769235,0.0210210532601311,0.0222));
#10489=CARTESIAN_POINT('',(-0.0246150813769235,0.0210210532601311,0.0232));
#10490=CARTESIAN_POINT('',(-0.024888609194343,0.0208882332408818,0.0222));
#10491=CARTESIAN_POINT('',(-0.024888609194343,0.0208882332408818,0.0232));
#10492=CARTESIAN_POINT('',(-0.0252529736915938,0.0208882332408818,0.0222));
#10493=CARTESIAN_POINT('',(-0.0252529736915938,0.0208882332408818,0.0232));
#10494=CARTESIAN_POINT('',(-0.0244323902393354,0.0212866932986296,0.0222));
#10495=CARTESIAN_POINT('',(-0.0247064269457175,0.0208882332408818,0.0222));
#10496=CARTESIAN_POINT('',(-0.0252529736915938,0.0208882332408818,0.0222));
#10497=CARTESIAN_POINT('',(-0.0246148269324422,0.0214408866543099,0.0222));
#10498=CARTESIAN_POINT('',(-0.0246148269324422,0.0214408866543099,0.0232));
#10499=CARTESIAN_POINT('',(-0.024493202470371,0.0215879555645131,0.0222));
#10500=CARTESIAN_POINT('',(-0.024493202470371,0.0215879555645131,0.0232));
#10501=CARTESIAN_POINT('',(-0.0244323902393354,0.0218253522655851,0.0222));
#10502=CARTESIAN_POINT('',(-0.0244323902393354,0.0218253522655851,0.0232));
#10503=CARTESIAN_POINT('',(-0.0244323902393354,0.0221530767575258,0.0222));
#10504=CARTESIAN_POINT('',(-0.0244323902393354,0.0221530767575258,0.0232));
#10505=CARTESIAN_POINT('',(-0.0246148269324422,0.0214408866543099,0.0232));
#10506=CARTESIAN_POINT('',(-0.0244323902393354,0.0216614900196147,0.0232));
#10507=CARTESIAN_POINT('',(-0.0244323902393354,0.0221530767575258,0.0232));
#10508=CARTESIAN_POINT('',(-0.0246148269324422,0.0214408866543099,0.0222));
#10509=CARTESIAN_POINT('',(-0.0244323902393354,0.0216614900196147,0.0222));
#10510=CARTESIAN_POINT('',(-0.0244323902393354,0.0221530767575258,0.0222));
#10511=CARTESIAN_POINT('',(-0.035336010574676,0.0221931616239257,0.0222));
#10512=CARTESIAN_POINT('',(-0.028194097451177,0.0212157032883413,0.0222));
#10513=CARTESIAN_POINT('',(-0.028194097451177,0.0212157032883413,0.0232));
#10514=CARTESIAN_POINT('',(-0.0279472863042962,0.0212157032883413,0.0222));
#10515=CARTESIAN_POINT('',(-0.0279472863042962,0.0212157032883413,0.0232));
#10516=CARTESIAN_POINT('',(-0.0277535268317706,0.0212832582981318,0.0222));
#10517=CARTESIAN_POINT('',(-0.0277535268317706,0.0212832582981318,0.0232));
#10518=CARTESIAN_POINT('',(-0.0276128190336004,0.021418368317713,0.0222));
#10519=CARTESIAN_POINT('',(-0.0276128190336004,0.021418368317713,0.0232));
#10520=CARTESIAN_POINT('',(-0.028194097451177,0.0212157032883413,0.0232));
#10521=CARTESIAN_POINT('',(-0.0278238807308557,0.0212157032883413,0.0232));
#10522=CARTESIAN_POINT('',(-0.0276128190336004,0.021418368317713,0.0232));
#10523=CARTESIAN_POINT('',(-0.028194097451177,0.0212157032883413,0.0232));
#10524=CARTESIAN_POINT('',(-0.0276128190336004,0.021418368317713,0.0232));
#10525=CARTESIAN_POINT('',(-0.028194097451177,0.0212157032883413,0.0222));
#10526=CARTESIAN_POINT('',(-0.028194097451177,0.0212157032883413,0.0222));
#10527=CARTESIAN_POINT('',(-0.028194097451177,0.0212157032883413,0.0222));
#10528=CARTESIAN_POINT('',(-0.0278238807308557,0.0212157032883413,0.0222));
#10529=CARTESIAN_POINT('',(-0.0276128190336004,0.021418368317713,0.0222));
#10530=CARTESIAN_POINT('',(-0.0276128190336004,0.021418368317713,0.0222));
#10531=CARTESIAN_POINT('',(-0.0276128190336004,0.021418368317713,0.0222));
#10532=CARTESIAN_POINT('',(-0.0285574441705026,0.0213275316378816,0.0222));
#10533=CARTESIAN_POINT('',(-0.0285574441705026,0.0213275316378816,0.0232));
#10534=CARTESIAN_POINT('',(-0.0284709330468537,0.0212529794048547,0.0222));
#10535=CARTESIAN_POINT('',(-0.0284709330468537,0.0212529794048547,0.0232));
#10536=CARTESIAN_POINT('',(-0.0283498174737451,0.0212157032883413,0.0222));
#10537=CARTESIAN_POINT('',(-0.0283498174737451,0.0212157032883413,0.0232));
#10538=CARTESIAN_POINT('',(-0.028194097451177,0.0212157032883413,0.0222));
#10539=CARTESIAN_POINT('',(-0.028194097451177,0.0212157032883413,0.0232));
#10540=CARTESIAN_POINT('',(-0.0285574441705026,0.0213275316378816,0.0232));
#10541=CARTESIAN_POINT('',(-0.0284276774850292,0.0212157032883413,0.0232));
#10542=CARTESIAN_POINT('',(-0.028194097451177,0.0212157032883413,0.0232));
#10543=CARTESIAN_POINT('',(-0.0285574441705026,0.0213275316378816,0.0232));
#10544=CARTESIAN_POINT('',(-0.0285574441705026,0.0213275316378816,0.0222));
#10545=CARTESIAN_POINT('',(-0.0285574441705026,0.0213275316378816,0.0222));
#10546=CARTESIAN_POINT('',(-0.0285574441705026,0.0213275316378816,0.0222));
#10547=CARTESIAN_POINT('',(-0.0284276774850292,0.0212157032883413,0.0222));
#10548=CARTESIAN_POINT('',(-0.028194097451177,0.0212157032883413,0.0222));
#10549=CARTESIAN_POINT('',(-0.0286872108559761,0.0216546200186191,0.0222));
#10550=CARTESIAN_POINT('',(-0.0286872108559761,0.0216546200186191,0.0232));
#10551=CARTESIAN_POINT('',(-0.028687210855976,0.0215111133311543,0.0222));
#10552=CARTESIAN_POINT('',(-0.028687210855976,0.0215111133311543,0.0232));
#10553=CARTESIAN_POINT('',(-0.0286439552941516,0.0214020838709085,0.0222));
#10554=CARTESIAN_POINT('',(-0.0286439552941516,0.0214020838709085,0.0232));
#10555=CARTESIAN_POINT('',(-0.0285574441705026,0.0213275316378816,0.0222));
#10556=CARTESIAN_POINT('',(-0.0285574441705026,0.0213275316378816,0.0232));
#10557=CARTESIAN_POINT('',(-0.0286872108559761,0.0216546200186191,0.0232));
#10558=CARTESIAN_POINT('',(-0.0286872108559761,0.0214393599874219,0.0232));
#10559=CARTESIAN_POINT('',(-0.0285574441705026,0.0213275316378816,0.0232));
#10560=CARTESIAN_POINT('',(-0.0286872108559761,0.0216546200186191,0.0232));
#10561=CARTESIAN_POINT('',(-0.0286872108559761,0.0216546200186191,0.0222));
#10562=CARTESIAN_POINT('',(-0.0286872108559761,0.0216546200186191,0.0222));
#10563=CARTESIAN_POINT('',(-0.0286872108559761,0.0216546200186191,0.0222));
#10564=CARTESIAN_POINT('',(-0.0286872108559761,0.0214393599874219,0.0222));
#10565=CARTESIAN_POINT('',(-0.0285574441705026,0.0213275316378816,0.0222));
#10566=CARTESIAN_POINT('',(-0.0284788208257746,0.0220588050771966,0.0222));
#10567=CARTESIAN_POINT('',(-0.0284788208257746,0.0220588050771966,0.0232));
#10568=CARTESIAN_POINT('',(-0.0286177475125756,0.0219720395090663,0.0222));
#10569=CARTESIAN_POINT('',(-0.0286177475125756,0.0219720395090663,0.0232));
#10570=CARTESIAN_POINT('',(-0.028687210855976,0.0218373111562071,0.0222));
#10571=CARTESIAN_POINT('',(-0.028687210855976,0.0218373111562071,0.0232));
#10572=CARTESIAN_POINT('',(-0.0286872108559761,0.0216546200186191,0.0222));
#10573=CARTESIAN_POINT('',(-0.0286872108559761,0.0216546200186191,0.0232));
#10574=CARTESIAN_POINT('',(-0.0284788208257746,0.0220588050771966,0.0232));
#10575=CARTESIAN_POINT('',(-0.0286872108559761,0.0219286567250012,0.0232));
#10576=CARTESIAN_POINT('',(-0.0286872108559761,0.0216546200186191,0.0232));
#10577=CARTESIAN_POINT('',(-0.0284788208257746,0.0220588050771966,0.0232));
#10578=CARTESIAN_POINT('',(-0.0284788208257746,0.0220588050771966,0.0222));
#10579=CARTESIAN_POINT('',(-0.0284788208257746,0.0220588050771966,0.0222));
#10580=CARTESIAN_POINT('',(-0.0284788208257746,0.0220588050771966,0.0222));
#10581=CARTESIAN_POINT('',(-0.0286872108559761,0.0219286567250012,0.0222));
#10582=CARTESIAN_POINT('',(-0.0286872108559761,0.0216546200186191,0.0222));
#10583=CARTESIAN_POINT('',(-0.0277979273937611,0.0222057467651591,0.0222));
#10584=CARTESIAN_POINT('',(-0.0277979273937611,0.0222057467651591,0.0232));
#10585=CARTESIAN_POINT('',(-0.0281129296616358,0.022194551207981,0.0222));
#10586=CARTESIAN_POINT('',(-0.0281129296616358,0.022194551207981,0.0232));
#10587=CARTESIAN_POINT('',(-0.0283398941389736,0.0221455706453269,0.0222));
#10588=CARTESIAN_POINT('',(-0.0283398941389736,0.0221455706453269,0.0232));
#10589=CARTESIAN_POINT('',(-0.0284788208257746,0.0220588050771966,0.0222));
#10590=CARTESIAN_POINT('',(-0.0284788208257746,0.0220588050771966,0.0232));
#10591=CARTESIAN_POINT('',(-0.0277979273937611,0.0222057467651591,0.0232));
#10592=CARTESIAN_POINT('',(-0.0282704307955732,0.022188953429392,0.0232));
#10593=CARTESIAN_POINT('',(-0.0284788208257746,0.0220588050771966,0.0232));
#10594=CARTESIAN_POINT('',(-0.0277979273937611,0.0222057467651591,0.0232));
#10595=CARTESIAN_POINT('',(-0.0277979273937611,0.0222057467651591,0.0222));
#10596=CARTESIAN_POINT('',(-0.0277979273937611,0.0222057467651591,0.0222));
#10597=CARTESIAN_POINT('',(-0.0277979273937611,0.0222057467651591,0.0222));
#10598=CARTESIAN_POINT('',(-0.0282704307955732,0.022188953429392,0.0222));
#10599=CARTESIAN_POINT('',(-0.0284788208257746,0.0220588050771966,0.0222));
#10600=CARTESIAN_POINT('',(-0.0275998423650531,0.0222137617663208,0.0222));
#10601=CARTESIAN_POINT('',(-0.0275998423650531,0.0222137617663208,0.0232));
#10602=CARTESIAN_POINT('',(-0.0274017573363451,0.0222217767674824,0.0232));
#10603=CARTESIAN_POINT('',(-0.0274017573363451,0.0222217767674824,0.0222));
#10604=CARTESIAN_POINT('',(-0.0274017573363451,0.0222217767674824,0.0222));
#10605=CARTESIAN_POINT('',(-0.0275998423650531,0.0222137617663208,0.0222));
#10606=CARTESIAN_POINT('',(-0.0274017573363451,0.0221038417503903,0.0222));
#10607=CARTESIAN_POINT('',(-0.0274017573363451,0.0221038417503903,0.0232));
#10608=CARTESIAN_POINT('',(-0.0274017573363451,0.0219859067332982,0.0232));
#10609=CARTESIAN_POINT('',(-0.0274017573363451,0.0219859067332982,0.0222));
#10610=CARTESIAN_POINT('',(-0.0274017573363451,0.0219859067332982,0.0222));
#10611=CARTESIAN_POINT('',(-0.0274017573363451,0.0221038417503903,0.0222));
#10612=CARTESIAN_POINT('',(-0.0273387823272183,0.021122576608178,0.0222));
#10613=CARTESIAN_POINT('',(-0.0272994706548543,0.0209363232478514,0.0222));
#10614=CARTESIAN_POINT('',(-0.0272994706548543,0.0209363232478514,0.0222));
#10615=CARTESIAN_POINT('',(-0.0273387823272183,0.021122576608178,0.0222));
#10616=CARTESIAN_POINT('',(-0.0273851693795305,0.021314933558072,0.0222));
#10617=CARTESIAN_POINT('',(-0.0273851693795305,0.021314933558072,0.0222));
#10618=CARTESIAN_POINT('',(-0.0271525289668917,0.0209363232478514,0.0222));
#10619=CARTESIAN_POINT('',(-0.0270055872789292,0.0209363232478514,0.0222));
#10620=CARTESIAN_POINT('',(-0.0270055872789292,0.0209363232478514,0.0222));
#10621=CARTESIAN_POINT('',(-0.0271525289668917,0.0209363232478514,0.0222));
#10622=CARTESIAN_POINT('',(-0.0270055872789292,0.0218286600438422,0.0222));
#10623=CARTESIAN_POINT('',(-0.0270055872789292,0.0227209968398331,0.0222));
#10624=CARTESIAN_POINT('',(-0.0270055872789292,0.0227209968398331,0.0222));
#10625=CARTESIAN_POINT('',(-0.0270055872789292,0.0218286600438422,0.0222));
#10626=CARTESIAN_POINT('',(-0.0272311523116197,0.0233862419362454,0.0222));
#10627=CARTESIAN_POINT('',(-0.0272311523116197,0.0233862419362454,0.0232));
#10628=CARTESIAN_POINT('',(-0.0270807756231593,0.0232480785828884,0.0222));
#10629=CARTESIAN_POINT('',(-0.0270807756231593,0.0232480785828884,0.0232));
#10630=CARTESIAN_POINT('',(-0.0270055872789292,0.0230263302174176,0.0222));
#10631=CARTESIAN_POINT('',(-0.0270055872789292,0.0230263302174176,0.0232));
#10632=CARTESIAN_POINT('',(-0.0270055872789292,0.0227209968398331,0.0222));
#10633=CARTESIAN_POINT('',(-0.0270055872789292,0.0227209968398331,0.0232));
#10634=CARTESIAN_POINT('',(-0.0272311523116197,0.0233862419362454,0.0222));
#10635=CARTESIAN_POINT('',(-0.0272311523116197,0.0233862419362454,0.0222));
#10636=CARTESIAN_POINT('',(-0.0272311523116197,0.0233862419362454,0.0222));
#10637=CARTESIAN_POINT('',(-0.0270055872789292,0.0231789969062099,0.0222));
#10638=CARTESIAN_POINT('',(-0.0270055872789292,0.0227209968398331,0.0222));
#10639=CARTESIAN_POINT('',(-0.0279238774120147,0.0235934869662809,0.0222));
#10640=CARTESIAN_POINT('',(-0.0279238774120147,0.0235934869662809,0.0232));
#10641=CARTESIAN_POINT('',(-0.0276124373668784,0.0235934869662809,0.0222));
#10642=CARTESIAN_POINT('',(-0.0276124373668784,0.0235934869662809,0.0232));
#10643=CARTESIAN_POINT('',(-0.0273815290000801,0.0235244052896024,0.0222));
#10644=CARTESIAN_POINT('',(-0.0273815290000801,0.0235244052896024,0.0232));
#10645=CARTESIAN_POINT('',(-0.0272311523116197,0.0233862419362454,0.0222));
#10646=CARTESIAN_POINT('',(-0.0272311523116197,0.0233862419362454,0.0232));
#10647=CARTESIAN_POINT('',(-0.0279238774120147,0.0235934869662809,0.0222));
#10648=CARTESIAN_POINT('',(-0.0279238774120147,0.0235934869662809,0.0222));
#10649=CARTESIAN_POINT('',(-0.0279238774120147,0.0235934869662809,0.0222));
#10650=CARTESIAN_POINT('',(-0.0274567173443103,0.0235934869662809,0.0222));
#10651=CARTESIAN_POINT('',(-0.0272311523116197,0.0233862419362454,0.0222));
#10652=CARTESIAN_POINT('',(-0.0279215257394564,0.0217552710070139,0.0222));
#10653=CARTESIAN_POINT('',(-0.0283860758123333,0.023533946957652,0.0222));
#10654=CARTESIAN_POINT('',(-0.0283860518537557,0.0235338533459678,0.0222));
#10655=CARTESIAN_POINT('',(-0.0279215257394564,0.0217552710070139,0.0222));
#10656=CARTESIAN_POINT('',(-0.027928877054089,0.0217226449869636,0.0222));
#10657=CARTESIAN_POINT('',(-0.0288094128285028,0.0233700005288958,0.0222));
#10658=CARTESIAN_POINT('',(-0.0288094128272319,0.0233700005284341,0.0222));
#10659=CARTESIAN_POINT('',(-0.027928877054089,0.0217226449869636,0.0222));
#10660=CARTESIAN_POINT('',(-0.0287482775314929,0.0232183085785739,0.0222));
#10661=CARTESIAN_POINT('',(-0.0286872108559761,0.0230667868899475,0.0222));
#10662=CARTESIAN_POINT('',(-0.0286872108559761,0.0230667868899475,0.0222));
#10663=CARTESIAN_POINT('',(-0.0287482775314929,0.0232183085785739,0.0222));
#10664=CARTESIAN_POINT('',(-0.0279483040822214,0.0232667802522654,0.0222));
#10665=CARTESIAN_POINT('',(-0.0279483040822214,0.0232667802522654,0.0232));
#10666=CARTESIAN_POINT('',(-0.0281661085582318,0.0232667802522654,0.0222));
#10667=CARTESIAN_POINT('',(-0.0281661085582318,0.0232667802522654,0.0232));
#10668=CARTESIAN_POINT('',(-0.0284124108161499,0.0232001157981595,0.0222));
#10669=CARTESIAN_POINT('',(-0.0284124108161499,0.0232001157981595,0.0232));
#10670=CARTESIAN_POINT('',(-0.0286872108559761,0.0230667868899475,0.0222));
#10671=CARTESIAN_POINT('',(-0.0286872108559761,0.0230667868899475,0.0232));
#10672=CARTESIAN_POINT('',(-0.0279483040822214,0.0232667802522654,0.0222));
#10673=CARTESIAN_POINT('',(-0.0279483040822214,0.0232667802522654,0.0222));
#10674=CARTESIAN_POINT('',(-0.0279483040822214,0.0232667802522654,0.0222));
#10675=CARTESIAN_POINT('',(-0.0282750107962369,0.0232667802522654,0.0222));
#10676=CARTESIAN_POINT('',(-0.0286872108559761,0.0230667868899475,0.0222));
#10677=CARTESIAN_POINT('',(-0.0275246540208229,0.0231202202310248,0.0222));
#10678=CARTESIAN_POINT('',(-0.0275246540208229,0.0231202202310248,0.0232));
#10679=CARTESIAN_POINT('',(-0.0276126918113598,0.0232179269118519,0.0222));
#10680=CARTESIAN_POINT('',(-0.0276126918113598,0.0232179269118519,0.0232));
#10681=CARTESIAN_POINT('',(-0.0277539084984926,0.0232667802522654,0.0222));
#10682=CARTESIAN_POINT('',(-0.0277539084984926,0.0232667802522654,0.0232));
#10683=CARTESIAN_POINT('',(-0.0279483040822214,0.0232667802522654,0.0222));
#10684=CARTESIAN_POINT('',(-0.0279483040822214,0.0232667802522654,0.0232));
#10685=CARTESIAN_POINT('',(-0.0275246540208229,0.0231202202310248,0.0222));
#10686=CARTESIAN_POINT('',(-0.0275246540208229,0.0231202202310248,0.0222));
#10687=CARTESIAN_POINT('',(-0.0275246540208229,0.0231202202310248,0.0222));
#10688=CARTESIAN_POINT('',(-0.0276567107066282,0.0232667802522654,0.0222));
#10689=CARTESIAN_POINT('',(-0.0279483040822214,0.0232667802522654,0.0222));
#10690=CARTESIAN_POINT('',(-0.0273925973350176,0.0226660368318678,0.0222));
#10691=CARTESIAN_POINT('',(-0.0273925973350176,0.0226660368318678,0.0232));
#10692=CARTESIAN_POINT('',(-0.0273925973350175,0.0228711190838121,0.0222));
#10693=CARTESIAN_POINT('',(-0.0273925973350175,0.0228711190838121,0.0232));
#10694=CARTESIAN_POINT('',(-0.027436616230286,0.0230225135501978,0.0222));
#10695=CARTESIAN_POINT('',(-0.027436616230286,0.0230225135501978,0.0232));
#10696=CARTESIAN_POINT('',(-0.0275246540208229,0.0231202202310248,0.0222));
#10697=CARTESIAN_POINT('',(-0.0275246540208229,0.0231202202310248,0.0232));
#10698=CARTESIAN_POINT('',(-0.0273925973350176,0.0226660368318678,0.0222));
#10699=CARTESIAN_POINT('',(-0.0273925973350176,0.0226660368318678,0.0222));
#10700=CARTESIAN_POINT('',(-0.0273925973350176,0.0226660368318678,0.0222));
#10701=CARTESIAN_POINT('',(-0.0273925973350176,0.0229736602097843,0.0222));
#10702=CARTESIAN_POINT('',(-0.0275246540208229,0.0231202202310248,0.0222));
#10703=CARTESIAN_POINT('',(-0.0273925973350176,0.0225847418200859,0.0222));
#10704=CARTESIAN_POINT('',(-0.0273925973350176,0.0225034468083041,0.0222));
#10705=CARTESIAN_POINT('',(-0.0273925973350176,0.0225034468083041,0.0222));
#10706=CARTESIAN_POINT('',(-0.0273925973350176,0.0225847418200859,0.0222));
#10707=CARTESIAN_POINT('',(-0.0276143457004883,0.0224961951405865,0.0222));
#10708=CARTESIAN_POINT('',(-0.0278360940659591,0.0224889434728688,0.0222));
#10709=CARTESIAN_POINT('',(-0.0278360940659591,0.0224889434728688,0.0222));
#10710=CARTESIAN_POINT('',(-0.0276143457004883,0.0224961951405865,0.0222));
#10711=CARTESIAN_POINT('',(-0.0291024642494911,0.0216592000192828,0.0222));
#10712=CARTESIAN_POINT('',(-0.0291024642494911,0.0216592000192828,0.0232));
#10713=CARTESIAN_POINT('',(-0.0291024642494911,0.0221869178735414,0.0222));
#10714=CARTESIAN_POINT('',(-0.0291024642494911,0.0221869178735414,0.0232));
#10715=CARTESIAN_POINT('',(-0.0286803408549804,0.0224634990247368,0.0222));
#10716=CARTESIAN_POINT('',(-0.0286803408549804,0.0224634990247368,0.0232));
#10717=CARTESIAN_POINT('',(-0.0278360940659591,0.0224889434728688,0.0222));
#10718=CARTESIAN_POINT('',(-0.0278360940659591,0.0224889434728688,0.0232));
#10719=CARTESIAN_POINT('',(-0.0291024642494911,0.0216592000192828,0.0222));
#10720=CARTESIAN_POINT('',(-0.0291024642494911,0.0216592000192828,0.0222));
#10721=CARTESIAN_POINT('',(-0.0291024642494911,0.0216592000192828,0.0222));
#10722=CARTESIAN_POINT('',(-0.0291024642494911,0.0224507768006708,0.0222));
#10723=CARTESIAN_POINT('',(-0.0278360940659591,0.0224889434728688,0.0222));
#10724=CARTESIAN_POINT('',(-0.0288818608841862,0.0210889899366437,0.0222));
#10725=CARTESIAN_POINT('',(-0.0288818608841862,0.0210889899366437,0.0232));
#10726=CARTESIAN_POINT('',(-0.0290289297943894,0.0212228277338182,0.0222));
#10727=CARTESIAN_POINT('',(-0.0290289297943894,0.0212228277338182,0.0232));
#10728=CARTESIAN_POINT('',(-0.0291024642494911,0.0214128977613646,0.0222));
#10729=CARTESIAN_POINT('',(-0.0291024642494911,0.0214128977613646,0.0232));
#10730=CARTESIAN_POINT('',(-0.0291024642494911,0.0216592000192828,0.0222));
#10731=CARTESIAN_POINT('',(-0.0291024642494911,0.0216592000192828,0.0232));
#10732=CARTESIAN_POINT('',(-0.0288818608841862,0.0210889899366437,0.0222));
#10733=CARTESIAN_POINT('',(-0.0288818608841862,0.0210889899366437,0.0222));
#10734=CARTESIAN_POINT('',(-0.0288818608841862,0.0210889899366437,0.0222));
#10735=CARTESIAN_POINT('',(-0.0291024642494911,0.0212897466324055,0.0222));
#10736=CARTESIAN_POINT('',(-0.0291024642494911,0.0216592000192828,0.0222));
#10737=CARTESIAN_POINT('',(-0.028272720795905,0.0208882332408818,0.0222));
#10738=CARTESIAN_POINT('',(-0.028272720795905,0.0208882332408818,0.0232));
#10739=CARTESIAN_POINT('',(-0.0285317452778892,0.0208882332408818,0.0222));
#10740=CARTESIAN_POINT('',(-0.0285317452778892,0.0208882332408818,0.0232));
#10741=CARTESIAN_POINT('',(-0.028734791973983,0.0209551521394691,0.0222));
#10742=CARTESIAN_POINT('',(-0.028734791973983,0.0209551521394691,0.0232));
#10743=CARTESIAN_POINT('',(-0.0288818608841862,0.0210889899366437,0.0222));
#10744=CARTESIAN_POINT('',(-0.0288818608841862,0.0210889899366437,0.0232));
#10745=CARTESIAN_POINT('',(-0.028272720795905,0.0208882332408818,0.0222));
#10746=CARTESIAN_POINT('',(-0.028272720795905,0.0208882332408818,0.0222));
#10747=CARTESIAN_POINT('',(-0.028272720795905,0.0208882332408818,0.0222));
#10748=CARTESIAN_POINT('',(-0.0286612575188814,0.0208882332408818,0.0222));
#10749=CARTESIAN_POINT('',(-0.0288818608841862,0.0210889899366437,0.0222));
#10750=CARTESIAN_POINT('',(-0.0277868590588236,0.0209756349202154,0.0222));
#10751=CARTESIAN_POINT('',(-0.0277868590588236,0.0209756349202154,0.0232));
#10752=CARTESIAN_POINT('',(-0.0279163712998157,0.020917367133993,0.0222));
#10753=CARTESIAN_POINT('',(-0.0279163712998157,0.020917367133993,0.0232));
#10754=CARTESIAN_POINT('',(-0.0280783252121762,0.0208882332408818,0.0222));
#10755=CARTESIAN_POINT('',(-0.0280783252121762,0.0208882332408818,0.0232));
#10756=CARTESIAN_POINT('',(-0.028272720795905,0.0208882332408818,0.0222));
#10757=CARTESIAN_POINT('',(-0.028272720795905,0.0208882332408818,0.0232));
#10758=CARTESIAN_POINT('',(-0.0277868590588236,0.0209756349202154,0.0222));
#10759=CARTESIAN_POINT('',(-0.0277868590588236,0.0209756349202154,0.0222));
#10760=CARTESIAN_POINT('',(-0.0277868590588236,0.0209756349202154,0.0222));
#10761=CARTESIAN_POINT('',(-0.0279811274203118,0.0208882332408818,0.0222));
#10762=CARTESIAN_POINT('',(-0.028272720795905,0.0208882332408818,0.0222));
#10763=CARTESIAN_POINT('',(-0.0273895536238889,0.0213184191684935,0.0222));
#10764=CARTESIAN_POINT('',(-0.0273895536238889,0.0213184191684935,0.0232));
#10765=CARTESIAN_POINT('',(-0.0275223704355894,0.0211513605225281,0.0222));
#10766=CARTESIAN_POINT('',(-0.0275223704355894,0.0211513605225281,0.0232));
#10767=CARTESIAN_POINT('',(-0.0276548204706294,0.021035039314511,0.0222));
#10768=CARTESIAN_POINT('',(-0.0276548204706294,0.021035039314511,0.0232));
#10769=CARTESIAN_POINT('',(-0.0277868590588236,0.0209756349202154,0.0222));
#10770=CARTESIAN_POINT('',(-0.0277868590588236,0.0209756349202154,0.0232));
#10771=CARTESIAN_POINT('',(-0.0273895536238889,0.0213184191684935,0.0222));
#10772=CARTESIAN_POINT('',(-0.0273933654797851,0.021313624568499,0.0222));
#10773=CARTESIAN_POINT('',(-0.0273971773356813,0.0213088299685046,0.0222));
#10774=CARTESIAN_POINT('',(-0.0275925906973354,0.021063036599549,0.0222));
#10775=CARTESIAN_POINT('',(-0.0277868590588236,0.0209756349202154,0.0222));
#10776=CARTESIAN_POINT('',(-0.0276128190336004,0.021418368317713,0.0222));
#10777=CARTESIAN_POINT('',(-0.0276128190336004,0.021418368317713,0.0232));
#10778=CARTESIAN_POINT('',(-0.0274721112354302,0.0215534783372942,0.0222));
#10779=CARTESIAN_POINT('',(-0.0274721112354302,0.0215534783372942,0.0232));
#10780=CARTESIAN_POINT('',(-0.0274017573363451,0.0217426578091559,0.0222));
#10781=CARTESIAN_POINT('',(-0.0274017573363451,0.0217426578091559,0.0232));
#10782=CARTESIAN_POINT('',(-0.0274017573363451,0.0219859067332982,0.0222));
#10783=CARTESIAN_POINT('',(-0.0274017573363451,0.0219859067332982,0.0232));
#10784=CARTESIAN_POINT('',(-0.0276128190336004,0.021418368317713,0.0232));
#10785=CARTESIAN_POINT('',(-0.0274017573363451,0.0216210333470847,0.0232));
#10786=CARTESIAN_POINT('',(-0.0274017573363451,0.0219859067332982,0.0232));
#10787=CARTESIAN_POINT('',(-0.0276128190336004,0.021418368317713,0.0222));
#10788=CARTESIAN_POINT('',(-0.0274017573363451,0.0216210333470847,0.0222));
#10789=CARTESIAN_POINT('',(-0.0274017573363451,0.0219859067332982,0.0222));
#10790=CARTESIAN_POINT('',(-0.035336010574676,0.0221931616239257,0.0222));
#10791=CARTESIAN_POINT('',(-0.0307413411536761,0.0232622002516017,0.0222));
#10792=CARTESIAN_POINT('',(-0.0307413411536761,0.0232622002516017,0.0232));
#10793=CARTESIAN_POINT('',(-0.0310085078590626,0.0232622002516017,0.0222));
#10794=CARTESIAN_POINT('',(-0.0310085078590626,0.0232622002516017,0.0232));
#10795=CARTESIAN_POINT('',(-0.0312017584426254,0.0231882841297781,0.0222));
#10796=CARTESIAN_POINT('',(-0.0312017584426254,0.0231882841297781,0.0232));
#10797=CARTESIAN_POINT('',(-0.0313210929043648,0.0230404518861309,0.0222));
#10798=CARTESIAN_POINT('',(-0.0313210929043648,0.0230404518861309,0.0232));
#10799=CARTESIAN_POINT('',(-0.0307413411536761,0.0232622002516017,0.0232));
#10800=CARTESIAN_POINT('',(-0.0311420912117558,0.0232622002516017,0.0232));
#10801=CARTESIAN_POINT('',(-0.0313210929043648,0.0230404518861309,0.0232));
#10802=CARTESIAN_POINT('',(-0.0307413411536761,0.0232622002516017,0.0232));
#10803=CARTESIAN_POINT('',(-0.0313210929043648,0.0230404518861309,0.0232));
#10804=CARTESIAN_POINT('',(-0.0307413411536761,0.0232622002516017,0.0222));
#10805=CARTESIAN_POINT('',(-0.0307413411536761,0.0232622002516017,0.0222));
#10806=CARTESIAN_POINT('',(-0.0307413411536761,0.0232622002516017,0.0222));
#10807=CARTESIAN_POINT('',(-0.0311420912117558,0.0232622002516017,0.0222));
#10808=CARTESIAN_POINT('',(-0.0313210929043648,0.0230404518861309,0.0222));
#10809=CARTESIAN_POINT('',(-0.0313210929043648,0.0230404518861309,0.0222));
#10810=CARTESIAN_POINT('',(-0.0313210929043648,0.0230404518861309,0.0222));
#10811=CARTESIAN_POINT('',(-0.0302012827420734,0.0230011402137669,0.0222));
#10812=CARTESIAN_POINT('',(-0.0302012827420734,0.0230011402137669,0.0232));
#10813=CARTESIAN_POINT('',(-0.0303292683161776,0.0231751802389901,0.0222));
#10814=CARTESIAN_POINT('',(-0.0303292683161776,0.0231751802389901,0.0232));
#10815=CARTESIAN_POINT('',(-0.0305092877867118,0.0232622002516017,0.0222));
#10816=CARTESIAN_POINT('',(-0.0305092877867118,0.0232622002516017,0.0232));
#10817=CARTESIAN_POINT('',(-0.0307413411536761,0.0232622002516017,0.0222));
#10818=CARTESIAN_POINT('',(-0.0307413411536761,0.0232622002516017,0.0232));
#10819=CARTESIAN_POINT('',(-0.0302012827420734,0.0230011402137669,0.0232));
#10820=CARTESIAN_POINT('',(-0.0303932611032297,0.0232622002516017,0.0232));
#10821=CARTESIAN_POINT('',(-0.0307413411536761,0.0232622002516017,0.0232));
#10822=CARTESIAN_POINT('',(-0.0302012827420734,0.0230011402137669,0.0232));
#10823=CARTESIAN_POINT('',(-0.0302012827420734,0.0230011402137669,0.0222));
#10824=CARTESIAN_POINT('',(-0.0302012827420734,0.0230011402137669,0.0222));
#10825=CARTESIAN_POINT('',(-0.0302012827420734,0.0230011402137669,0.0222));
#10826=CARTESIAN_POINT('',(-0.0303932611032297,0.0232622002516017,0.0222));
#10827=CARTESIAN_POINT('',(-0.0307413411536761,0.0232622002516017,0.0222));
#10828=CARTESIAN_POINT('',(-0.0300093043809172,0.0222507834383529,0.0222));
#10829=CARTESIAN_POINT('',(-0.0300093043809172,0.0222507834383529,0.0232));
#10830=CARTESIAN_POINT('',(-0.0300093043809172,0.0225769812634057,0.0222));
#10831=CARTESIAN_POINT('',(-0.0300093043809172,0.0225769812634057,0.0232));
#10832=CARTESIAN_POINT('',(-0.0300732971679692,0.0228271001885437,0.0222));
#10833=CARTESIAN_POINT('',(-0.0300732971679692,0.0228271001885437,0.0232));
#10834=CARTESIAN_POINT('',(-0.0302012827420734,0.0230011402137669,0.0222));
#10835=CARTESIAN_POINT('',(-0.0302012827420734,0.0230011402137669,0.0232));
#10836=CARTESIAN_POINT('',(-0.0300093043809172,0.0222507834383529,0.0232));
#10837=CARTESIAN_POINT('',(-0.0300093043809172,0.0227400801759321,0.0232));
#10838=CARTESIAN_POINT('',(-0.0302012827420734,0.0230011402137669,0.0232));
#10839=CARTESIAN_POINT('',(-0.0300093043809172,0.0222507834383529,0.0232));
#10840=CARTESIAN_POINT('',(-0.0300093043809172,0.0222507834383529,0.0222));
#10841=CARTESIAN_POINT('',(-0.0300093043809172,0.0222507834383529,0.0222));
#10842=CARTESIAN_POINT('',(-0.0300093043809172,0.0222507834383529,0.0222));
#10843=CARTESIAN_POINT('',(-0.0300093043809172,0.0227400801759321,0.0222));
#10844=CARTESIAN_POINT('',(-0.0302012827420734,0.0230011402137669,0.0222));
#10845=CARTESIAN_POINT('',(-0.0302012827420734,0.0214947016621092,0.0222));
#10846=CARTESIAN_POINT('',(-0.0302012827420734,0.0214947016621092,0.0232));
#10847=CARTESIAN_POINT('',(-0.0300732971679692,0.0216776472441786,0.0222));
#10848=CARTESIAN_POINT('',(-0.0300732971679692,0.0216776472441786,0.0232));
#10849=CARTESIAN_POINT('',(-0.0300093043809172,0.0219296745029265,0.0222));
#10850=CARTESIAN_POINT('',(-0.0300093043809172,0.0219296745029265,0.0232));
#10851=CARTESIAN_POINT('',(-0.0300093043809172,0.0222507834383529,0.0222));
#10852=CARTESIAN_POINT('',(-0.0300093043809172,0.0222507834383529,0.0232));
#10853=CARTESIAN_POINT('',(-0.0302012827420734,0.0214947016621092,0.0232));
#10854=CARTESIAN_POINT('',(-0.0300093043809172,0.0217691200352132,0.0232));
#10855=CARTESIAN_POINT('',(-0.0300093043809172,0.0222507834383529,0.0232));
#10856=CARTESIAN_POINT('',(-0.0302012827420734,0.0214947016621092,0.0232));
#10857=CARTESIAN_POINT('',(-0.0302012827420734,0.0214947016621092,0.0222));
#10858=CARTESIAN_POINT('',(-0.0302012827420734,0.0214947016621092,0.0222));
#10859=CARTESIAN_POINT('',(-0.0302012827420734,0.0214947016621092,0.0222));
#10860=CARTESIAN_POINT('',(-0.0300093043809172,0.0217691200352132,0.0222));
#10861=CARTESIAN_POINT('',(-0.0300093043809172,0.0222507834383529,0.0222));
#10862=CARTESIAN_POINT('',(-0.0307109786930737,0.0218308570673083,0.0222));
#10863=CARTESIAN_POINT('',(-0.0307109786930737,0.0218308570673083,0.0232));
#10864=CARTESIAN_POINT('',(-0.0307321811523485,0.021220283289005,0.0232));
#10865=CARTESIAN_POINT('',(-0.0307321811523485,0.021220283289005,0.0222));
#10866=CARTESIAN_POINT('',(-0.0307321811523485,0.021220283289005,0.0222));
#10867=CARTESIAN_POINT('',(-0.0307109786930737,0.0218308570673083,0.0222));
#10868=CARTESIAN_POINT('',(-0.0313210929043648,0.021457679990077,0.0222));
#10869=CARTESIAN_POINT('',(-0.0313210929043648,0.021457679990077,0.0232));
#10870=CARTESIAN_POINT('',(-0.0311987051088496,0.0212994155226957,0.0222));
#10871=CARTESIAN_POINT('',(-0.0311987051088496,0.0212994155226957,0.0232));
#10872=CARTESIAN_POINT('',(-0.0310024011915109,0.021220283289005,0.0222));
#10873=CARTESIAN_POINT('',(-0.0310024011915109,0.021220283289005,0.0232));
#10874=CARTESIAN_POINT('',(-0.0307321811523485,0.021220283289005,0.0222));
#10875=CARTESIAN_POINT('',(-0.0307321811523485,0.021220283289005,0.0232));
#10876=CARTESIAN_POINT('',(-0.0313210929043648,0.021457679990077,0.0232));
#10877=CARTESIAN_POINT('',(-0.031137511211092,0.021220283289005,0.0232));
#10878=CARTESIAN_POINT('',(-0.0307321811523485,0.021220283289005,0.0232));
#10879=CARTESIAN_POINT('',(-0.0313210929043648,0.021457679990077,0.0232));
#10880=CARTESIAN_POINT('',(-0.0313210929043648,0.021457679990077,0.0222));
#10881=CARTESIAN_POINT('',(-0.0313210929043648,0.021457679990077,0.0222));
#10882=CARTESIAN_POINT('',(-0.0313210929043648,0.021457679990077,0.0222));
#10883=CARTESIAN_POINT('',(-0.031137511211092,0.021220283289005,0.0222));
#10884=CARTESIAN_POINT('',(-0.0307321811523485,0.021220283289005,0.0222));
#10885=CARTESIAN_POINT('',(-0.0315046745976374,0.0222462034376891,0.0222));
#10886=CARTESIAN_POINT('',(-0.0315046745976374,0.0222462034376891,0.0232));
#10887=CARTESIAN_POINT('',(-0.0315046745976374,0.0218787856066624,0.0222));
#10888=CARTESIAN_POINT('',(-0.0315046745976374,0.0218787856066624,0.0232));
#10889=CARTESIAN_POINT('',(-0.0314434806998799,0.0216159444574583,0.0222));
#10890=CARTESIAN_POINT('',(-0.0314434806998799,0.0216159444574583,0.0232));
#10891=CARTESIAN_POINT('',(-0.0313210929043648,0.021457679990077,0.0222));
#10892=CARTESIAN_POINT('',(-0.0313210929043648,0.021457679990077,0.0232));
#10893=CARTESIAN_POINT('',(-0.0315046745976374,0.0222462034376891,0.0232));
#10894=CARTESIAN_POINT('',(-0.0315046745976374,0.021695076691149,0.0232));
#10895=CARTESIAN_POINT('',(-0.0313210929043648,0.021457679990077,0.0232));
#10896=CARTESIAN_POINT('',(-0.0315046745976374,0.0222462034376891,0.0232));
#10897=CARTESIAN_POINT('',(-0.0315046745976374,0.0222462034376891,0.0222));
#10898=CARTESIAN_POINT('',(-0.0315046745976374,0.0222462034376891,0.0222));
#10899=CARTESIAN_POINT('',(-0.0315046745976374,0.0222462034376891,0.0222));
#10900=CARTESIAN_POINT('',(-0.0315046745976374,0.021695076691149,0.0222));
#10901=CARTESIAN_POINT('',(-0.0313210929043648,0.021457679990077,0.0222));
#10902=CARTESIAN_POINT('',(-0.0315046745976374,0.0222900951107169,0.0222));
#10903=CARTESIAN_POINT('',(-0.0315046745976374,0.0222900951107169,0.0232));
#10904=CARTESIAN_POINT('',(-0.0315046745976374,0.0223339867837446,0.0232));
#10905=CARTESIAN_POINT('',(-0.0315046745976374,0.0223339867837446,0.0222));
#10906=CARTESIAN_POINT('',(-0.0315046745976374,0.0223339867837446,0.0222));
#10907=CARTESIAN_POINT('',(-0.0315046745976374,0.0222900951107169,0.0222));
#10908=CARTESIAN_POINT('',(-0.0307004138190139,0.0220209109626036,0.0222));
#10909=CARTESIAN_POINT('',(-0.030684091145379,0.0208882332408818,0.0222));
#10910=CARTESIAN_POINT('',(-0.030684091145379,0.0208882332408818,0.0222));
#10911=CARTESIAN_POINT('',(-0.0307004138190139,0.0220209109626036,0.0222));
#10912=CARTESIAN_POINT('',(-0.0311509513031558,0.0209823164526356,0.0222));
#10913=CARTESIAN_POINT('',(-0.0311508695463613,0.020982504921211,0.0222));
#10914=CARTESIAN_POINT('',(-0.0298860260297174,0.0212450916259337,0.0222));
#10915=CARTESIAN_POINT('',(-0.0298860260297174,0.0212450916259337,0.0232));
#10916=CARTESIAN_POINT('',(-0.0300776227241517,0.0210071860358991,0.0222));
#10917=CARTESIAN_POINT('',(-0.0300776227241517,0.0210071860358991,0.0232));
#10918=CARTESIAN_POINT('',(-0.0303436444293722,0.0208882332408818,0.0222));
#10919=CARTESIAN_POINT('',(-0.0303436444293722,0.0208882332408818,0.0232));
#10920=CARTESIAN_POINT('',(-0.030684091145379,0.0208882332408818,0.0222));
#10921=CARTESIAN_POINT('',(-0.030684091145379,0.0208882332408818,0.0232));
#10922=CARTESIAN_POINT('',(-0.0298860260297174,0.0212450916259337,0.0222));
#10923=CARTESIAN_POINT('',(-0.0298860260297174,0.0212450916259337,0.0222));
#10924=CARTESIAN_POINT('',(-0.0298860260297174,0.0212450916259337,0.0222));
#10925=CARTESIAN_POINT('',(-0.0301734210713688,0.0208882332408818,0.0222));
#10926=CARTESIAN_POINT('',(-0.030684091145379,0.0208882332408818,0.0222));
#10927=CARTESIAN_POINT('',(-0.0295986309880659,0.0222462034376891,0.0222));
#10928=CARTESIAN_POINT('',(-0.0295986309880659,0.0222462034376891,0.0232));
#10929=CARTESIAN_POINT('',(-0.0295986309880659,0.0218167011532202,0.0222));
#10930=CARTESIAN_POINT('',(-0.0295986309880659,0.0218167011532202,0.0232));
#10931=CARTESIAN_POINT('',(-0.0296944293352831,0.0214829972159684,0.0222));
#10932=CARTESIAN_POINT('',(-0.0296944293352831,0.0214829972159684,0.0232));
#10933=CARTESIAN_POINT('',(-0.0298860260297174,0.0212450916259337,0.0222));
#10934=CARTESIAN_POINT('',(-0.0298860260297174,0.0212450916259337,0.0232));
#10935=CARTESIAN_POINT('',(-0.0295986309880659,0.0222462034376891,0.0222));
#10936=CARTESIAN_POINT('',(-0.0295986309880659,0.0222462034376891,0.0222));
#10937=CARTESIAN_POINT('',(-0.0295986309880659,0.0222462034376891,0.0222));
#10938=CARTESIAN_POINT('',(-0.0295986309880659,0.0216019500109857,0.0222));
#10939=CARTESIAN_POINT('',(-0.0298860260297174,0.0212450916259337,0.0222));
#10940=CARTESIAN_POINT('',(-0.0298814460290536,0.0232431169155027,0.0222));
#10941=CARTESIAN_POINT('',(-0.0298814460290536,0.0232431169155027,0.0232));
#10942=CARTESIAN_POINT('',(-0.0296929026683951,0.023005974658912,0.0222));
#10943=CARTESIAN_POINT('',(-0.0296929026683951,0.023005974658912,0.0232));
#10944=CARTESIAN_POINT('',(-0.0295986309880659,0.0226736701663075,0.0222));
#10945=CARTESIAN_POINT('',(-0.0295986309880659,0.0226736701663075,0.0232));
#10946=CARTESIAN_POINT('',(-0.0295986309880659,0.0222462034376891,0.0222));
#10947=CARTESIAN_POINT('',(-0.0295986309880659,0.0222462034376891,0.0232));
#10948=CARTESIAN_POINT('',(-0.0298814460290536,0.0232431169155027,0.0222));
#10949=CARTESIAN_POINT('',(-0.0298814460290536,0.0232431169155027,0.0222));
#10950=CARTESIAN_POINT('',(-0.0298814460290536,0.0232431169155027,0.0222));
#10951=CARTESIAN_POINT('',(-0.0295986309880659,0.0228874035306167,0.0222));
#10952=CARTESIAN_POINT('',(-0.0295986309880659,0.0222462034376891,0.0222));
#10953=CARTESIAN_POINT('',(-0.030684091145379,0.0235988303003887,0.0222));
#10954=CARTESIAN_POINT('',(-0.030684091145379,0.0235988303003887,0.0232));
#10955=CARTESIAN_POINT('',(-0.0303375377618205,0.0235988303003887,0.0222));
#10956=CARTESIAN_POINT('',(-0.0303375377618205,0.0235988303003887,0.0232));
#10957=CARTESIAN_POINT('',(-0.0300699893897121,0.0234802591720933,0.0222));
#10958=CARTESIAN_POINT('',(-0.0300699893897121,0.0234802591720933,0.0232));
#10959=CARTESIAN_POINT('',(-0.0298814460290536,0.0232431169155027,0.0222));
#10960=CARTESIAN_POINT('',(-0.0298814460290536,0.0232431169155027,0.0232));
#10961=CARTESIAN_POINT('',(-0.030684091145379,0.0235988303003887,0.0222));
#10962=CARTESIAN_POINT('',(-0.030684091145379,0.0235988303003887,0.0222));
#10963=CARTESIAN_POINT('',(-0.030684091145379,0.0235988303003887,0.0222));
#10964=CARTESIAN_POINT('',(-0.0301642610700413,0.0235988303003887,0.0222));
#10965=CARTESIAN_POINT('',(-0.0298814460290536,0.0232431169155027,0.0222));
#10966=CARTESIAN_POINT('',(-0.0307077962702831,0.0225157318681399,0.0222));
#10967=CARTESIAN_POINT('',(-0.0311493428794734,0.0235034136198934,0.0222));
#10968=CARTESIAN_POINT('',(-0.0311493428794734,0.0235034136198934,0.0222));
#10969=CARTESIAN_POINT('',(-0.0307077962702831,0.0225157318681399,0.0222));
#10970=CARTESIAN_POINT('',(-0.0315112765730003,0.0231834281229395,0.0222));
#10971=CARTESIAN_POINT('',(-0.0315112765730003,0.0231834281229395,0.0232));
#10972=CARTESIAN_POINT('',(-0.0314072981220177,0.0233300377388237,0.0222));
#10973=CARTESIAN_POINT('',(-0.0314072981220177,0.0233300377388237,0.0232));
#10974=CARTESIAN_POINT('',(-0.0312873742731527,0.0234384270880294,0.0222));
#10975=CARTESIAN_POINT('',(-0.0312873742731527,0.0234384270880294,0.0232));
#10976=CARTESIAN_POINT('',(-0.0311493428794734,0.0235034136198934,0.0222));
#10977=CARTESIAN_POINT('',(-0.0311493428794734,0.0235034136198934,0.0232));
#10978=CARTESIAN_POINT('',(-0.0315164464086999,0.0231870946730811,0.0222));
#10979=CARTESIAN_POINT('',(-0.0315164464086999,0.0231870946730811,0.0222));
#10980=CARTESIAN_POINT('',(-0.0315112765730003,0.0231834281229395,0.0222));
#10981=CARTESIAN_POINT('',(-0.0315079755853189,0.0231880825155703,0.0222));
#10982=CARTESIAN_POINT('',(-0.0315046745976374,0.0231927369082012,0.0222));
#10983=CARTESIAN_POINT('',(-0.0313520079088452,0.0234079969393983,0.0222));
#10984=CARTESIAN_POINT('',(-0.0311493428794734,0.0235034136198934,0.0222));
#10985=CARTESIAN_POINT('',(-0.0315512379377191,0.0233717386008102,0.0222));
#10986=CARTESIAN_POINT('',(-0.0315787179417017,0.0235507402934191,0.0222));
#10987=CARTESIAN_POINT('',(-0.0315787179417017,0.0235507402934191,0.0222));
#10988=CARTESIAN_POINT('',(-0.0315512379377191,0.0233717386008102,0.0222));
#10989=CARTESIAN_POINT('',(-0.0317397812983775,0.0235507402934191,0.0222));
#10990=CARTESIAN_POINT('',(-0.0319008446550534,0.0235507402934191,0.0222));
#10991=CARTESIAN_POINT('',(-0.0319008446550534,0.0235507402934191,0.0222));
#10992=CARTESIAN_POINT('',(-0.0317397812983775,0.0235507402934191,0.0222));
#10993=CARTESIAN_POINT('',(-0.0319008446550534,0.0216565283522289,0.0222));
#10994=CARTESIAN_POINT('',(-0.0319008446550534,0.0197623164110388,0.0222));
#10995=CARTESIAN_POINT('',(-0.0319008446550534,0.0197623164110388,0.0222));
#10996=CARTESIAN_POINT('',(-0.0319008446550534,0.0216565283522289,0.0222));
#10997=CARTESIAN_POINT('',(-0.0317027596263454,0.0197623164110388,0.0222));
#10998=CARTESIAN_POINT('',(-0.0315046745976374,0.0197623164110388,0.0222));
#10999=CARTESIAN_POINT('',(-0.0315046745976374,0.0197623164110388,0.0222));
#11000=CARTESIAN_POINT('',(-0.0317027596263454,0.0197623164110388,0.0222));
#11001=CARTESIAN_POINT('',(-0.0315046745976374,0.0203004664890316,0.0222));
#11002=CARTESIAN_POINT('',(-0.0315046745976374,0.0208386165670243,0.0222));
#11003=CARTESIAN_POINT('',(-0.031504605582554,0.0208386168775705,0.0222));
#11004=CARTESIAN_POINT('',(-0.0315046745976374,0.0203004664890316,0.0222));
#11005=CARTESIAN_POINT('',(-0.0349721066141404,0.0208230142147174,0.0222));
#11006=CARTESIAN_POINT('',(-0.0315338162971512,0.0212729532966383,0.0222));
#11007=CARTESIAN_POINT('',(-0.031533681268508,0.0212729532966383,0.0222));
#11008=CARTESIAN_POINT('',(-0.0349721066141404,0.0208230142147174,0.0222));
#11009=CARTESIAN_POINT('',(-0.0315191779330728,0.0212729532966383,0.0222));
#11010=CARTESIAN_POINT('',(-0.031504248211951,0.0212729532966383,0.0222));
#11011=CARTESIAN_POINT('',(-0.031504248211951,0.0212729532966383,0.0222));
#11012=CARTESIAN_POINT('',(-0.0315191779330728,0.0212729532966383,0.0222));
#11013=CARTESIAN_POINT('',(-0.0307928010397909,0.0217778114589034,0.0222));
#11014=CARTESIAN_POINT('',(-0.0307928010397909,0.0217778114589034,0.0222));
#11015=CARTESIAN_POINT('',(-0.0313210929043648,0.0230404518861309,0.0222));
#11016=CARTESIAN_POINT('',(-0.0313210929043648,0.0230404518861309,0.0232));
#11017=CARTESIAN_POINT('',(-0.031440427366104,0.0228926196424837,0.0222));
#11018=CARTESIAN_POINT('',(-0.031440427366104,0.0228926196424837,0.0232));
#11019=CARTESIAN_POINT('',(-0.0315016212638616,0.0226571312750216,0.0222));
#11020=CARTESIAN_POINT('',(-0.0315016212638616,0.0226571312750216,0.0232));
#11021=CARTESIAN_POINT('',(-0.0315046745976374,0.0223339867837446,0.0222));
#11022=CARTESIAN_POINT('',(-0.0315046745976374,0.0223339867837446,0.0232));
#11023=CARTESIAN_POINT('',(-0.0313210929043648,0.0230404518861309,0.0232));
#11024=CARTESIAN_POINT('',(-0.0315000945969737,0.0228187035206601,0.0232));
#11025=CARTESIAN_POINT('',(-0.0315046745976374,0.0223339867837446,0.0232));
#11026=CARTESIAN_POINT('',(-0.0313210929043648,0.0230404518861309,0.0222));
#11027=CARTESIAN_POINT('',(-0.0315000945969737,0.0228187035206601,0.0222));
#11028=CARTESIAN_POINT('',(-0.0315046745976374,0.0223339867837446,0.0222));
#11029=CARTESIAN_POINT('',(-0.035336010574676,0.0221931616239257,0.0222));
#11030=CARTESIAN_POINT('',(-0.0345870150443535,0.0222462034376891,0.0222));
#11031=CARTESIAN_POINT('',(-0.0345870150443535,0.0222462034376891,0.0232));
#11032=CARTESIAN_POINT('',(-0.0345870150443535,0.021911863389234,0.0222));
#11033=CARTESIAN_POINT('',(-0.0345870150443535,0.021911863389234,0.0232));
#11034=CARTESIAN_POINT('',(-0.0345202233680068,0.0216572916856729,0.0222));
#11035=CARTESIAN_POINT('',(-0.0345202233680068,0.0216572916856729,0.0232));
#11036=CARTESIAN_POINT('',(-0.0343866400153136,0.0214824883270057,0.0222));
#11037=CARTESIAN_POINT('',(-0.0343866400153136,0.0214824883270057,0.0232));
#11038=CARTESIAN_POINT('',(-0.0345870150443535,0.0222462034376891,0.0232));
#11039=CARTESIAN_POINT('',(-0.0345870150443535,0.0217446933650065,0.0232));
#11040=CARTESIAN_POINT('',(-0.0343866400153136,0.0214824883270057,0.0232));
#11041=CARTESIAN_POINT('',(-0.0345870150443535,0.0222462034376891,0.0232));
#11042=CARTESIAN_POINT('',(-0.0343866400153136,0.0214824883270057,0.0232));
#11043=CARTESIAN_POINT('',(-0.0345870150443535,0.0222462034376891,0.0222));
#11044=CARTESIAN_POINT('',(-0.0345870150443535,0.0222462034376891,0.0222));
#11045=CARTESIAN_POINT('',(-0.0345870150443535,0.0222462034376891,0.0222));
#11046=CARTESIAN_POINT('',(-0.0345870150443535,0.0217446933650065,0.0222));
#11047=CARTESIAN_POINT('',(-0.0343866400153136,0.0214824883270057,0.0222));
#11048=CARTESIAN_POINT('',(-0.0343866400153136,0.0214824883270057,0.0222));
#11049=CARTESIAN_POINT('',(-0.0343866400153136,0.0214824883270057,0.0222));
#11050=CARTESIAN_POINT('',(-0.0343889300156455,0.0230068652145966,0.0222));
#11051=CARTESIAN_POINT('',(-0.0343889300156455,0.0230068652145966,0.0232));
#11052=CARTESIAN_POINT('',(-0.0345209867014508,0.0228366418565932,0.0222));
#11053=CARTESIAN_POINT('',(-0.0345209867014508,0.0228366418565932,0.0232));
#11054=CARTESIAN_POINT('',(-0.0345870150443535,0.0225830879309574,0.0222));
#11055=CARTESIAN_POINT('',(-0.0345870150443535,0.0225830879309574,0.0232));
#11056=CARTESIAN_POINT('',(-0.0345870150443535,0.0222462034376891,0.0222));
#11057=CARTESIAN_POINT('',(-0.0345870150443535,0.0222462034376891,0.0232));
#11058=CARTESIAN_POINT('',(-0.0343889300156455,0.0230068652145966,0.0232));
#11059=CARTESIAN_POINT('',(-0.0345870150443535,0.0227515301775916,0.0232));
#11060=CARTESIAN_POINT('',(-0.0345870150443535,0.0222462034376891,0.0232));
#11061=CARTESIAN_POINT('',(-0.0343889300156455,0.0230068652145966,0.0232));
#11062=CARTESIAN_POINT('',(-0.0343889300156455,0.0230068652145966,0.0222));
#11063=CARTESIAN_POINT('',(-0.0343889300156455,0.0230068652145966,0.0222));
#11064=CARTESIAN_POINT('',(-0.0343889300156455,0.0230068652145966,0.0222));
#11065=CARTESIAN_POINT('',(-0.0345870150443535,0.0227515301775916,0.0222));
#11066=CARTESIAN_POINT('',(-0.0345870150443535,0.0222462034376891,0.0222));
#11067=CARTESIAN_POINT('',(-0.0338023082639612,0.0232622002516017,0.0222));
#11068=CARTESIAN_POINT('',(-0.0338023082639612,0.0232622002516017,0.0232));
#11069=CARTESIAN_POINT('',(-0.0340613327459454,0.0232622002516017,0.0222));
#11070=CARTESIAN_POINT('',(-0.0340613327459454,0.0232622002516017,0.0232));
#11071=CARTESIAN_POINT('',(-0.0342568733298402,0.0231770885726,0.0222));
#11072=CARTESIAN_POINT('',(-0.0342568733298402,0.0231770885726,0.0232));
#11073=CARTESIAN_POINT('',(-0.0343889300156455,0.0230068652145966,0.0222));
#11074=CARTESIAN_POINT('',(-0.0343889300156455,0.0230068652145966,0.0232));
#11075=CARTESIAN_POINT('',(-0.0338023082639612,0.0232622002516017,0.0232));
#11076=CARTESIAN_POINT('',(-0.0341908449869375,0.0232622002516017,0.0232));
#11077=CARTESIAN_POINT('',(-0.0343889300156455,0.0230068652145966,0.0232));
#11078=CARTESIAN_POINT('',(-0.0338023082639612,0.0232622002516017,0.0232));
#11079=CARTESIAN_POINT('',(-0.0338023082639612,0.0232622002516017,0.0222));
#11080=CARTESIAN_POINT('',(-0.0338023082639612,0.0232622002516017,0.0222));
#11081=CARTESIAN_POINT('',(-0.0338023082639612,0.0232622002516017,0.0222));
#11082=CARTESIAN_POINT('',(-0.0341908449869375,0.0232622002516017,0.0222));
#11083=CARTESIAN_POINT('',(-0.0343889300156455,0.0230068652145966,0.0222));
#11084=CARTESIAN_POINT('',(-0.0332069081776713,0.0230034302140988,0.0222));
#11085=CARTESIAN_POINT('',(-0.0332069081776713,0.0230034302140988,0.0232));
#11086=CARTESIAN_POINT('',(-0.0333412548638085,0.0231759435724341,0.0222));
#11087=CARTESIAN_POINT('',(-0.0333412548638085,0.0231759435724341,0.0232));
#11088=CARTESIAN_POINT('',(-0.0335397215592385,0.0232622002516017,0.0222));
#11089=CARTESIAN_POINT('',(-0.0335397215592385,0.0232622002516017,0.0232));
#11090=CARTESIAN_POINT('',(-0.0338023082639612,0.0232622002516017,0.0222));
#11091=CARTESIAN_POINT('',(-0.0338023082639612,0.0232622002516017,0.0232));
#11092=CARTESIAN_POINT('',(-0.0332069081776713,0.0230034302140988,0.0232));
#11093=CARTESIAN_POINT('',(-0.0334084282068771,0.0232622002516017,0.0232));
#11094=CARTESIAN_POINT('',(-0.0338023082639612,0.0232622002516017,0.0232));
#11095=CARTESIAN_POINT('',(-0.0332069081776713,0.0230034302140988,0.0232));
#11096=CARTESIAN_POINT('',(-0.0332069081776713,0.0230034302140988,0.0222));
#11097=CARTESIAN_POINT('',(-0.0332069081776713,0.0230034302140988,0.0222));
#11098=CARTESIAN_POINT('',(-0.0332069081776713,0.0230034302140988,0.0222));
#11099=CARTESIAN_POINT('',(-0.0334084282068771,0.0232622002516017,0.0222));
#11100=CARTESIAN_POINT('',(-0.0338023082639612,0.0232622002516017,0.0222));
#11101=CARTESIAN_POINT('',(-0.0330053881484655,0.0222462034376891,0.0222));
#11102=CARTESIAN_POINT('',(-0.0330053881484655,0.0222462034376891,0.0232));
#11103=CARTESIAN_POINT('',(-0.0330053881484655,0.0225785079302936,0.0222));
#11104=CARTESIAN_POINT('',(-0.0330053881484655,0.0225785079302936,0.0232));
#11105=CARTESIAN_POINT('',(-0.0330725614915341,0.0228309168557635,0.0222));
#11106=CARTESIAN_POINT('',(-0.0330725614915341,0.0228309168557635,0.0232));
#11107=CARTESIAN_POINT('',(-0.0332069081776713,0.0230034302140988,0.0222));
#11108=CARTESIAN_POINT('',(-0.0332069081776713,0.0230034302140988,0.0232));
#11109=CARTESIAN_POINT('',(-0.0330053881484655,0.0222462034376891,0.0232));
#11110=CARTESIAN_POINT('',(-0.0330053881484655,0.0227446601765959,0.0232));
#11111=CARTESIAN_POINT('',(-0.0332069081776713,0.0230034302140988,0.0232));
#11112=CARTESIAN_POINT('',(-0.0330053881484655,0.0222462034376891,0.0232));
#11113=CARTESIAN_POINT('',(-0.0330053881484655,0.0222462034376891,0.0222));
#11114=CARTESIAN_POINT('',(-0.0330053881484655,0.0222462034376891,0.0222));
#11115=CARTESIAN_POINT('',(-0.0330053881484655,0.0222462034376891,0.0222));
#11116=CARTESIAN_POINT('',(-0.0330053881484655,0.0227446601765959,0.0222));
#11117=CARTESIAN_POINT('',(-0.0332069081776713,0.0230034302140988,0.0222));
#11118=CARTESIAN_POINT('',(-0.0332069081776713,0.0214813433268398,0.0222));
#11119=CARTESIAN_POINT('',(-0.0332069081776713,0.0214813433268398,0.0232));
#11120=CARTESIAN_POINT('',(-0.0330725614915341,0.021655383352063,0.0222));
#11121=CARTESIAN_POINT('',(-0.0330725614915341,0.021655383352063,0.0232));
#11122=CARTESIAN_POINT('',(-0.0330053881484655,0.0219103367223461,0.0222));
#11123=CARTESIAN_POINT('',(-0.0330053881484655,0.0219103367223461,0.0232));
#11124=CARTESIAN_POINT('',(-0.0330053881484655,0.0222462034376891,0.0222));
#11125=CARTESIAN_POINT('',(-0.0330053881484655,0.0222462034376891,0.0232));
#11126=CARTESIAN_POINT('',(-0.0332069081776713,0.0214813433268398,0.0232));
#11127=CARTESIAN_POINT('',(-0.0330053881484655,0.0217424033646746,0.0232));
#11128=CARTESIAN_POINT('',(-0.0330053881484655,0.0222462034376891,0.0232));
#11129=CARTESIAN_POINT('',(-0.0332069081776713,0.0214813433268398,0.0232));
#11130=CARTESIAN_POINT('',(-0.0332069081776713,0.0214813433268398,0.0222));
#11131=CARTESIAN_POINT('',(-0.0332069081776713,0.0214813433268398,0.0222));
#11132=CARTESIAN_POINT('',(-0.0332069081776713,0.0214813433268398,0.0222));
#11133=CARTESIAN_POINT('',(-0.0330053881484655,0.0217424033646746,0.0222));
#11134=CARTESIAN_POINT('',(-0.0330053881484655,0.0222462034376891,0.0222));
#11135=CARTESIAN_POINT('',(-0.0337977282632974,0.021220283289005,0.0222));
#11136=CARTESIAN_POINT('',(-0.0337977282632974,0.021220283289005,0.0232));
#11137=CARTESIAN_POINT('',(-0.0335381948923505,0.021220283289005,0.0222));
#11138=CARTESIAN_POINT('',(-0.0335381948923505,0.021220283289005,0.0232));
#11139=CARTESIAN_POINT('',(-0.0333412548638085,0.0213073033016166,0.0222));
#11140=CARTESIAN_POINT('',(-0.0333412548638085,0.0213073033016166,0.0232));
#11141=CARTESIAN_POINT('',(-0.0332069081776713,0.0214813433268398,0.0222));
#11142=CARTESIAN_POINT('',(-0.0332069081776713,0.0214813433268398,0.0232));
#11143=CARTESIAN_POINT('',(-0.0337977282632974,0.021220283289005,0.0232));
#11144=CARTESIAN_POINT('',(-0.0334084282068771,0.021220283289005,0.0232));
#11145=CARTESIAN_POINT('',(-0.0332069081776713,0.0214813433268398,0.0232));
#11146=CARTESIAN_POINT('',(-0.0337977282632974,0.021220283289005,0.0232));
#11147=CARTESIAN_POINT('',(-0.0337977282632974,0.021220283289005,0.0222));
#11148=CARTESIAN_POINT('',(-0.0337977282632974,0.021220283289005,0.0222));
#11149=CARTESIAN_POINT('',(-0.0337977282632974,0.021220283289005,0.0222));
#11150=CARTESIAN_POINT('',(-0.0334084282068771,0.021220283289005,0.0222));
#11151=CARTESIAN_POINT('',(-0.0332069081776713,0.0214813433268398,0.0222));
#11152=CARTESIAN_POINT('',(-0.0325954780890582,0.0222462034376891,0.0222));
#11153=CARTESIAN_POINT('',(-0.0325954780890582,0.0222462034376891,0.0232));
#11154=CARTESIAN_POINT('',(-0.0325954780890582,0.021819754486996,0.0222));
#11155=CARTESIAN_POINT('',(-0.0325954780890582,0.021819754486996,0.0232));
#11156=CARTESIAN_POINT('',(-0.0327027264379348,0.0214868138831882,0.0222));
#11157=CARTESIAN_POINT('',(-0.0327027264379348,0.0214868138831882,0.0232));
#11158=CARTESIAN_POINT('',(-0.0329172231356879,0.0212473816262656,0.0222));
#11159=CARTESIAN_POINT('',(-0.0329172231356879,0.0212473816262656,0.0232));
#11160=CARTESIAN_POINT('',(-0.0325954780890582,0.0222462034376891,0.0222));
#11161=CARTESIAN_POINT('',(-0.0325954780890582,0.0222462034376891,0.0222));
#11162=CARTESIAN_POINT('',(-0.0325954780890582,0.0222462034376891,0.0222));
#11163=CARTESIAN_POINT('',(-0.0325954780890582,0.0216065300116494,0.0222));
#11164=CARTESIAN_POINT('',(-0.0329172231356879,0.0212473816262656,0.0222));
#11165=CARTESIAN_POINT('',(-0.0329172231356879,0.0212473816262656,0.0222));
#11166=CARTESIAN_POINT('',(-0.0329172231356879,0.0212473816262656,0.0222));
#11167=CARTESIAN_POINT('',(-0.0329187498025759,0.0232335752474531,0.0222));
#11168=CARTESIAN_POINT('',(-0.0329187498025759,0.0232335752474531,0.0232));
#11169=CARTESIAN_POINT('',(-0.0327032353268975,0.0229900718788294,0.0222));
#11170=CARTESIAN_POINT('',(-0.0327032353268975,0.0229900718788294,0.0232));
#11171=CARTESIAN_POINT('',(-0.0325954780890582,0.0226609479422414,0.0222));
#11172=CARTESIAN_POINT('',(-0.0325954780890582,0.0226609479422414,0.0232));
#11173=CARTESIAN_POINT('',(-0.0325954780890582,0.0222462034376891,0.0222));
#11174=CARTESIAN_POINT('',(-0.0325954780890582,0.0222462034376891,0.0232));
#11175=CARTESIAN_POINT('',(-0.0329187498025759,0.0232335752474531,0.0222));
#11176=CARTESIAN_POINT('',(-0.0329187498025759,0.0232335752474531,0.0222));
#11177=CARTESIAN_POINT('',(-0.0329187498025759,0.0232335752474531,0.0222));
#11178=CARTESIAN_POINT('',(-0.0325954780890582,0.0228683201945176,0.0222));
#11179=CARTESIAN_POINT('',(-0.0325954780890582,0.0222462034376891,0.0222));
#11180=CARTESIAN_POINT('',(-0.0337900949288578,0.0235988303003887,0.0222));
#11181=CARTESIAN_POINT('',(-0.0337900949288578,0.0235988303003887,0.0232));
#11182=CARTESIAN_POINT('',(-0.0334247126536816,0.0235988303003887,0.0222));
#11183=CARTESIAN_POINT('',(-0.0334247126536816,0.0235988303003887,0.0232));
#11184=CARTESIAN_POINT('',(-0.0331342642782543,0.0234770786160768,0.0222));
#11185=CARTESIAN_POINT('',(-0.0331342642782543,0.0234770786160768,0.0232));
#11186=CARTESIAN_POINT('',(-0.0329187498025759,0.0232335752474531,0.0222));
#11187=CARTESIAN_POINT('',(-0.0329187498025759,0.0232335752474531,0.0232));
#11188=CARTESIAN_POINT('',(-0.0337900949288578,0.0235988303003887,0.0222));
#11189=CARTESIAN_POINT('',(-0.0337900949288578,0.0235988303003887,0.0222));
#11190=CARTESIAN_POINT('',(-0.0337900949288578,0.0235988303003887,0.0222));
#11191=CARTESIAN_POINT('',(-0.0332420215160936,0.0235988303003887,0.0222));
#11192=CARTESIAN_POINT('',(-0.0329187498025759,0.0232335752474531,0.0222));
#11193=CARTESIAN_POINT('',(-0.0346778517241848,0.0232419719153367,0.0222));
#11194=CARTESIAN_POINT('',(-0.0346778517241848,0.0232419719153367,0.0232));
#11195=CARTESIAN_POINT('',(-0.0344646272488383,0.0234798775053713,0.0222));
#11196=CARTESIAN_POINT('',(-0.0344646272488383,0.0234798775053713,0.0232));
#11197=CARTESIAN_POINT('',(-0.0341687083170626,0.0235988303003887,0.0222));
#11198=CARTESIAN_POINT('',(-0.0341687083170626,0.0235988303003887,0.0232));
#11199=CARTESIAN_POINT('',(-0.0337900949288578,0.0235988303003887,0.0222));
#11200=CARTESIAN_POINT('',(-0.0337900949288578,0.0235988303003887,0.0232));
#11201=CARTESIAN_POINT('',(-0.0346778517241848,0.0232419719153367,0.0222));
#11202=CARTESIAN_POINT('',(-0.0346778517241848,0.0232419719153367,0.0222));
#11203=CARTESIAN_POINT('',(-0.0346778517241848,0.0232419719153367,0.0222));
#11204=CARTESIAN_POINT('',(-0.034358015011165,0.0235988303003887,0.0222));
#11205=CARTESIAN_POINT('',(-0.0337900949288578,0.0235988303003887,0.0222));
#11206=CARTESIAN_POINT('',(-0.0349976884372047,0.0222462034376891,0.0222));
#11207=CARTESIAN_POINT('',(-0.0349976884372047,0.0222462034376891,0.0232));
#11208=CARTESIAN_POINT('',(-0.0349976884372047,0.0226721434994195,0.0222));
#11209=CARTESIAN_POINT('',(-0.0349976884372047,0.0226721434994195,0.0232));
#11210=CARTESIAN_POINT('',(-0.0348910761995314,0.0230040663253021,0.0222));
#11211=CARTESIAN_POINT('',(-0.0348910761995314,0.0230040663253021,0.0232));
#11212=CARTESIAN_POINT('',(-0.0346778517241848,0.0232419719153367,0.0222));
#11213=CARTESIAN_POINT('',(-0.0346778517241848,0.0232419719153367,0.0232));
#11214=CARTESIAN_POINT('',(-0.0349976884372047,0.0222462034376891,0.0222));
#11215=CARTESIAN_POINT('',(-0.0349976884372047,0.0222462034376891,0.0222));
#11216=CARTESIAN_POINT('',(-0.0349976884372047,0.0222462034376891,0.0222));
#11217=CARTESIAN_POINT('',(-0.0349976884372047,0.0228851135302847,0.0222));
#11218=CARTESIAN_POINT('',(-0.0346778517241848,0.0232419719153367,0.0222));
#11219=CARTESIAN_POINT('',(-0.0348496017490762,0.0215256166665895,0.0222));
#11220=CARTESIAN_POINT('',(-0.0348496017490762,0.0215256166665895,0.0232));
#11221=CARTESIAN_POINT('',(-0.0349483262078285,0.0217306989185339,0.0222));
#11222=CARTESIAN_POINT('',(-0.0349483262078285,0.0217306989185339,0.0232));
#11223=CARTESIAN_POINT('',(-0.0349976884372047,0.0219708945089004,0.0222));
#11224=CARTESIAN_POINT('',(-0.0349976884372047,0.0219708945089004,0.0232));
#11225=CARTESIAN_POINT('',(-0.0349976884372047,0.0222462034376891,0.0222));
#11226=CARTESIAN_POINT('',(-0.0349976884372047,0.0222462034376891,0.0232));
#11227=CARTESIAN_POINT('',(-0.0348496017490762,0.0215256166665895,0.0222));
#11228=CARTESIAN_POINT('',(-0.0348496017490762,0.0215256166665895,0.0222));
#11229=CARTESIAN_POINT('',(-0.0348496017490762,0.0215256166665895,0.0222));
#11230=CARTESIAN_POINT('',(-0.0349976884372047,0.021833240044506,0.0222));
#11231=CARTESIAN_POINT('',(-0.0349976884372047,0.0222462034376891,0.0222));
#11232=CARTESIAN_POINT('',(-0.0338591543515801,0.0219801028054277,0.0222));
#11233=CARTESIAN_POINT('',(-0.0344297683548974,0.0210531132647775,0.0222));
#11234=CARTESIAN_POINT('',(-0.0344299443749819,0.0210528225902855,0.0222));
#11235=CARTESIAN_POINT('',(-0.0338591543515801,0.0219801028054277,0.0222));
#11236=CARTESIAN_POINT('',(-0.0338315134240808,0.0220656468700833,0.0222));
#11237=CARTESIAN_POINT('',(-0.033806888264625,0.0208882332408818,0.0222));
#11238=CARTESIAN_POINT('',(-0.033806888264625,0.0208882332408818,0.0222));
#11239=CARTESIAN_POINT('',(-0.0338315134240808,0.0220656468700833,0.0222));
#11240=CARTESIAN_POINT('',(-0.0329172231356879,0.0212473816262656,0.0222));
#11241=CARTESIAN_POINT('',(-0.0329172231356879,0.0212473816262656,0.0232));
#11242=CARTESIAN_POINT('',(-0.0331317198334411,0.0210079493693431,0.0222));
#11243=CARTESIAN_POINT('',(-0.0331317198334411,0.0210079493693431,0.0232));
#11244=CARTESIAN_POINT('',(-0.0334282748764201,0.0208882332408818,0.0222));
#11245=CARTESIAN_POINT('',(-0.0334282748764201,0.0208882332408818,0.0232));
#11246=CARTESIAN_POINT('',(-0.033806888264625,0.0208882332408818,0.0222));
#11247=CARTESIAN_POINT('',(-0.033806888264625,0.0208882332408818,0.0232));
#11248=CARTESIAN_POINT('',(-0.0329172231356879,0.0212473816262656,0.0222));
#11249=CARTESIAN_POINT('',(-0.0332389681823177,0.0208882332408818,0.0222));
#11250=CARTESIAN_POINT('',(-0.033806888264625,0.0208882332408818,0.0222));
#11251=CARTESIAN_POINT('',(-0.0343866400153136,0.0214824883270057,0.0222));
#11252=CARTESIAN_POINT('',(-0.0343866400153136,0.0214824883270057,0.0232));
#11253=CARTESIAN_POINT('',(-0.0342530566626204,0.0213076849683386,0.0222));
#11254=CARTESIAN_POINT('',(-0.0342530566626204,0.0213076849683386,0.0232));
#11255=CARTESIAN_POINT('',(-0.0340567527452816,0.021220283289005,0.0222));
#11256=CARTESIAN_POINT('',(-0.0340567527452816,0.021220283289005,0.0232));
#11257=CARTESIAN_POINT('',(-0.0337977282632974,0.021220283289005,0.0222));
#11258=CARTESIAN_POINT('',(-0.0337977282632974,0.021220283289005,0.0232));
#11259=CARTESIAN_POINT('',(-0.0343866400153136,0.0214824883270057,0.0232));
#11260=CARTESIAN_POINT('',(-0.0341862649862738,0.021220283289005,0.0232));
#11261=CARTESIAN_POINT('',(-0.0337977282632974,0.021220283289005,0.0232));
#11262=CARTESIAN_POINT('',(-0.0343866400153136,0.0214824883270057,0.0222));
#11263=CARTESIAN_POINT('',(-0.0341862649862738,0.021220283289005,0.0222));
#11264=CARTESIAN_POINT('',(-0.0337977282632974,0.021220283289005,0.0222));
#11265=CARTESIAN_POINT('',(-0.035336010574676,0.0221931616239257,0.0222));
#11266=CARTESIAN_POINT('',(-0.041176109332628,0.0212157032883413,0.0222));
#11267=CARTESIAN_POINT('',(-0.041176109332628,0.0212157032883413,0.0232));
#11268=CARTESIAN_POINT('',(-0.0409292981857472,0.0212157032883413,0.0222));
#11269=CARTESIAN_POINT('',(-0.0409292981857472,0.0212157032883413,0.0232));
#11270=CARTESIAN_POINT('',(-0.0407355387132216,0.0212832582981318,0.0222));
#11271=CARTESIAN_POINT('',(-0.0407355387132216,0.0212832582981318,0.0232));
#11272=CARTESIAN_POINT('',(-0.0405948309150514,0.021418368317713,0.0222));
#11273=CARTESIAN_POINT('',(-0.0405948309150514,0.021418368317713,0.0232));
#11274=CARTESIAN_POINT('',(-0.041176109332628,0.0212157032883413,0.0232));
#11275=CARTESIAN_POINT('',(-0.0408058926123068,0.0212157032883413,0.0232));
#11276=CARTESIAN_POINT('',(-0.0405948309150514,0.021418368317713,0.0232));
#11277=CARTESIAN_POINT('',(-0.041176109332628,0.0212157032883413,0.0232));
#11278=CARTESIAN_POINT('',(-0.0405948309150514,0.021418368317713,0.0232));
#11279=CARTESIAN_POINT('',(-0.041176109332628,0.0212157032883413,0.0222));
#11280=CARTESIAN_POINT('',(-0.041176109332628,0.0212157032883413,0.0222));
#11281=CARTESIAN_POINT('',(-0.041176109332628,0.0212157032883413,0.0222));
#11282=CARTESIAN_POINT('',(-0.0408058926123068,0.0212157032883413,0.0222));
#11283=CARTESIAN_POINT('',(-0.0405948309150514,0.021418368317713,0.0222));
#11284=CARTESIAN_POINT('',(-0.0405948309150514,0.021418368317713,0.0222));
#11285=CARTESIAN_POINT('',(-0.0405948309150514,0.021418368317713,0.0222));
#11286=CARTESIAN_POINT('',(-0.0415394560519536,0.0213275316378816,0.0222));
#11287=CARTESIAN_POINT('',(-0.0415394560519536,0.0213275316378816,0.0232));
#11288=CARTESIAN_POINT('',(-0.0414529449283047,0.0212529794048547,0.0222));
#11289=CARTESIAN_POINT('',(-0.0414529449283047,0.0212529794048547,0.0232));
#11290=CARTESIAN_POINT('',(-0.0413318293551961,0.0212157032883413,0.0222));
#11291=CARTESIAN_POINT('',(-0.0413318293551961,0.0212157032883413,0.0232));
#11292=CARTESIAN_POINT('',(-0.041176109332628,0.0212157032883413,0.0222));
#11293=CARTESIAN_POINT('',(-0.041176109332628,0.0212157032883413,0.0232));
#11294=CARTESIAN_POINT('',(-0.0415394560519536,0.0213275316378816,0.0232));
#11295=CARTESIAN_POINT('',(-0.0414096893664802,0.0212157032883413,0.0232));
#11296=CARTESIAN_POINT('',(-0.041176109332628,0.0212157032883413,0.0232));
#11297=CARTESIAN_POINT('',(-0.0415394560519536,0.0213275316378816,0.0232));
#11298=CARTESIAN_POINT('',(-0.0415394560519536,0.0213275316378816,0.0222));
#11299=CARTESIAN_POINT('',(-0.0415394560519536,0.0213275316378816,0.0222));
#11300=CARTESIAN_POINT('',(-0.0415394560519536,0.0213275316378816,0.0222));
#11301=CARTESIAN_POINT('',(-0.0414096893664802,0.0212157032883413,0.0222));
#11302=CARTESIAN_POINT('',(-0.041176109332628,0.0212157032883413,0.0222));
#11303=CARTESIAN_POINT('',(-0.041669222737427,0.0216546200186191,0.0222));
#11304=CARTESIAN_POINT('',(-0.041669222737427,0.0216546200186191,0.0232));
#11305=CARTESIAN_POINT('',(-0.041669222737427,0.0215111133311543,0.0222));
#11306=CARTESIAN_POINT('',(-0.041669222737427,0.0215111133311543,0.0232));
#11307=CARTESIAN_POINT('',(-0.0416259671756026,0.0214020838709085,0.0222));
#11308=CARTESIAN_POINT('',(-0.0416259671756026,0.0214020838709085,0.0232));
#11309=CARTESIAN_POINT('',(-0.0415394560519536,0.0213275316378816,0.0222));
#11310=CARTESIAN_POINT('',(-0.0415394560519536,0.0213275316378816,0.0232));
#11311=CARTESIAN_POINT('',(-0.041669222737427,0.0216546200186191,0.0232));
#11312=CARTESIAN_POINT('',(-0.041669222737427,0.0214393599874219,0.0232));
#11313=CARTESIAN_POINT('',(-0.0415394560519536,0.0213275316378816,0.0232));
#11314=CARTESIAN_POINT('',(-0.041669222737427,0.0216546200186191,0.0232));
#11315=CARTESIAN_POINT('',(-0.041669222737427,0.0216546200186191,0.0222));
#11316=CARTESIAN_POINT('',(-0.041669222737427,0.0216546200186191,0.0222));
#11317=CARTESIAN_POINT('',(-0.041669222737427,0.0216546200186191,0.0222));
#11318=CARTESIAN_POINT('',(-0.041669222737427,0.0214393599874219,0.0222));
#11319=CARTESIAN_POINT('',(-0.0415394560519536,0.0213275316378816,0.0222));
#11320=CARTESIAN_POINT('',(-0.0414608327072256,0.0220588050771966,0.0222));
#11321=CARTESIAN_POINT('',(-0.0414608327072256,0.0220588050771966,0.0232));
#11322=CARTESIAN_POINT('',(-0.0415997593940266,0.0219720395090663,0.0222));
#11323=CARTESIAN_POINT('',(-0.0415997593940266,0.0219720395090663,0.0232));
#11324=CARTESIAN_POINT('',(-0.041669222737427,0.0218373111562071,0.0222));
#11325=CARTESIAN_POINT('',(-0.041669222737427,0.0218373111562071,0.0232));
#11326=CARTESIAN_POINT('',(-0.041669222737427,0.0216546200186191,0.0222));
#11327=CARTESIAN_POINT('',(-0.041669222737427,0.0216546200186191,0.0232));
#11328=CARTESIAN_POINT('',(-0.0414608327072256,0.0220588050771966,0.0232));
#11329=CARTESIAN_POINT('',(-0.041669222737427,0.0219286567250012,0.0232));
#11330=CARTESIAN_POINT('',(-0.041669222737427,0.0216546200186191,0.0232));
#11331=CARTESIAN_POINT('',(-0.0414608327072256,0.0220588050771966,0.0232));
#11332=CARTESIAN_POINT('',(-0.0414608327072256,0.0220588050771966,0.0222));
#11333=CARTESIAN_POINT('',(-0.0414608327072256,0.0220588050771966,0.0222));
#11334=CARTESIAN_POINT('',(-0.0414608327072256,0.0220588050771966,0.0222));
#11335=CARTESIAN_POINT('',(-0.041669222737427,0.0219286567250012,0.0222));
#11336=CARTESIAN_POINT('',(-0.041669222737427,0.0216546200186191,0.0222));
#11337=CARTESIAN_POINT('',(-0.040779939275212,0.0222057467651591,0.0222));
#11338=CARTESIAN_POINT('',(-0.040779939275212,0.0222057467651591,0.0232));
#11339=CARTESIAN_POINT('',(-0.0410949415430868,0.022194551207981,0.0222));
#11340=CARTESIAN_POINT('',(-0.0410949415430868,0.022194551207981,0.0232));
#11341=CARTESIAN_POINT('',(-0.0413219060204246,0.0221455706453269,0.0222));
#11342=CARTESIAN_POINT('',(-0.0413219060204246,0.0221455706453269,0.0232));
#11343=CARTESIAN_POINT('',(-0.0414608327072256,0.0220588050771966,0.0222));
#11344=CARTESIAN_POINT('',(-0.0414608327072256,0.0220588050771966,0.0232));
#11345=CARTESIAN_POINT('',(-0.040779939275212,0.0222057467651591,0.0232));
#11346=CARTESIAN_POINT('',(-0.0412524426770242,0.022188953429392,0.0232));
#11347=CARTESIAN_POINT('',(-0.0414608327072256,0.0220588050771966,0.0232));
#11348=CARTESIAN_POINT('',(-0.040779939275212,0.0222057467651591,0.0232));
#11349=CARTESIAN_POINT('',(-0.040779939275212,0.0222057467651591,0.0222));
#11350=CARTESIAN_POINT('',(-0.040779939275212,0.0222057467651591,0.0222));
#11351=CARTESIAN_POINT('',(-0.040779939275212,0.0222057467651591,0.0222));
#11352=CARTESIAN_POINT('',(-0.0412524426770242,0.022188953429392,0.0222));
#11353=CARTESIAN_POINT('',(-0.0414608327072256,0.0220588050771966,0.0222));
#11354=CARTESIAN_POINT('',(-0.0405818542465041,0.0222137617663208,0.0222));
#11355=CARTESIAN_POINT('',(-0.0405818542465041,0.0222137617663208,0.0232));
#11356=CARTESIAN_POINT('',(-0.0403837692177961,0.0222217767674824,0.0232));
#11357=CARTESIAN_POINT('',(-0.0403837692177961,0.0222217767674824,0.0222));
#11358=CARTESIAN_POINT('',(-0.0403837692177961,0.0222217767674824,0.0222));
#11359=CARTESIAN_POINT('',(-0.0405818542465041,0.0222137617663208,0.0222));
#11360=CARTESIAN_POINT('',(-0.0403837692177961,0.0221038417503903,0.0222));
#11361=CARTESIAN_POINT('',(-0.0403837692177961,0.0221038417503903,0.0232));
#11362=CARTESIAN_POINT('',(-0.0403837692177961,0.0219859067332982,0.0232));
#11363=CARTESIAN_POINT('',(-0.0403837692177961,0.0219859067332982,0.0222));
#11364=CARTESIAN_POINT('',(-0.0403837692177961,0.0219859067332982,0.0222));
#11365=CARTESIAN_POINT('',(-0.0403837692177961,0.0221038417503903,0.0222));
#11366=CARTESIAN_POINT('',(-0.0403207942086693,0.021122576608178,0.0222));
#11367=CARTESIAN_POINT('',(-0.0402814825363053,0.0209363232478514,0.0222));
#11368=CARTESIAN_POINT('',(-0.0402814825363053,0.0209363232478514,0.0222));
#11369=CARTESIAN_POINT('',(-0.0403207942086693,0.021122576608178,0.0222));
#11370=CARTESIAN_POINT('',(-0.0403671812609815,0.021314933558072,0.0222));
#11371=CARTESIAN_POINT('',(-0.0403671812609815,0.021314933558072,0.0222));
#11372=CARTESIAN_POINT('',(-0.0401345408483427,0.0209363232478514,0.0222));
#11373=CARTESIAN_POINT('',(-0.0399875991603802,0.0209363232478514,0.0222));
#11374=CARTESIAN_POINT('',(-0.0399875991603802,0.0209363232478514,0.0222));
#11375=CARTESIAN_POINT('',(-0.0401345408483427,0.0209363232478514,0.0222));
#11376=CARTESIAN_POINT('',(-0.0399875991603802,0.0218286600438422,0.0222));
#11377=CARTESIAN_POINT('',(-0.0399875991603802,0.0227209968398331,0.0222));
#11378=CARTESIAN_POINT('',(-0.0399875991603802,0.0227209968398331,0.0222));
#11379=CARTESIAN_POINT('',(-0.0399875991603802,0.0218286600438422,0.0222));
#11380=CARTESIAN_POINT('',(-0.0402131641930707,0.0233862419362454,0.0222));
#11381=CARTESIAN_POINT('',(-0.0402131641930707,0.0233862419362454,0.0232));
#11382=CARTESIAN_POINT('',(-0.0400627875046103,0.0232480785828884,0.0222));
#11383=CARTESIAN_POINT('',(-0.0400627875046103,0.0232480785828884,0.0232));
#11384=CARTESIAN_POINT('',(-0.0399875991603802,0.0230263302174176,0.0222));
#11385=CARTESIAN_POINT('',(-0.0399875991603802,0.0230263302174176,0.0232));
#11386=CARTESIAN_POINT('',(-0.0399875991603802,0.0227209968398331,0.0222));
#11387=CARTESIAN_POINT('',(-0.0399875991603802,0.0227209968398331,0.0232));
#11388=CARTESIAN_POINT('',(-0.0402131641930707,0.0233862419362454,0.0222));
#11389=CARTESIAN_POINT('',(-0.0402131641930707,0.0233862419362454,0.0222));
#11390=CARTESIAN_POINT('',(-0.0402131641930707,0.0233862419362454,0.0222));
#11391=CARTESIAN_POINT('',(-0.0399875991603802,0.0231789969062099,0.0222));
#11392=CARTESIAN_POINT('',(-0.0399875991603802,0.0227209968398331,0.0222));
#11393=CARTESIAN_POINT('',(-0.0409058892934656,0.0235934869662809,0.0222));
#11394=CARTESIAN_POINT('',(-0.0409058892934656,0.0235934869662809,0.0232));
#11395=CARTESIAN_POINT('',(-0.0405944492483294,0.0235934869662809,0.0222));
#11396=CARTESIAN_POINT('',(-0.0405944492483294,0.0235934869662809,0.0232));
#11397=CARTESIAN_POINT('',(-0.0403635408815311,0.0235244052896024,0.0222));
#11398=CARTESIAN_POINT('',(-0.0403635408815311,0.0235244052896024,0.0232));
#11399=CARTESIAN_POINT('',(-0.0402131641930707,0.0233862419362454,0.0222));
#11400=CARTESIAN_POINT('',(-0.0402131641930707,0.0233862419362454,0.0232));
#11401=CARTESIAN_POINT('',(-0.0409058892934656,0.0235934869662809,0.0222));
#11402=CARTESIAN_POINT('',(-0.0409058892934656,0.0235934869662809,0.0222));
#11403=CARTESIAN_POINT('',(-0.0409058892934656,0.0235934869662809,0.0222));
#11404=CARTESIAN_POINT('',(-0.0404387292257613,0.0235934869662809,0.0222));
#11405=CARTESIAN_POINT('',(-0.0402131641930707,0.0233862419362454,0.0222));
#11406=CARTESIAN_POINT('',(-0.0409035376209074,0.0217552710070137,0.0222));
#11407=CARTESIAN_POINT('',(-0.0413680876937843,0.023533946957652,0.0222));
#11408=CARTESIAN_POINT('',(-0.0413680637352067,0.0235338533459678,0.0222));
#11409=CARTESIAN_POINT('',(-0.0409035376209074,0.0217552710070137,0.0222));
#11410=CARTESIAN_POINT('',(-0.04091088893554,0.0217226449869636,0.0222));
#11411=CARTESIAN_POINT('',(-0.0417914247099538,0.0233700005288958,0.0222));
#11412=CARTESIAN_POINT('',(-0.0417914247086829,0.0233700005284341,0.0222));
#11413=CARTESIAN_POINT('',(-0.04091088893554,0.0217226449869636,0.0222));
#11414=CARTESIAN_POINT('',(-0.041730289412944,0.0232183085785739,0.0222));
#11415=CARTESIAN_POINT('',(-0.041669222737427,0.0230667868899475,0.0222));
#11416=CARTESIAN_POINT('',(-0.041669222737427,0.0230667868899475,0.0222));
#11417=CARTESIAN_POINT('',(-0.041730289412944,0.0232183085785739,0.0222));
#11418=CARTESIAN_POINT('',(-0.0409303159636724,0.0232667802522654,0.0222));
#11419=CARTESIAN_POINT('',(-0.0409303159636724,0.0232667802522654,0.0232));
#11420=CARTESIAN_POINT('',(-0.0411481204396828,0.0232667802522654,0.0222));
#11421=CARTESIAN_POINT('',(-0.0411481204396828,0.0232667802522654,0.0232));
#11422=CARTESIAN_POINT('',(-0.0413944226976009,0.0232001157981595,0.0222));
#11423=CARTESIAN_POINT('',(-0.0413944226976009,0.0232001157981595,0.0232));
#11424=CARTESIAN_POINT('',(-0.041669222737427,0.0230667868899475,0.0222));
#11425=CARTESIAN_POINT('',(-0.041669222737427,0.0230667868899475,0.0232));
#11426=CARTESIAN_POINT('',(-0.0409303159636724,0.0232667802522654,0.0222));
#11427=CARTESIAN_POINT('',(-0.0409303159636724,0.0232667802522654,0.0222));
#11428=CARTESIAN_POINT('',(-0.0409303159636724,0.0232667802522654,0.0222));
#11429=CARTESIAN_POINT('',(-0.0412570226776879,0.0232667802522654,0.0222));
#11430=CARTESIAN_POINT('',(-0.041669222737427,0.0230667868899475,0.0222));
#11431=CARTESIAN_POINT('',(-0.0405066659022739,0.0231202202310248,0.0222));
#11432=CARTESIAN_POINT('',(-0.0405066659022739,0.0231202202310248,0.0232));
#11433=CARTESIAN_POINT('',(-0.0405947036928108,0.0232179269118519,0.0222));
#11434=CARTESIAN_POINT('',(-0.0405947036928108,0.0232179269118519,0.0232));
#11435=CARTESIAN_POINT('',(-0.0407359203799436,0.0232667802522654,0.0222));
#11436=CARTESIAN_POINT('',(-0.0407359203799436,0.0232667802522654,0.0232));
#11437=CARTESIAN_POINT('',(-0.0409303159636724,0.0232667802522654,0.0222));
#11438=CARTESIAN_POINT('',(-0.0409303159636724,0.0232667802522654,0.0232));
#11439=CARTESIAN_POINT('',(-0.0405066659022739,0.0231202202310248,0.0222));
#11440=CARTESIAN_POINT('',(-0.0405066659022739,0.0231202202310248,0.0222));
#11441=CARTESIAN_POINT('',(-0.0405066659022739,0.0231202202310248,0.0222));
#11442=CARTESIAN_POINT('',(-0.0406387225880792,0.0232667802522654,0.0222));
#11443=CARTESIAN_POINT('',(-0.0409303159636724,0.0232667802522654,0.0222));
#11444=CARTESIAN_POINT('',(-0.0403746092164686,0.0226660368318678,0.0222));
#11445=CARTESIAN_POINT('',(-0.0403746092164686,0.0226660368318678,0.0232));
#11446=CARTESIAN_POINT('',(-0.0403746092164686,0.0228711190838121,0.0222));
#11447=CARTESIAN_POINT('',(-0.0403746092164686,0.0228711190838121,0.0232));
#11448=CARTESIAN_POINT('',(-0.040418628111737,0.0230225135501978,0.0222));
#11449=CARTESIAN_POINT('',(-0.040418628111737,0.0230225135501978,0.0232));
#11450=CARTESIAN_POINT('',(-0.0405066659022739,0.0231202202310248,0.0222));
#11451=CARTESIAN_POINT('',(-0.0405066659022739,0.0231202202310248,0.0232));
#11452=CARTESIAN_POINT('',(-0.0403746092164686,0.0226660368318678,0.0222));
#11453=CARTESIAN_POINT('',(-0.0403746092164686,0.0226660368318678,0.0222));
#11454=CARTESIAN_POINT('',(-0.0403746092164686,0.0226660368318678,0.0222));
#11455=CARTESIAN_POINT('',(-0.0403746092164686,0.0229736602097843,0.0222));
#11456=CARTESIAN_POINT('',(-0.0405066659022739,0.0231202202310248,0.0222));
#11457=CARTESIAN_POINT('',(-0.0403746092164686,0.0225847418200859,0.0222));
#11458=CARTESIAN_POINT('',(-0.0403746092164686,0.0225034468083041,0.0222));
#11459=CARTESIAN_POINT('',(-0.0403746092164686,0.0225034468083041,0.0222));
#11460=CARTESIAN_POINT('',(-0.0403746092164686,0.0225847418200859,0.0222));
#11461=CARTESIAN_POINT('',(-0.0405963575819394,0.0224961951405865,0.0222));
#11462=CARTESIAN_POINT('',(-0.0408181059474101,0.0224889434728688,0.0222));
#11463=CARTESIAN_POINT('',(-0.0408181059474101,0.0224889434728688,0.0222));
#11464=CARTESIAN_POINT('',(-0.0405963575819394,0.0224961951405865,0.0222));
#11465=CARTESIAN_POINT('',(-0.042084476130942,0.0216592000192828,0.0222));
#11466=CARTESIAN_POINT('',(-0.042084476130942,0.0216592000192828,0.0232));
#11467=CARTESIAN_POINT('',(-0.042084476130942,0.0221869178735414,0.0222));
#11468=CARTESIAN_POINT('',(-0.042084476130942,0.0221869178735414,0.0232));
#11469=CARTESIAN_POINT('',(-0.0416623527364314,0.0224634990247368,0.0222));
#11470=CARTESIAN_POINT('',(-0.0416623527364314,0.0224634990247368,0.0232));
#11471=CARTESIAN_POINT('',(-0.0408181059474101,0.0224889434728688,0.0222));
#11472=CARTESIAN_POINT('',(-0.0408181059474101,0.0224889434728688,0.0232));
#11473=CARTESIAN_POINT('',(-0.042084476130942,0.0216592000192828,0.0222));
#11474=CARTESIAN_POINT('',(-0.042084476130942,0.0216592000192828,0.0222));
#11475=CARTESIAN_POINT('',(-0.042084476130942,0.0216592000192828,0.0222));
#11476=CARTESIAN_POINT('',(-0.042084476130942,0.0224507768006708,0.0222));
#11477=CARTESIAN_POINT('',(-0.0408181059474101,0.0224889434728688,0.0222));
#11478=CARTESIAN_POINT('',(-0.0418638727656372,0.0210889899366437,0.0222));
#11479=CARTESIAN_POINT('',(-0.0418638727656372,0.0210889899366437,0.0232));
#11480=CARTESIAN_POINT('',(-0.0420109416758404,0.0212228277338182,0.0222));
#11481=CARTESIAN_POINT('',(-0.0420109416758404,0.0212228277338182,0.0232));
#11482=CARTESIAN_POINT('',(-0.042084476130942,0.0214128977613646,0.0222));
#11483=CARTESIAN_POINT('',(-0.042084476130942,0.0214128977613646,0.0232));
#11484=CARTESIAN_POINT('',(-0.042084476130942,0.0216592000192828,0.0222));
#11485=CARTESIAN_POINT('',(-0.042084476130942,0.0216592000192828,0.0232));
#11486=CARTESIAN_POINT('',(-0.0418638727656372,0.0210889899366437,0.0222));
#11487=CARTESIAN_POINT('',(-0.0418638727656372,0.0210889899366437,0.0222));
#11488=CARTESIAN_POINT('',(-0.0418638727656372,0.0210889899366437,0.0222));
#11489=CARTESIAN_POINT('',(-0.042084476130942,0.0212897466324055,0.0222));
#11490=CARTESIAN_POINT('',(-0.042084476130942,0.0216592000192828,0.0222));
#11491=CARTESIAN_POINT('',(-0.041254732677356,0.0208882332408818,0.0222));
#11492=CARTESIAN_POINT('',(-0.041254732677356,0.0208882332408818,0.0232));
#11493=CARTESIAN_POINT('',(-0.0415137571593402,0.0208882332408818,0.0222));
#11494=CARTESIAN_POINT('',(-0.0415137571593402,0.0208882332408818,0.0232));
#11495=CARTESIAN_POINT('',(-0.041716803855434,0.0209551521394691,0.0222));
#11496=CARTESIAN_POINT('',(-0.041716803855434,0.0209551521394691,0.0232));
#11497=CARTESIAN_POINT('',(-0.0418638727656372,0.0210889899366437,0.0222));
#11498=CARTESIAN_POINT('',(-0.0418638727656372,0.0210889899366437,0.0232));
#11499=CARTESIAN_POINT('',(-0.041254732677356,0.0208882332408818,0.0222));
#11500=CARTESIAN_POINT('',(-0.041254732677356,0.0208882332408818,0.0222));
#11501=CARTESIAN_POINT('',(-0.041254732677356,0.0208882332408818,0.0222));
#11502=CARTESIAN_POINT('',(-0.0416432694003324,0.0208882332408818,0.0222));
#11503=CARTESIAN_POINT('',(-0.0418638727656372,0.0210889899366437,0.0222));
#11504=CARTESIAN_POINT('',(-0.0407688709402746,0.0209756349202154,0.0222));
#11505=CARTESIAN_POINT('',(-0.0407688709402746,0.0209756349202154,0.0232));
#11506=CARTESIAN_POINT('',(-0.0408983831812667,0.020917367133993,0.0222));
#11507=CARTESIAN_POINT('',(-0.0408983831812667,0.020917367133993,0.0232));
#11508=CARTESIAN_POINT('',(-0.0410603370936272,0.0208882332408818,0.0222));
#11509=CARTESIAN_POINT('',(-0.0410603370936272,0.0208882332408818,0.0232));
#11510=CARTESIAN_POINT('',(-0.041254732677356,0.0208882332408818,0.0222));
#11511=CARTESIAN_POINT('',(-0.041254732677356,0.0208882332408818,0.0232));
#11512=CARTESIAN_POINT('',(-0.0407688709402746,0.0209756349202154,0.0222));
#11513=CARTESIAN_POINT('',(-0.0407688709402746,0.0209756349202154,0.0222));
#11514=CARTESIAN_POINT('',(-0.0407688709402746,0.0209756349202154,0.0222));
#11515=CARTESIAN_POINT('',(-0.0409631393017628,0.0208882332408818,0.0222));
#11516=CARTESIAN_POINT('',(-0.041254732677356,0.0208882332408818,0.0222));
#11517=CARTESIAN_POINT('',(-0.0403715655053398,0.0213184191684935,0.0222));
#11518=CARTESIAN_POINT('',(-0.0403715655053398,0.0213184191684935,0.0232));
#11519=CARTESIAN_POINT('',(-0.0405043823170407,0.021151360522528,0.0222));
#11520=CARTESIAN_POINT('',(-0.0405043823170407,0.021151360522528,0.0232));
#11521=CARTESIAN_POINT('',(-0.0406368323520804,0.021035039314511,0.0222));
#11522=CARTESIAN_POINT('',(-0.0406368323520804,0.021035039314511,0.0232));
#11523=CARTESIAN_POINT('',(-0.0407688709402746,0.0209756349202154,0.0222));
#11524=CARTESIAN_POINT('',(-0.0407688709402746,0.0209756349202154,0.0232));
#11525=CARTESIAN_POINT('',(-0.0403715655053398,0.0213184191684935,0.0222));
#11526=CARTESIAN_POINT('',(-0.0403753773612361,0.021313624568499,0.0222));
#11527=CARTESIAN_POINT('',(-0.0403791892171323,0.0213088299685046,0.0222));
#11528=CARTESIAN_POINT('',(-0.0405746025787865,0.021063036599549,0.0222));
#11529=CARTESIAN_POINT('',(-0.0407688709402746,0.0209756349202154,0.0222));
#11530=CARTESIAN_POINT('',(-0.0405948309150514,0.021418368317713,0.0222));
#11531=CARTESIAN_POINT('',(-0.0405948309150514,0.021418368317713,0.0232));
#11532=CARTESIAN_POINT('',(-0.0404541231168812,0.0215534783372942,0.0222));
#11533=CARTESIAN_POINT('',(-0.0404541231168812,0.0215534783372942,0.0232));
#11534=CARTESIAN_POINT('',(-0.0403837692177961,0.0217426578091559,0.0222));
#11535=CARTESIAN_POINT('',(-0.0403837692177961,0.0217426578091559,0.0232));
#11536=CARTESIAN_POINT('',(-0.0403837692177961,0.0219859067332982,0.0222));
#11537=CARTESIAN_POINT('',(-0.0403837692177961,0.0219859067332982,0.0232));
#11538=CARTESIAN_POINT('',(-0.0405948309150514,0.021418368317713,0.0232));
#11539=CARTESIAN_POINT('',(-0.0403837692177961,0.0216210333470847,0.0232));
#11540=CARTESIAN_POINT('',(-0.0403837692177961,0.0219859067332982,0.0232));
#11541=CARTESIAN_POINT('',(-0.0405948309150514,0.021418368317713,0.0222));
#11542=CARTESIAN_POINT('',(-0.0403837692177961,0.0216210333470847,0.0222));
#11543=CARTESIAN_POINT('',(-0.0403837692177961,0.0219859067332982,0.0222));
#11544=CARTESIAN_POINT('',(-0.035336010574676,0.0221931616239257,0.0222));
#11545=CARTESIAN_POINT('',(-0.0410911815943421,0.0104363232478514,0.0222));
#11546=CARTESIAN_POINT('',(-0.0408166590248977,0.0104363232478514,0.0222));
#11547=CARTESIAN_POINT('',(-0.0408166590248977,0.0104363232478514,0.0222));
#11548=CARTESIAN_POINT('',(-0.0410911815943421,0.0104363232478514,0.0222));
#11549=CARTESIAN_POINT('',(-0.0413657041637865,0.0104363232478514,0.0222));
#11550=CARTESIAN_POINT('',(-0.0413657041637865,0.0104363232478514,0.0222));
#11551=CARTESIAN_POINT('',(-0.0408166590248977,0.0129151643936847,0.0222));
#11552=CARTESIAN_POINT('',(-0.0408166590248977,0.015394005539518,0.0222));
#11553=CARTESIAN_POINT('',(-0.0408166590248977,0.015394005539518,0.0222));
#11554=CARTESIAN_POINT('',(-0.0408166590248977,0.0129151643936847,0.0222));
#11555=CARTESIAN_POINT('',(-0.0410537466985088,0.015394005539518,0.0222));
#11556=CARTESIAN_POINT('',(-0.0412908343721199,0.015394005539518,0.0222));
#11557=CARTESIAN_POINT('',(-0.0412908343721199,0.015394005539518,0.0222));
#11558=CARTESIAN_POINT('',(-0.0410537466985088,0.015394005539518,0.0222));
#11559=CARTESIAN_POINT('',(-0.0419467588512865,0.0148867355742403,0.0222));
#11560=CARTESIAN_POINT('',(-0.0426026833304533,0.0143794656089625,0.0222));
#11561=CARTESIAN_POINT('',(-0.0426026833304533,0.0143794656089625,0.0222));
#11562=CARTESIAN_POINT('',(-0.0419467588512865,0.0148867355742403,0.0222));
#11563=CARTESIAN_POINT('',(-0.0424534862818421,0.0141863232478514,0.0222));
#11564=CARTESIAN_POINT('',(-0.0423044961405407,0.0139934487376576,0.0222));
#11565=CARTESIAN_POINT('',(-0.0423044961405407,0.0139934487376576,0.0222));
#11566=CARTESIAN_POINT('',(-0.0424534862818421,0.0141863232478514,0.0222));
#11567=CARTESIAN_POINT('',(-0.0913603712225301,0.0747734707633788,0.0222));
#11568=CARTESIAN_POINT('',(-0.0414975401012865,0.0146545307131292,0.0222));
#11569=CARTESIAN_POINT('',(-0.0414973533468872,0.0146542983252824,0.0222));
#11570=CARTESIAN_POINT('',(-0.0913603712225301,0.0747734707633788,0.0222));
#11571=CARTESIAN_POINT('',(-0.0434770043638643,0.0169249665526599,0.0222));
#11572=CARTESIAN_POINT('',(-0.0413387359172141,0.0148034911098487,0.0222));
#11573=CARTESIAN_POINT('',(-0.0413387359172815,0.0148034911098791,0.0222));
#11574=CARTESIAN_POINT('',(-0.0434770043638643,0.0169249665526599,0.0222));
#11575=CARTESIAN_POINT('',(-0.0292117894454511,0.0139959044860545,0.0222));
#11576=CARTESIAN_POINT('',(-0.0413657041637865,0.0139693093589625,0.0222));
#11577=CARTESIAN_POINT('',(-0.0413656358031613,0.0139693095085488,0.02220000025));
#11578=CARTESIAN_POINT('',(-0.0292117894454511,0.0139959044860545,0.0222));
#11579=CARTESIAN_POINT('',(-0.0413657041637865,0.0122028163034069,0.0222));
#11580=CARTESIAN_POINT('',(-0.0413657041637865,0.0122028163034069,0.0222));
#11581=CARTESIAN_POINT('',(-0.035336010574676,0.0221931616239257,0.0222));
#11582=CARTESIAN_POINT('',(-0.0460141416637866,0.0122945046714625,0.0222));
#11583=CARTESIAN_POINT('',(-0.0453088465248977,0.0104363232478514,0.0222));
#11584=CARTESIAN_POINT('',(-0.0453088465248977,0.0104363232478514,0.0222));
#11585=CARTESIAN_POINT('',(-0.0460141416637866,0.0122945046714625,0.0222));
#11586=CARTESIAN_POINT('',(-0.0467194368026755,0.0141526860950736,0.0222));
#11587=CARTESIAN_POINT('',(-0.0467194368026755,0.0141526860950736,0.0222));
#11588=CARTESIAN_POINT('',(-0.044980070483231,0.0104363232478514,0.0222));
#11589=CARTESIAN_POINT('',(-0.0446512944415643,0.0104363232478514,0.0222));
#11590=CARTESIAN_POINT('',(-0.0446512944415643,0.0104363232478514,0.0222));
#11591=CARTESIAN_POINT('',(-0.044980070483231,0.0104363232478514,0.0222));
#11592=CARTESIAN_POINT('',(-0.0439459993026754,0.0122945046714625,0.0222));
#11593=CARTESIAN_POINT('',(-0.0432407041637866,0.0141526860950736,0.0222));
#11594=CARTESIAN_POINT('',(-0.0432407041637866,0.0141526860950736,0.0222));
#11595=CARTESIAN_POINT('',(-0.0439459993026754,0.0122945046714625,0.0222));
#11596=CARTESIAN_POINT('',(-0.0435423534693421,0.0141526860950736,0.0222));
#11597=CARTESIAN_POINT('',(-0.0438436212860834,0.0141526860950736,0.0222));
#11598=CARTESIAN_POINT('',(-0.0438436212860834,0.0141526860950736,0.0222));
#11599=CARTESIAN_POINT('',(-0.0435423534693421,0.0141526860950736,0.0222));
#11600=CARTESIAN_POINT('',(0.29164448255418,-0.10853565164298,0.0222));
#11601=CARTESIAN_POINT('',(-0.0447337597193422,0.0116890359214625,0.0222));
#11602=CARTESIAN_POINT('',(-0.0447337597193422,0.0116890359214625,0.0222));
#11603=CARTESIAN_POINT('',(0.29164448255418,-0.10853565164298,0.0222));
#11604=CARTESIAN_POINT('',(-0.0449692197887865,0.0109452208172958,0.0222));
#11605=CARTESIAN_POINT('',(-0.0449692197887865,0.0109452208172958,0.0232));
#11606=CARTESIAN_POINT('',(-0.0449446248813792,0.0110645784561847,0.0222));
#11607=CARTESIAN_POINT('',(-0.0449446248813792,0.0110645784561847,0.0232));
#11608=CARTESIAN_POINT('',(-0.0448661381915644,0.0113125168242403,0.0222));
#11609=CARTESIAN_POINT('',(-0.0448661381915644,0.0113125168242403,0.0232));
#11610=CARTESIAN_POINT('',(-0.0447337597193422,0.0116890359214625,0.0222));
#11611=CARTESIAN_POINT('',(-0.0447337597193422,0.0116890359214625,0.0232));
#11612=CARTESIAN_POINT('',(-0.0449692197887865,0.0109452208172958,0.0222));
#11613=CARTESIAN_POINT('',(-0.0449692197887865,0.0109452208172958,0.0222));
#11614=CARTESIAN_POINT('',(-0.0449692197887865,0.0109452208172958,0.0222));
#11615=CARTESIAN_POINT('',(-0.0449323274276755,0.0111242572756292,0.0222));
#11616=CARTESIAN_POINT('',(-0.0447337597193422,0.0116890359214625,0.0222));
#11617=CARTESIAN_POINT('',(-0.0449827831568421,0.0109452208172958,0.0222));
#11618=CARTESIAN_POINT('',(-0.0449963465248977,0.0109452208172958,0.0222));
#11619=CARTESIAN_POINT('',(-0.0449963465248977,0.0109452208172958,0.0222));
#11620=CARTESIAN_POINT('',(-0.0449827831568421,0.0109452208172958,0.0222));
#11621=CARTESIAN_POINT('',(-0.0453153569415643,0.0119489100534069,0.0222));
#11622=CARTESIAN_POINT('',(-0.0453153569415643,0.0119489100534069,0.0232));
#11623=CARTESIAN_POINT('',(-0.0451345120341569,0.011433140377481,0.0222));
#11624=CARTESIAN_POINT('',(-0.0451345120341569,0.011433140377481,0.0232));
#11625=CARTESIAN_POINT('',(-0.0450281752286014,0.0110985772987773,0.0222));
#11626=CARTESIAN_POINT('',(-0.0450281752286014,0.0110985772987773,0.0232));
#11627=CARTESIAN_POINT('',(-0.0449963465248977,0.0109452208172958,0.0222));
#11628=CARTESIAN_POINT('',(-0.0449963465248977,0.0109452208172958,0.0232));
#11629=CARTESIAN_POINT('',(-0.0453153569415643,0.0119489100534069,0.0222));
#11630=CARTESIAN_POINT('',(-0.0453153569415643,0.0119489100534069,0.0222));
#11631=CARTESIAN_POINT('',(-0.0453153569415643,0.0119489100534069,0.0222));
#11632=CARTESIAN_POINT('',(-0.0450440895804532,0.011175255539518,0.0222));
#11633=CARTESIAN_POINT('',(-0.0449963465248977,0.0109452208172958,0.0222));
#11634=CARTESIAN_POINT('',(-0.0457157475665643,0.0130507980742403,0.0222));
#11635=CARTESIAN_POINT('',(-0.0461161381915643,0.0141526860950736,0.0222));
#11636=CARTESIAN_POINT('',(-0.0461161381915643,0.0141526860950736,0.0222));
#11637=CARTESIAN_POINT('',(-0.0457157475665643,0.0130507980742403,0.0222));
#11638=CARTESIAN_POINT('',(-0.0464177874971199,0.0141526860950736,0.0222));
#11639=CARTESIAN_POINT('',(-0.0464177874971199,0.0141526860950736,0.0222));
#11640=CARTESIAN_POINT('',(-0.035336010574676,0.0221931616239257,0.0222));
#11641=CARTESIAN_POINT('',(-0.0325706965908714,0.0274397352297359,0.0222));
#11642=CARTESIAN_POINT('',(-0.0322464296798417,0.0274397352297359,0.0222));
#11643=CARTESIAN_POINT('',(-0.0322464296798417,0.0274397352297359,0.0222));
#11644=CARTESIAN_POINT('',(-0.0325706965908714,0.0274397352297359,0.0222));
#11645=CARTESIAN_POINT('',(-0.032894963501901,0.0274397352297359,0.0222));
#11646=CARTESIAN_POINT('',(-0.032894963501901,0.0274397352297359,0.0222));
#11647=CARTESIAN_POINT('',(-0.0322464296798417,0.0295796469258372,0.0222));
#11648=CARTESIAN_POINT('',(-0.0322464296798417,0.0317195586219386,0.0222));
#11649=CARTESIAN_POINT('',(-0.0322464296798417,0.0317195586219386,0.0222));
#11650=CARTESIAN_POINT('',(-0.0322464296798417,0.0295796469258372,0.0222));
#11651=CARTESIAN_POINT('',(-0.0325706965908714,0.0317195586219386,0.0222));
#11652=CARTESIAN_POINT('',(-0.032894963501901,0.0317195586219386,0.0222));
#11653=CARTESIAN_POINT('',(-0.032894963501901,0.0317195586219386,0.0222));
#11654=CARTESIAN_POINT('',(-0.0325706965908714,0.0317195586219386,0.0222));
#11655=CARTESIAN_POINT('',(-0.032894963501901,0.0295796469258372,0.0222));
#11656=CARTESIAN_POINT('',(-0.032894963501901,0.0295796469258372,0.0222));
#11657=CARTESIAN_POINT('',(-0.035336010574676,0.0221931616239257,0.0222));
#11658=CARTESIAN_POINT('',(-0.0329499451746768,0.0328791720841178,0.0222));
#11659=CARTESIAN_POINT('',(-0.0329499451746768,0.0328791720841178,0.0232));
#11660=CARTESIAN_POINT('',(-0.0329499451746768,0.0330274559894827,0.0222));
#11661=CARTESIAN_POINT('',(-0.0329499451746768,0.0330274559894827,0.0232));
#11662=CARTESIAN_POINT('',(-0.0329134989900716,0.033136169751562,0.0222));
#11663=CARTESIAN_POINT('',(-0.0329134989900716,0.033136169751562,0.0232));
#11664=CARTESIAN_POINT('',(-0.0328406066208614,0.0332053133703557,0.0222));
#11665=CARTESIAN_POINT('',(-0.0328406066208614,0.0332053133703557,0.0232));
#11666=CARTESIAN_POINT('',(-0.0329499451746768,0.0328791720841178,0.0222));
#11667=CARTESIAN_POINT('',(-0.0329499451746768,0.0328791720841178,0.0222));
#11668=CARTESIAN_POINT('',(-0.0329499451746768,0.0328791720841178,0.0222));
#11669=CARTESIAN_POINT('',(-0.0329499451746768,0.0331015979421651,0.0222));
#11670=CARTESIAN_POINT('',(-0.0328406066208614,0.0332053133703557,0.0222));
#11671=CARTESIAN_POINT('',(-0.0328406066208614,0.0332053133703557,0.0222));
#11672=CARTESIAN_POINT('',(-0.0328406066208614,0.0332053133703557,0.0222));
#11673=CARTESIAN_POINT('',(-0.0328406066208614,0.0325530307978799,0.0222));
#11674=CARTESIAN_POINT('',(-0.0328406066208614,0.0325530307978799,0.0232));
#11675=CARTESIAN_POINT('',(-0.0329134989900716,0.032624673583618,0.0222));
#11676=CARTESIAN_POINT('',(-0.0329134989900716,0.032624673583618,0.0232));
#11677=CARTESIAN_POINT('',(-0.0329499451746768,0.0327333873456973,0.0222));
#11678=CARTESIAN_POINT('',(-0.0329499451746768,0.0327333873456973,0.0232));
#11679=CARTESIAN_POINT('',(-0.0329499451746768,0.0328791720841178,0.0222));
#11680=CARTESIAN_POINT('',(-0.0329499451746768,0.0328791720841178,0.0232));
#11681=CARTESIAN_POINT('',(-0.0328406066208614,0.0325530307978799,0.0222));
#11682=CARTESIAN_POINT('',(-0.0328406066208614,0.0325530307978799,0.0222));
#11683=CARTESIAN_POINT('',(-0.0328406066208614,0.0325530307978799,0.0222));
#11684=CARTESIAN_POINT('',(-0.0329499451746768,0.032660494976487,0.0222));
#11685=CARTESIAN_POINT('',(-0.0329499451746768,0.0328791720841178,0.0222));
#11686=CARTESIAN_POINT('',(-0.0325786948462417,0.0328206759577096,0.0222));
#11687=CARTESIAN_POINT('',(-0.0325663230487188,0.0324455666192728,0.0222));
#11688=CARTESIAN_POINT('',(-0.0325663399683175,0.0324458699693333,0.0222));
#11689=CARTESIAN_POINT('',(-0.0325786948462417,0.0328206759577096,0.0222));
#11690=CARTESIAN_POINT('',(-0.0325605351679312,0.0328222324650571,0.0222));
#11691=CARTESIAN_POINT('',(-0.0322970378104648,0.0325530307978799,0.0222));
#11692=CARTESIAN_POINT('',(-0.0322970378104648,0.0325530307978799,0.0222));
#11693=CARTESIAN_POINT('',(-0.0325605351679312,0.0328222324650571,0.0222));
#11694=CARTESIAN_POINT('',(-0.0321839505062329,0.0328791720841178,0.0222));
#11695=CARTESIAN_POINT('',(-0.0321839505062329,0.0328791720841178,0.0232));
#11696=CARTESIAN_POINT('',(-0.0321839505062329,0.0327333873456973,0.0222));
#11697=CARTESIAN_POINT('',(-0.0321839505062329,0.0327333873456973,0.0232));
#11698=CARTESIAN_POINT('',(-0.0322216462743102,0.032624673583618,0.0222));
#11699=CARTESIAN_POINT('',(-0.0322216462743102,0.032624673583618,0.0232));
#11700=CARTESIAN_POINT('',(-0.0322970378104648,0.0325530307978799,0.0222));
#11701=CARTESIAN_POINT('',(-0.0322970378104648,0.0325530307978799,0.0232));
#11702=CARTESIAN_POINT('',(-0.0321839505062329,0.0328791720841178,0.0222));
#11703=CARTESIAN_POINT('',(-0.0321839505062329,0.0328791720841178,0.0222));
#11704=CARTESIAN_POINT('',(-0.0321839505062329,0.0328791720841178,0.0222));
#11705=CARTESIAN_POINT('',(-0.0321839505062329,0.032660494976487,0.0222));
#11706=CARTESIAN_POINT('',(-0.0322970378104648,0.0325530307978799,0.0222));
#11707=CARTESIAN_POINT('',(-0.0322970378104648,0.0332034389951475,0.0222));
#11708=CARTESIAN_POINT('',(-0.0322970378104648,0.0332034389951475,0.0232));
#11709=CARTESIAN_POINT('',(-0.0322216462743102,0.0331330457928816,0.0222));
#11710=CARTESIAN_POINT('',(-0.0322216462743102,0.0331330457928816,0.0232));
#11711=CARTESIAN_POINT('',(-0.0321839505062329,0.0330249568225383,0.0222));
#11712=CARTESIAN_POINT('',(-0.0321839505062329,0.0330249568225383,0.0232));
#11713=CARTESIAN_POINT('',(-0.0321839505062329,0.0328791720841178,0.0222));
#11714=CARTESIAN_POINT('',(-0.0321839505062329,0.0328791720841178,0.0232));
#11715=CARTESIAN_POINT('',(-0.0322970378104648,0.0332034389951475,0.0222));
#11716=CARTESIAN_POINT('',(-0.0322970378104648,0.0332034389951475,0.0222));
#11717=CARTESIAN_POINT('',(-0.0322970378104648,0.0332034389951475,0.0222));
#11718=CARTESIAN_POINT('',(-0.0321839505062329,0.0330978491917486,0.0222));
#11719=CARTESIAN_POINT('',(-0.0321839505062329,0.0328791720841178,0.0222));
#11720=CARTESIAN_POINT('',(-0.0325599572960376,0.0329287205634569,0.0222));
#11721=CARTESIAN_POINT('',(-0.0325663230487188,0.0333090287985463,0.0222));
#11722=CARTESIAN_POINT('',(-0.0325663282657018,0.0333086943961909,0.0222));
#11723=CARTESIAN_POINT('',(-0.0325599572960376,0.0329287205634569,0.0222));
#11724=CARTESIAN_POINT('',(-0.0325797516238068,0.0329263248571472,0.0222));
#11725=CARTESIAN_POINT('',(-0.0325797516238068,0.0329263248571472,0.0222));
#11726=CARTESIAN_POINT('',(-0.035336010574676,0.0221931616239257,0.0222));
#11727=CARTESIAN_POINT('',(-0.0305476209494185,0.0274397352297359,0.0222));
#11728=CARTESIAN_POINT('',(-0.0302233540383889,0.0274397352297359,0.0222));
#11729=CARTESIAN_POINT('',(-0.0302233540383889,0.0274397352297359,0.0222));
#11730=CARTESIAN_POINT('',(-0.0305476209494185,0.0274397352297359,0.0222));
#11731=CARTESIAN_POINT('',(-0.0308718878604482,0.0274397352297359,0.0222));
#11732=CARTESIAN_POINT('',(-0.0308718878604482,0.0274397352297359,0.0222));
#11733=CARTESIAN_POINT('',(-0.0302233540383889,0.0304780974423317,0.0222));
#11734=CARTESIAN_POINT('',(-0.0302233540383889,0.0335164596549275,0.0222));
#11735=CARTESIAN_POINT('',(-0.0302233540383889,0.0335164596549275,0.0222));
#11736=CARTESIAN_POINT('',(-0.0302233540383889,0.0304780974423317,0.0222));
#11737=CARTESIAN_POINT('',(-0.0305476209494185,0.0335164596549275,0.0222));
#11738=CARTESIAN_POINT('',(-0.0308718878604482,0.0335164596549275,0.0222));
#11739=CARTESIAN_POINT('',(-0.0308718878604482,0.0335164596549275,0.0222));
#11740=CARTESIAN_POINT('',(-0.0305476209494185,0.0335164596549275,0.0222));
#11741=CARTESIAN_POINT('',(-0.0308718878604482,0.0304780974423317,0.0222));
#11742=CARTESIAN_POINT('',(-0.0308718878604482,0.0304780974423317,0.0222));
#11743=CARTESIAN_POINT('',(-0.035336010574676,0.0221931616239257,0.0222));
#11744=CARTESIAN_POINT('',(-0.0285245453079656,0.0274397352297359,0.0222));
#11745=CARTESIAN_POINT('',(-0.028200278396936,0.0274397352297359,0.0222));
#11746=CARTESIAN_POINT('',(-0.028200278396936,0.0274397352297359,0.0222));
#11747=CARTESIAN_POINT('',(-0.0285245453079656,0.0274397352297359,0.0222));
#11748=CARTESIAN_POINT('',(-0.0288488122189954,0.0274397352297359,0.0222));
#11749=CARTESIAN_POINT('',(-0.0288488122189954,0.0274397352297359,0.0222));
#11750=CARTESIAN_POINT('',(-0.028200278396936,0.0304780974423317,0.0222));
#11751=CARTESIAN_POINT('',(-0.028200278396936,0.0335164596549275,0.0222));
#11752=CARTESIAN_POINT('',(-0.028200278396936,0.0335164596549275,0.0222));
#11753=CARTESIAN_POINT('',(-0.028200278396936,0.0304780974423317,0.0222));
#11754=CARTESIAN_POINT('',(-0.0285245453079656,0.0335164596549275,0.0222));
#11755=CARTESIAN_POINT('',(-0.0288488122189954,0.0335164596549275,0.0222));
#11756=CARTESIAN_POINT('',(-0.0288488122189954,0.0335164596549275,0.0222));
#11757=CARTESIAN_POINT('',(-0.0285245453079656,0.0335164596549275,0.0222));
#11758=CARTESIAN_POINT('',(-0.0288488122189954,0.0304780974423317,0.0222));
#11759=CARTESIAN_POINT('',(-0.0288488122189954,0.0304780974423317,0.0222));
#11760=CARTESIAN_POINT('',(-0.035336010574676,0.0221931616239257,0.0222));
#11761=CARTESIAN_POINT('',(-0.035635609268657,0.0220652639278241,0.0222));
#11762=CARTESIAN_POINT('',(-0.0356533918655675,0.0235988303003887,0.0222));
#11763=CARTESIAN_POINT('',(-0.0356533898790709,0.0235986911947291,0.0222));
#11764=CARTESIAN_POINT('',(-0.035635609268657,0.0220652639278241,0.0222));
#11765=CARTESIAN_POINT('',(-0.0353411447360678,0.0235701159099661,0.0222));
#11766=CARTESIAN_POINT('',(-0.0353411447360678,0.0235701159099661,0.0222));
#11767=CARTESIAN_POINT('',(-0.0356578772589831,0.0228102560145852,0.0222));
#11768=CARTESIAN_POINT('',(-0.0361045219309487,0.0234602852803097,0.0222));
#11769=CARTESIAN_POINT('',(-0.0361045219309487,0.0234602852803097,0.0222));
#11770=CARTESIAN_POINT('',(-0.0356578772589831,0.0228102560145852,0.0222));
#11771=CARTESIAN_POINT('',(-0.0364597293005806,0.0230582833925942,0.0222));
#11772=CARTESIAN_POINT('',(-0.0364597293005806,0.0230582833925942,0.0232));
#11773=CARTESIAN_POINT('',(-0.0363614279580616,0.0232310868052345,0.0222));
#11774=CARTESIAN_POINT('',(-0.0363614279580616,0.0232310868052345,0.0232));
#11775=CARTESIAN_POINT('',(-0.036243695936937,0.023366381629429,0.0222));
#11776=CARTESIAN_POINT('',(-0.036243695936937,0.023366381629429,0.0232));
#11777=CARTESIAN_POINT('',(-0.0361045219309487,0.0234602852803097,0.0222));
#11778=CARTESIAN_POINT('',(-0.0361045219309487,0.0234602852803097,0.0232));
#11779=CARTESIAN_POINT('',(-0.0364661197375458,0.0230619186711072,0.0222));
#11780=CARTESIAN_POINT('',(-0.0364661197375458,0.0230619186711072,0.0222));
#11781=CARTESIAN_POINT('',(-0.0364597293005806,0.0230582833925942,0.0222));
#11782=CARTESIAN_POINT('',(-0.0364573106411538,0.0230625351412709,0.0222));
#11783=CARTESIAN_POINT('',(-0.036454891981727,0.0230667868899475,0.0222));
#11784=CARTESIAN_POINT('',(-0.0363098586273743,0.0233217402602307,0.0222));
#11785=CARTESIAN_POINT('',(-0.0361045219309487,0.0234602852803097,0.0222));
#11786=CARTESIAN_POINT('',(-0.0364968753211448,0.0233087635916833,0.0222));
#11787=CARTESIAN_POINT('',(-0.0365197753244637,0.0235507402934191,0.0222));
#11788=CARTESIAN_POINT('',(-0.0365197753244637,0.0235507402934191,0.0222));
#11789=CARTESIAN_POINT('',(-0.0364968753211448,0.0233087635916833,0.0222));
#11790=CARTESIAN_POINT('',(-0.0366831286814714,0.0235507402934191,0.0222));
#11791=CARTESIAN_POINT('',(-0.0368464820384791,0.0235507402934191,0.0222));
#11792=CARTESIAN_POINT('',(-0.0368464820384791,0.0235507402934191,0.0222));
#11793=CARTESIAN_POINT('',(-0.0366831286814714,0.0235507402934191,0.0222));
#11794=CARTESIAN_POINT('',(-0.0368464820384791,0.0222435317706353,0.0222));
#11795=CARTESIAN_POINT('',(-0.0368464820384791,0.0209363232478514,0.0222));
#11796=CARTESIAN_POINT('',(-0.0368464820384791,0.0209363232478514,0.0222));
#11797=CARTESIAN_POINT('',(-0.0368464820384791,0.0222435317706353,0.0222));
#11798=CARTESIAN_POINT('',(-0.0366483970097711,0.0209363232478514,0.0222));
#11799=CARTESIAN_POINT('',(-0.0364503119810631,0.0209363232478514,0.0222));
#11800=CARTESIAN_POINT('',(-0.0364503119810631,0.0209363232478514,0.0222));
#11801=CARTESIAN_POINT('',(-0.0366483970097711,0.0209363232478514,0.0222));
#11802=CARTESIAN_POINT('',(-0.0364503119810631,0.0216378266828519,0.0222));
#11803=CARTESIAN_POINT('',(-0.0364503119810631,0.0223393301178524,0.0222));
#11804=CARTESIAN_POINT('',(-0.0364503119810631,0.0223393301178524,0.0222));
#11805=CARTESIAN_POINT('',(-0.0364503119810631,0.0216378266828519,0.0222));
#11806=CARTESIAN_POINT('',(-0.0362251286150946,0.0229809118775019,0.0222));
#11807=CARTESIAN_POINT('',(-0.0362251286150946,0.0229809118775019,0.0232));
#11808=CARTESIAN_POINT('',(-0.0363752508590736,0.0228091618526106,0.0222));
#11809=CARTESIAN_POINT('',(-0.0363752508590736,0.0228091618526106,0.0232));
#11810=CARTESIAN_POINT('',(-0.0364503119810631,0.0225953012660608,0.0222));
#11811=CARTESIAN_POINT('',(-0.0364503119810631,0.0225953012660608,0.0232));
#11812=CARTESIAN_POINT('',(-0.0364503119810631,0.0223393301178524,0.0222));
#11813=CARTESIAN_POINT('',(-0.0364503119810631,0.0223393301178524,0.0232));
#11814=CARTESIAN_POINT('',(-0.0362251286150946,0.0229809118775019,0.0222));
#11815=CARTESIAN_POINT('',(-0.0362251286150946,0.0229809118775019,0.0222));
#11816=CARTESIAN_POINT('',(-0.0362251286150946,0.0229809118775019,0.0222));
#11817=CARTESIAN_POINT('',(-0.0364503119810631,0.022723286840165,0.0222));
#11818=CARTESIAN_POINT('',(-0.0364503119810631,0.0223393301178524,0.0222));
#11819=CARTESIAN_POINT('',(-0.035682398536438,0.0232385369148389,0.0222));
#11820=CARTESIAN_POINT('',(-0.035682398536438,0.0232385369148389,0.0232));
#11821=CARTESIAN_POINT('',(-0.0358940963448967,0.0232385369148389,0.0222));
#11822=CARTESIAN_POINT('',(-0.0358940963448967,0.0232385369148389,0.0232));
#11823=CARTESIAN_POINT('',(-0.0360750063711155,0.0231526619023932,0.0222));
#11824=CARTESIAN_POINT('',(-0.0360750063711155,0.0231526619023932,0.0232));
#11825=CARTESIAN_POINT('',(-0.0362251286150946,0.0229809118775019,0.0222));
#11826=CARTESIAN_POINT('',(-0.0362251286150946,0.0229809118775019,0.0232));
#11827=CARTESIAN_POINT('',(-0.035682398536438,0.0232385369148389,0.0222));
#11828=CARTESIAN_POINT('',(-0.035682398536438,0.0232385369148389,0.0222));
#11829=CARTESIAN_POINT('',(-0.035682398536438,0.0232385369148389,0.0222));
#11830=CARTESIAN_POINT('',(-0.035999945249126,0.0232385369148389,0.0222));
#11831=CARTESIAN_POINT('',(-0.0362251286150946,0.0229809118775019,0.0222));
#11832=CARTESIAN_POINT('',(-0.03571012580542,0.0218858228740152,0.0222));
#11833=CARTESIAN_POINT('',(-0.0353962017800579,0.0232023042688659,0.0222));
#11834=CARTESIAN_POINT('',(-0.0353961484949525,0.0232026602429727,0.0222));
#11835=CARTESIAN_POINT('',(-0.03571012580542,0.0218858228740152,0.0222));
#11836=CARTESIAN_POINT('',(-0.0353686684909699,0.0233862419362454,0.0222));
#11837=CARTESIAN_POINT('',(-0.0353686684909699,0.0233862419362454,0.0222));
#11838=CARTESIAN_POINT('',(-0.035336010574676,0.0221931616239257,0.0222));
#11839=CARTESIAN_POINT('',(-0.0381273555574463,0.0208882332408818,0.0222));
#11840=CARTESIAN_POINT('',(-0.0381273555574463,0.0208882332408818,0.0232));
#11841=CARTESIAN_POINT('',(-0.0385059689456511,0.0208882332408818,0.0222));
#11842=CARTESIAN_POINT('',(-0.0385059689456511,0.0208882332408818,0.0232));
#11843=CARTESIAN_POINT('',(-0.0387990889881323,0.0210047688133266,0.0222));
#11844=CARTESIAN_POINT('',(-0.0387990889881323,0.0210047688133266,0.0232));
#11845=CARTESIAN_POINT('',(-0.0390067156848898,0.0212378399582162,0.0222));
#11846=CARTESIAN_POINT('',(-0.0390067156848898,0.0212378399582162,0.0232));
#11847=CARTESIAN_POINT('',(-0.0381273555574463,0.0208882332408818,0.0222));
#11848=CARTESIAN_POINT('',(-0.0381273555574463,0.0208882332408818,0.0222));
#11849=CARTESIAN_POINT('',(-0.0381273555574463,0.0208882332408818,0.0222));
#11850=CARTESIAN_POINT('',(-0.0386952756397535,0.0208882332408818,0.0222));
#11851=CARTESIAN_POINT('',(-0.0390067156848898,0.0212378399582162,0.0222));
#11852=CARTESIAN_POINT('',(-0.0390067156848898,0.0212378399582162,0.0222));
#11853=CARTESIAN_POINT('',(-0.0390067156848898,0.0212378399582162,0.0222));
#11854=CARTESIAN_POINT('',(-0.0374670721284197,0.0210248699273509,0.0222));
#11855=CARTESIAN_POINT('',(-0.0374670721284197,0.0210248699273509,0.0232));
#11856=CARTESIAN_POINT('',(-0.0376416210426055,0.0209337788030382,0.0222));
#11857=CARTESIAN_POINT('',(-0.0376416210426055,0.0209337788030382,0.0232));
#11858=CARTESIAN_POINT('',(-0.0378617155189477,0.0208882332408818,0.0222));
#11859=CARTESIAN_POINT('',(-0.0378617155189477,0.0208882332408818,0.0232));
#11860=CARTESIAN_POINT('',(-0.0381273555574463,0.0208882332408818,0.0222));
#11861=CARTESIAN_POINT('',(-0.0381273555574463,0.0208882332408818,0.0232));
#11862=CARTESIAN_POINT('',(-0.0374670721284197,0.0210248699273509,0.0222));
#11863=CARTESIAN_POINT('',(-0.0374670721284197,0.0210248699273509,0.0222));
#11864=CARTESIAN_POINT('',(-0.0374670721284197,0.0210248699273509,0.0222));
#11865=CARTESIAN_POINT('',(-0.0377288954996984,0.0208882332408818,0.0222));
#11866=CARTESIAN_POINT('',(-0.0381273555574463,0.0208882332408818,0.0222));
#11867=CARTESIAN_POINT('',(-0.0374670721284197,0.0212000549527401,0.0222));
#11868=CARTESIAN_POINT('',(-0.0374670721284197,0.021376084147251,0.0222));
#11869=CARTESIAN_POINT('',(-0.0374670721284197,0.0213752399781292,0.0222));
#11870=CARTESIAN_POINT('',(-0.0374670721284197,0.0212000549527401,0.0222));
#11871=CARTESIAN_POINT('',(-0.0381613789489902,0.0230003303747686,0.0222));
#11872=CARTESIAN_POINT('',(-0.0381372788922178,0.0212347866244403,0.0222));
#11873=CARTESIAN_POINT('',(-0.0381372788922178,0.0212347866244403,0.0222));
#11874=CARTESIAN_POINT('',(-0.0381613789489902,0.0230003303747686,0.0222));
#11875=CARTESIAN_POINT('',(-0.0387132139756867,0.0214924116617773,0.0222));
#11876=CARTESIAN_POINT('',(-0.0387132139756867,0.0214924116617773,0.0232));
#11877=CARTESIAN_POINT('',(-0.0385837017346945,0.021320661636886,0.0222));
#11878=CARTESIAN_POINT('',(-0.0385837017346945,0.021320661636886,0.0232));
#11879=CARTESIAN_POINT('',(-0.0383917233735383,0.0212347866244403,0.0222));
#11880=CARTESIAN_POINT('',(-0.0383917233735383,0.0212347866244403,0.0232));
#11881=CARTESIAN_POINT('',(-0.0381372788922178,0.0212347866244403,0.0222));
#11882=CARTESIAN_POINT('',(-0.0381372788922178,0.0212347866244403,0.0232));
#11883=CARTESIAN_POINT('',(-0.0387132139756867,0.0214924116617773,0.0222));
#11884=CARTESIAN_POINT('',(-0.0387132139756867,0.0214924116617773,0.0222));
#11885=CARTESIAN_POINT('',(-0.0387132139756867,0.0214924116617773,0.0222));
#11886=CARTESIAN_POINT('',(-0.0385189456141985,0.0212347866244403,0.0222));
#11887=CARTESIAN_POINT('',(-0.0381372788922178,0.0212347866244403,0.0222));
#11888=CARTESIAN_POINT('',(-0.0389074823371748,0.0222317001022539,0.0222));
#11889=CARTESIAN_POINT('',(-0.0389074823371748,0.0222317001022539,0.0232));
#11890=CARTESIAN_POINT('',(-0.0389074823371748,0.0219105911668274,0.0222));
#11891=CARTESIAN_POINT('',(-0.0389074823371748,0.0219105911668274,0.0232));
#11892=CARTESIAN_POINT('',(-0.0388427262166787,0.0216641616866686,0.0222));
#11893=CARTESIAN_POINT('',(-0.0388427262166787,0.0216641616866686,0.0232));
#11894=CARTESIAN_POINT('',(-0.0387132139756867,0.0214924116617773,0.0222));
#11895=CARTESIAN_POINT('',(-0.0387132139756867,0.0214924116617773,0.0232));
#11896=CARTESIAN_POINT('',(-0.0389074823371748,0.0222317001022539,0.0222));
#11897=CARTESIAN_POINT('',(-0.0389074823371748,0.0222317001022539,0.0222));
#11898=CARTESIAN_POINT('',(-0.0389074823371748,0.0222317001022539,0.0222));
#11899=CARTESIAN_POINT('',(-0.0389074823371748,0.0217500366991142,0.0222));
#11900=CARTESIAN_POINT('',(-0.0387132139756867,0.0214924116617773,0.0222));
#11901=CARTESIAN_POINT('',(-0.0381105622216792,0.0232476969161664,0.0222));
#11902=CARTESIAN_POINT('',(-0.0381105622216792,0.0232476969161664,0.0232));
#11903=CARTESIAN_POINT('',(-0.0386418422986762,0.0232476969161664,0.0222));
#11904=CARTESIAN_POINT('',(-0.0386418422986762,0.0232476969161664,0.0232));
#11905=CARTESIAN_POINT('',(-0.0389074823371748,0.0229090313115289,0.0222));
#11906=CARTESIAN_POINT('',(-0.0389074823371748,0.0229090313115289,0.0232));
#11907=CARTESIAN_POINT('',(-0.0389074823371748,0.0222317001022539,0.0222));
#11908=CARTESIAN_POINT('',(-0.0389074823371748,0.0222317001022539,0.0232));
#11909=CARTESIAN_POINT('',(-0.0381105622216792,0.0232476969161664,0.0222));
#11910=CARTESIAN_POINT('',(-0.0381105622216792,0.0232476969161664,0.0222));
#11911=CARTESIAN_POINT('',(-0.0381105622216792,0.0232476969161664,0.0222));
#11912=CARTESIAN_POINT('',(-0.0389074823371748,0.0232476969161664,0.0222));
#11913=CARTESIAN_POINT('',(-0.0389074823371748,0.0222317001022539,0.0222));
#11914=CARTESIAN_POINT('',(-0.0381371618026035,0.0219524544221071,0.0222));
#11915=CARTESIAN_POINT('',(-0.037836525515297,0.0232133469111882,0.0222));
#11916=CARTESIAN_POINT('',(-0.0378365658110677,0.0232131797288313,0.0222));
#11917=CARTESIAN_POINT('',(-0.0381371618026035,0.0219524544221071,0.0222));
#11918=CARTESIAN_POINT('',(-0.0382246535374573,0.0214172468012823,0.0222));
#11919=CARTESIAN_POINT('',(-0.0375502344665983,0.023126440377657,0.0222));
#11920=CARTESIAN_POINT('',(-0.0375502344665983,0.023126440377657,0.0222));
#11921=CARTESIAN_POINT('',(-0.0382246535374573,0.0214172468012823,0.0222));
#11922=CARTESIAN_POINT('',(-0.0374895904650165,0.0232942602562481,0.0222));
#11923=CARTESIAN_POINT('',(-0.037428621153991,0.0234629803622307,0.0222));
#11924=CARTESIAN_POINT('',(-0.037428621153991,0.0234629803622307,0.0222));
#11925=CARTESIAN_POINT('',(-0.0374895904650165,0.0232942602562481,0.0222));
#11926=CARTESIAN_POINT('',(-0.0379581107555147,0.0223133879295359,0.0222));
#11927=CARTESIAN_POINT('',(-0.0377243154990347,0.0235579919611367,0.0222));
#11928=CARTESIAN_POINT('',(-0.0377243761664025,0.0235576460656953,0.0222));
#11929=CARTESIAN_POINT('',(-0.0379581107555147,0.0223133879295359,0.0222));
#11930=CARTESIAN_POINT('',(-0.0381034094050673,0.0218223967771611,0.0222));
#11931=CARTESIAN_POINT('',(-0.0381014022203516,0.0235988303003887,0.0222));
#11932=CARTESIAN_POINT('',(-0.0381014022203516,0.0235988303003887,0.0222));
#11933=CARTESIAN_POINT('',(-0.0381034094050673,0.0218223967771611,0.0222));
#11934=CARTESIAN_POINT('',(-0.039001754017504,0.0232408269151708,0.0222));
#11935=CARTESIAN_POINT('',(-0.039001754017504,0.0232408269151708,0.0232));
#11936=CARTESIAN_POINT('',(-0.0387908195424894,0.0234794958386494,0.0222));
#11937=CARTESIAN_POINT('',(-0.0387908195424894,0.0234794958386494,0.0232));
#11938=CARTESIAN_POINT('',(-0.0384907022767719,0.0235988303003887,0.0222));
#11939=CARTESIAN_POINT('',(-0.0384907022767719,0.0235988303003887,0.0232));
#11940=CARTESIAN_POINT('',(-0.0381014022203516,0.0235988303003887,0.0222));
#11941=CARTESIAN_POINT('',(-0.0381014022203516,0.0235988303003887,0.0232));
#11942=CARTESIAN_POINT('',(-0.039001754017504,0.0232408269151708,0.0222));
#11943=CARTESIAN_POINT('',(-0.039001754017504,0.0232408269151708,0.0222));
#11944=CARTESIAN_POINT('',(-0.039001754017504,0.0232408269151708,0.0222));
#11945=CARTESIAN_POINT('',(-0.0386853523049821,0.0235988303003887,0.0222));
#11946=CARTESIAN_POINT('',(-0.0381014022203516,0.0235988303003887,0.0222));
#11947=CARTESIAN_POINT('',(-0.0393181557300261,0.0222271201015901,0.0222));
#11948=CARTESIAN_POINT('',(-0.0393181557300261,0.0222271201015901,0.0232));
#11949=CARTESIAN_POINT('',(-0.0393181557300261,0.0226642557204986,0.0222));
#11950=CARTESIAN_POINT('',(-0.0393181557300261,0.0226642557204986,0.0232));
#11951=CARTESIAN_POINT('',(-0.0392126884925187,0.0230021579916922,0.0222));
#11952=CARTESIAN_POINT('',(-0.0392126884925187,0.0230021579916922,0.0232));
#11953=CARTESIAN_POINT('',(-0.039001754017504,0.0232408269151708,0.0222));
#11954=CARTESIAN_POINT('',(-0.039001754017504,0.0232408269151708,0.0232));
#11955=CARTESIAN_POINT('',(-0.0393181557300261,0.0222271201015901,0.0222));
#11956=CARTESIAN_POINT('',(-0.0393181557300261,0.0222271201015901,0.0222));
#11957=CARTESIAN_POINT('',(-0.0393181557300261,0.0222271201015901,0.0222));
#11958=CARTESIAN_POINT('',(-0.0393181557300261,0.0228828235299529,0.0222));
#11959=CARTESIAN_POINT('',(-0.039001754017504,0.0232408269151708,0.0222));
#11960=CARTESIAN_POINT('',(-0.0390067156848898,0.0212378399582162,0.0222));
#11961=CARTESIAN_POINT('',(-0.0390067156848898,0.0212378399582162,0.0232));
#11962=CARTESIAN_POINT('',(-0.0392143423816473,0.0214709111031057,0.0222));
#11963=CARTESIAN_POINT('',(-0.0392143423816473,0.0214709111031057,0.0232));
#11964=CARTESIAN_POINT('',(-0.0393181557300261,0.021800671150897,0.0222));
#11965=CARTESIAN_POINT('',(-0.0393181557300261,0.021800671150897,0.0232));
#11966=CARTESIAN_POINT('',(-0.0393181557300261,0.0222271201015901,0.0222));
#11967=CARTESIAN_POINT('',(-0.0393181557300261,0.0222271201015901,0.0232));
#11968=CARTESIAN_POINT('',(-0.0390067156848898,0.0212378399582162,0.0222));
#11969=CARTESIAN_POINT('',(-0.0393181557300261,0.0215874466755505,0.0222));
#11970=CARTESIAN_POINT('',(-0.0393181557300261,0.0222271201015901,0.0222));
#11971=CARTESIAN_POINT('',(-0.035336010574676,0.0221931616239257,0.0222));
#11972=CARTESIAN_POINT('',(-0.0452881865952479,0.0224820734718731,0.0222));
#11973=CARTESIAN_POINT('',(-0.0446966031761779,0.0209363232478514,0.0222));
#11974=CARTESIAN_POINT('',(-0.0446966031761779,0.0209363232478514,0.0222));
#11975=CARTESIAN_POINT('',(-0.0452881865952479,0.0224820734718731,0.0222));
#11976=CARTESIAN_POINT('',(-0.045890441229319,0.0240313666536143,0.0222));
#11977=CARTESIAN_POINT('',(-0.0458901667226864,0.0240301860549894,0.0222));
#11978=CARTESIAN_POINT('',(-0.0445332498191701,0.0209363232478514,0.0222));
#11979=CARTESIAN_POINT('',(-0.0443698964621623,0.0209363232478514,0.0222));
#11980=CARTESIAN_POINT('',(-0.0443698964621623,0.0209363232478514,0.0222));
#11981=CARTESIAN_POINT('',(-0.0445332498191701,0.0209363232478514,0.0222));
#11982=CARTESIAN_POINT('',(-0.0437733513757066,0.0224797834715413,0.0222));
#11983=CARTESIAN_POINT('',(-0.043166373550858,0.0240257864506823,0.0222));
#11984=CARTESIAN_POINT('',(-0.0431659952370458,0.024027042460658,0.0222));
#11985=CARTESIAN_POINT('',(-0.0437733513757066,0.0224797834715413,0.0222));
#11986=CARTESIAN_POINT('',(-0.0317086194665034,0.0231391894796891,0.0222));
#11987=CARTESIAN_POINT('',(-0.043191309624686,0.0231835769068736,0.0222));
#11988=CARTESIAN_POINT('',(-0.0431914227279733,0.0231835773440851,0.02220000025));
#11989=CARTESIAN_POINT('',(-0.0317086194665034,0.0231391894796891,0.0222));
#11990=CARTESIAN_POINT('',(-0.043191309624686,0.0220599500773625,0.0222));
#11991=CARTESIAN_POINT('',(-0.043191309624686,0.0209363232478514,0.0222));
#11992=CARTESIAN_POINT('',(-0.043191309624686,0.0209363232478514,0.0222));
#11993=CARTESIAN_POINT('',(-0.043191309624686,0.0220599500773625,0.0222));
#11994=CARTESIAN_POINT('',(-0.0429886445953142,0.0209363232478514,0.0222));
#11995=CARTESIAN_POINT('',(-0.0427859795659426,0.0209363232478514,0.0222));
#11996=CARTESIAN_POINT('',(-0.0427859795659426,0.0209363232478514,0.0222));
#11997=CARTESIAN_POINT('',(-0.0429886445953142,0.0209363232478514,0.0222));
#11998=CARTESIAN_POINT('',(-0.0427859795659426,0.0226801585005811,0.0222));
#11999=CARTESIAN_POINT('',(-0.0427859795659426,0.0244239937533109,0.0222));
#12000=CARTESIAN_POINT('',(-0.0427859795659426,0.0244239937533109,0.0222));
#12001=CARTESIAN_POINT('',(-0.0427859795659426,0.0226801585005811,0.0222));
#12002=CARTESIAN_POINT('',(-0.0430890229431952,0.0244239937533109,0.0222));
#12003=CARTESIAN_POINT('',(-0.0433920663204478,0.0244239937533109,0.0222));
#12004=CARTESIAN_POINT('',(-0.0433920663204478,0.0244239937533109,0.0222));
#12005=CARTESIAN_POINT('',(-0.0430890229431952,0.0244239937533109,0.0222));
#12006=CARTESIAN_POINT('',(-0.0439489180678176,0.0229854918781657,0.0222));
#12007=CARTESIAN_POINT('',(-0.0445153247986775,0.0215409994296465,0.0222));
#12008=CARTESIAN_POINT('',(-0.0445153247986775,0.0215409994296465,0.0222));
#12009=CARTESIAN_POINT('',(-0.0439489180678176,0.0229854918781657,0.0222));
#12010=CARTESIAN_POINT('',(-0.0450771248979926,0.0229854918781657,0.0222));
#12011=CARTESIAN_POINT('',(-0.0456293966446986,0.0244239937533109,0.0222));
#12012=CARTESIAN_POINT('',(-0.0456293966446986,0.0244239937533109,0.0222));
#12013=CARTESIAN_POINT('',(-0.0450771248979926,0.0229854918781657,0.0222));
#12014=CARTESIAN_POINT('',(-0.0459347300222832,0.0244239937533109,0.0222));
#12015=CARTESIAN_POINT('',(-0.0462400633998677,0.0244239937533109,0.0222));
#12016=CARTESIAN_POINT('',(-0.0462400633998677,0.0244239937533109,0.0222));
#12017=CARTESIAN_POINT('',(-0.0459347300222832,0.0244239937533109,0.0222));
#12018=CARTESIAN_POINT('',(-0.0462400633998677,0.0226801585005811,0.0222));
#12019=CARTESIAN_POINT('',(-0.0462400633998677,0.0209363232478514,0.0222));
#12020=CARTESIAN_POINT('',(-0.0462400633998677,0.0209363232478514,0.0222));
#12021=CARTESIAN_POINT('',(-0.0462400633998677,0.0226801585005811,0.0222));
#12022=CARTESIAN_POINT('',(-0.0460526650393752,0.0209363232478514,0.0222));
#12023=CARTESIAN_POINT('',(-0.0458652666788827,0.0209363232478514,0.0222));
#12024=CARTESIAN_POINT('',(-0.0458652666788827,0.0209363232478514,0.0222));
#12025=CARTESIAN_POINT('',(-0.0460526650393752,0.0209363232478514,0.0222));
#12026=CARTESIAN_POINT('',(-0.0458652666788827,0.0220454467419272,0.0222));
#12027=CARTESIAN_POINT('',(-0.0458652666788827,0.0231545702360031,0.0222));
#12028=CARTESIAN_POINT('',(-0.0458655174863263,0.0231545720435454,0.0222));
#12029=CARTESIAN_POINT('',(-0.0458652666788827,0.0220454467419272,0.0222));
#12030=CARTESIAN_POINT('',(-0.0556865389359445,0.0232253510889945,0.0222));
#12031=CARTESIAN_POINT('',(-0.0556865389359445,0.0232253510889945,0.0222));
#12032=CARTESIAN_POINT('',(-0.035336010574676,0.0221931616239257,0.0222));
#12033=CARTESIAN_POINT('',(-0.0271575009894052,0.0317195586219386,0.0222));
#12034=CARTESIAN_POINT('',(-0.0275055099864062,0.0317195586219386,0.0222));
#12035=CARTESIAN_POINT('',(-0.0275055099864062,0.0317195586219386,0.0222));
#12036=CARTESIAN_POINT('',(-0.0271575009894052,0.0317195586219386,0.0222));
#12037=CARTESIAN_POINT('',(-0.0268094919924042,0.0317195586219386,0.0222));
#12038=CARTESIAN_POINT('',(-0.0268094919924042,0.0317195586219386,0.0222));
#12039=CARTESIAN_POINT('',(-0.0266420478071326,0.0295677758828515,0.0222));
#12040=CARTESIAN_POINT('',(-0.025778585627859,0.0274159931437646,0.0222));
#12041=CARTESIAN_POINT('',(-0.025778585627859,0.0274159931437646,0.0222));
#12042=CARTESIAN_POINT('',(-0.0266420478071326,0.0295677758828515,0.0222));
#12043=CARTESIAN_POINT('',(-0.0258979208494519,0.0271117195682897,0.0222));
#12044=CARTESIAN_POINT('',(-0.0260172560710446,0.0268074459928149,0.0222));
#12045=CARTESIAN_POINT('',(-0.0260172560710446,0.0268074459928149,0.0222));
#12046=CARTESIAN_POINT('',(-0.0258979208494519,0.0271117195682897,0.0222));
#12047=CARTESIAN_POINT('',(-0.0269706882603149,0.0260576959095094,0.0222));
#12048=CARTESIAN_POINT('',(-0.0269706882603149,0.0260576959095094,0.0232));
#12049=CARTESIAN_POINT('',(-0.0265250034885721,0.0260576959095094,0.0222));
#12050=CARTESIAN_POINT('',(-0.0265250034885721,0.0260576959095094,0.0232));
#12051=CARTESIAN_POINT('',(-0.0262071927588154,0.0263076126039445,0.0222));
#12052=CARTESIAN_POINT('',(-0.0262071927588154,0.0263076126039445,0.0232));
#12053=CARTESIAN_POINT('',(-0.0260172560710446,0.0268074459928149,0.0222));
#12054=CARTESIAN_POINT('',(-0.0260172560710446,0.0268074459928149,0.0232));
#12055=CARTESIAN_POINT('',(-0.0269706882603149,0.0260576959095094,0.0222));
#12056=CARTESIAN_POINT('',(-0.0269706882603149,0.0260576959095094,0.0222));
#12057=CARTESIAN_POINT('',(-0.0269706882603149,0.0260576959095094,0.0222));
#12058=CARTESIAN_POINT('',(-0.0263021611027007,0.0260576959095094,0.0222));
#12059=CARTESIAN_POINT('',(-0.0260172560710446,0.0268074459928149,0.0222));
#12060=CARTESIAN_POINT('',(-0.0269954263335132,0.0283541473042156,0.0222000000000001));
#12061=CARTESIAN_POINT('',(-0.0274505283136304,0.0261035091698814,0.0222));
#12062=CARTESIAN_POINT('',(-0.0274505283136304,0.0261035091698814,0.0222));
#12063=CARTESIAN_POINT('',(-0.0269954263335132,0.0283541473042156,0.0222));
#12064=CARTESIAN_POINT('',(-0.0274505283136304,0.0258446419275033,0.0222));
#12065=CARTESIAN_POINT('',(-0.0274505283136304,0.0255853533570268,0.0222));
#12066=CARTESIAN_POINT('',(-0.0274505283136304,0.0255853532118029,0.0222));
#12067=CARTESIAN_POINT('',(-0.0274505283136304,0.0258446419275033,0.0222));
#12068=CARTESIAN_POINT('',(-0.0268660684540242,0.0280834800118463,0.0222));
#12069=CARTESIAN_POINT('',(-0.02686447366518,0.0255178758495293,0.0222));
#12070=CARTESIAN_POINT('',(-0.02686447366518,0.0255178758495293,0.0222));
#12071=CARTESIAN_POINT('',(-0.0268660684540242,0.0280834800118463,0.0222));
#12072=CARTESIAN_POINT('',(-0.0259685223156298,0.025820899841532,0.0222));
#12073=CARTESIAN_POINT('',(-0.0259685223156298,0.025820899841532,0.0232));
#12074=CARTESIAN_POINT('',(-0.02621177456488,0.0256188838468636,0.0222));
#12075=CARTESIAN_POINT('',(-0.02621177456488,0.0256188838468636,0.0232));
#12076=CARTESIAN_POINT('',(-0.0265104250147301,0.0255178758495293,0.0222));
#12077=CARTESIAN_POINT('',(-0.0265104250147301,0.0255178758495293,0.0232));
#12078=CARTESIAN_POINT('',(-0.02686447366518,0.0255178758495293,0.0222));
#12079=CARTESIAN_POINT('',(-0.02686447366518,0.0255178758495293,0.0232));
#12080=CARTESIAN_POINT('',(-0.0259685223156298,0.025820899841532,0.0222));
#12081=CARTESIAN_POINT('',(-0.0259685223156298,0.025820899841532,0.0222));
#12082=CARTESIAN_POINT('',(-0.0259685223156298,0.025820899841532,0.0222));
#12083=CARTESIAN_POINT('',(-0.0263334006895052,0.0255178758495293,0.0222));
#12084=CARTESIAN_POINT('',(-0.02686447366518,0.0255178758495293,0.0222));
#12085=CARTESIAN_POINT('',(-0.0253299851613479,0.0268461830804523,0.0222));
#12086=CARTESIAN_POINT('',(-0.0253299851613479,0.0268461830804523,0.0232));
#12087=CARTESIAN_POINT('',(-0.0255124243482856,0.0263646769158405,0.0222));
#12088=CARTESIAN_POINT('',(-0.0255124243482856,0.0263646769158405,0.0232));
#12089=CARTESIAN_POINT('',(-0.0257252700663795,0.0260229158362004,0.0222));
#12090=CARTESIAN_POINT('',(-0.0257252700663795,0.0260229158362004,0.0232));
#12091=CARTESIAN_POINT('',(-0.0259685223156298,0.025820899841532,0.0222));
#12092=CARTESIAN_POINT('',(-0.0259685223156298,0.025820899841532,0.0232));
#12093=CARTESIAN_POINT('',(-0.0253299851613479,0.0268461830804523,0.0222));
#12094=CARTESIAN_POINT('',(-0.0253299851613479,0.0268461830804523,0.0222));
#12095=CARTESIAN_POINT('',(-0.0253299851613479,0.0268461830804523,0.0222));
#12096=CARTESIAN_POINT('',(-0.0256036439417544,0.0261239238335347,0.0222));
#12097=CARTESIAN_POINT('',(-0.0259685223156298,0.025820899841532,0.0222));
#12098=CARTESIAN_POINT('',(-0.0244102917258264,0.0292828708511954,0.0222));
#12099=CARTESIAN_POINT('',(-0.0234905982903049,0.0317195586219386,0.0222));
#12100=CARTESIAN_POINT('',(-0.0234905982903049,0.0317195586219386,0.0222));
#12101=CARTESIAN_POINT('',(-0.0244102917258264,0.0292828708511954,0.0222));
#12102=CARTESIAN_POINT('',(-0.0238379824955698,0.0317195586219386,0.0222));
#12103=CARTESIAN_POINT('',(-0.0241853667008347,0.0317195586219386,0.0222));
#12104=CARTESIAN_POINT('',(-0.0241853667008347,0.0317195586219386,0.0222));
#12105=CARTESIAN_POINT('',(-0.0238379824955698,0.0317195586219386,0.0222));
#12106=CARTESIAN_POINT('',(-0.0252462630687121,0.028754297042465,0.0222));
#12107=CARTESIAN_POINT('',(-0.0252462630687121,0.028754297042465,0.0232));
#12108=CARTESIAN_POINT('',(-0.0251379658344568,0.0290758565226383,0.0222));
#12109=CARTESIAN_POINT('',(-0.0251379658344568,0.0290758565226383,0.0232));
#12110=CARTESIAN_POINT('',(-0.024784333711831,0.0300642770491295,0.0222));
#12111=CARTESIAN_POINT('',(-0.024784333711831,0.0300642770491295,0.0232));
#12112=CARTESIAN_POINT('',(-0.0241853667008347,0.0317195586219386,0.0222));
#12113=CARTESIAN_POINT('',(-0.0241853667008347,0.0317195586219386,0.0232));
#12114=CARTESIAN_POINT('',(-0.0252462630687121,0.028754297042465,0.0222));
#12115=CARTESIAN_POINT('',(-0.0252462630687121,0.028754297042465,0.0222));
#12116=CARTESIAN_POINT('',(-0.0252462630687121,0.028754297042465,0.0222));
#12117=CARTESIAN_POINT('',(-0.0250838172173292,0.0292366362627249,0.0222));
#12118=CARTESIAN_POINT('',(-0.0241853667008347,0.0317195586219386,0.0222));
#12119=CARTESIAN_POINT('',(-0.0145969888160447,0.0250368833354439,0.0222));
#12120=CARTESIAN_POINT('',(-0.025458692258982,0.028072024466657,0.0222));
#12121=CARTESIAN_POINT('',(-0.0254591606368892,0.0280721553478819,0.02220000025));
#12122=CARTESIAN_POINT('',(-0.0145969888160447,0.0250368833354439,0.0222));
#12123=CARTESIAN_POINT('',(-0.0254743120523842,0.028072024466657,0.0222));
#12124=CARTESIAN_POINT('',(-0.0254899318457864,0.028072024466657,0.0222));
#12125=CARTESIAN_POINT('',(-0.0254899318457864,0.028072024466657,0.0222));
#12126=CARTESIAN_POINT('',(-0.0254743120523842,0.028072024466657,0.0222));
#12127=CARTESIAN_POINT('',(-0.0258723043882722,0.0292791221007789,0.0222));
#12128=CARTESIAN_POINT('',(-0.0258723043882722,0.0292791221007789,0.0232));
#12129=CARTESIAN_POINT('',(-0.0256673726988354,0.0287218078721884,0.0222));
#12130=CARTESIAN_POINT('',(-0.0256673726988354,0.0287218078721884,0.0232));
#12131=CARTESIAN_POINT('',(-0.0255399151846734,0.0283194419941478,0.0222));
#12132=CARTESIAN_POINT('',(-0.0255399151846734,0.0283194419941478,0.0232));
#12133=CARTESIAN_POINT('',(-0.0254899318457864,0.028072024466657,0.0222));
#12134=CARTESIAN_POINT('',(-0.0254899318457864,0.028072024466657,0.0232));
#12135=CARTESIAN_POINT('',(-0.0258723043882722,0.0292791221007789,0.0222));
#12136=CARTESIAN_POINT('',(-0.0258723043882722,0.0292791221007789,0.0222));
#12137=CARTESIAN_POINT('',(-0.0258723043882722,0.0292791221007789,0.0222));
#12138=CARTESIAN_POINT('',(-0.0255649068541169,0.0284431507578932,0.0222));
#12139=CARTESIAN_POINT('',(-0.0254899318457864,0.028072024466657,0.0222));
#12140=CARTESIAN_POINT('',(-0.0263408981903382,0.0304993403613587,0.0222));
#12141=CARTESIAN_POINT('',(-0.0263408981903382,0.0304993403613587,0.0222));
#12142=CARTESIAN_POINT('',(-0.035336010574676,0.0221931616239257,0.0222));
#12143=CARTESIAN_POINT('',(-0.0339875,0.0198375,0.0232));
#12144=CARTESIAN_POINT('',(-0.0339875,0.0198375,0.0232));
#12145=CARTESIAN_POINT('',(-0.0339875,0.0198375,0.0232));
#12146=CARTESIAN_POINT('',(-0.0339875,0.0198375,0.0232));
#12147=CARTESIAN_POINT('',(-0.0339875,0.0198375,0.0232));
#12148=MECHANICAL_DESIGN_GEOMETRIC_PRESENTATION_REPRESENTATION('',(#6889),
#12149);
#12149=(
GEOMETRIC_REPRESENTATION_CONTEXT(3)
GLOBAL_UNCERTAINTY_ASSIGNED_CONTEXT((#12150))
GLOBAL_UNIT_ASSIGNED_CONTEXT((#12153,#12152,#12151))
REPRESENTATION_CONTEXT('plate','TOP_LEVEL_ASSEMBLY_PART')
);
#12150=UNCERTAINTY_MEASURE_WITH_UNIT(LENGTH_MEASURE(2.32344415196367E-5),
#12153,'DISTANCE_ACCURACY_VALUE','Maximum Tolerance applied to model');
#12151=(
NAMED_UNIT(*)
SI_UNIT($,.STERADIAN.)
SOLID_ANGLE_UNIT()
);
#12152=(
NAMED_UNIT(*)
PLANE_ANGLE_UNIT()
SI_UNIT($,.RADIAN.)
);
#12153=(
LENGTH_UNIT()
NAMED_UNIT(*)
SI_UNIT($,.METRE.)
);
#12154=PRODUCT_DEFINITION_SHAPE('','',#12155);
#12155=PRODUCT_DEFINITION('','',#12157,#12156);
#12156=PRODUCT_DEFINITION_CONTEXT('',#12163,'design');
#12157=PRODUCT_DEFINITION_FORMATION_WITH_SPECIFIED_SOURCE('','',#12159,
 .NOT_KNOWN.);
#12158=PRODUCT_RELATED_PRODUCT_CATEGORY('','',(#12159));
#12159=PRODUCT('plate','plate','plate',(#12161));
#12160=PRODUCT_CATEGORY('','');
#12161=PRODUCT_CONTEXT('',#12163,'mechanical');
#12162=APPLICATION_PROTOCOL_DEFINITION('international standard',
'ap242_managed_model_based_3d_engineering',2020,#12163);
#12163=APPLICATION_CONTEXT('managed model based 3d engineering');
ENDSEC;
END-ISO-10303-21;
